2025-03-29T00:00:04.874+01:00  INFO 43113 --- [users-service] [SpringApplicationShutdownHook] o.s.b.w.e.tomcat.GracefulShutdown        : Commencing graceful shutdown. Waiting for active requests to complete
2025-03-29T00:00:04.886+01:00  INFO 43113 --- [users-service] [tomcat-shutdown] o.s.b.w.e.tomcat.GracefulShutdown        : Graceful shutdown complete
2025-03-29T00:00:04.904+01:00  INFO 43113 --- [users-service] [SpringApplicationShutdownHook] o.a.k.clients.producer.KafkaProducer     : [Producer clientId=users-service-producer-1] Closing the Kafka producer with timeoutMillis = 30000 ms.
2025-03-29T00:00:04.909+01:00  INFO 43113 --- [users-service] [SpringApplicationShutdownHook] o.apache.kafka.common.metrics.Metrics    : Metrics scheduler closed
2025-03-29T00:00:04.909+01:00  INFO 43113 --- [users-service] [SpringApplicationShutdownHook] o.apache.kafka.common.metrics.Metrics    : Closing reporter org.apache.kafka.common.metrics.JmxReporter
2025-03-29T00:00:04.909+01:00  INFO 43113 --- [users-service] [SpringApplicationShutdownHook] o.apache.kafka.common.metrics.Metrics    : Closing reporter org.apache.kafka.common.telemetry.internals.ClientTelemetryReporter
2025-03-29T00:00:04.909+01:00  INFO 43113 --- [users-service] [SpringApplicationShutdownHook] o.apache.kafka.common.metrics.Metrics    : Metrics reporters closed
2025-03-29T00:00:04.910+01:00  INFO 43113 --- [users-service] [SpringApplicationShutdownHook] o.a.kafka.common.utils.AppInfoParser     : App info kafka.producer for users-service-producer-1 unregistered
2025-03-29T00:00:04.915+01:00  WARN 43113 --- [users-service] [SpringApplicationShutdownHook] o.s.b.f.support.DisposableBeanAdapter    : Invocation of destroy method failed on bean with name 'inMemoryDatabaseShutdownExecutor': org.h2.jdbc.JdbcSQLNonTransientConnectionException: Database is already closed (to disable automatic closing at VM shutdown, add ";DB_CLOSE_ON_EXIT=FALSE" to the db URL) [90121-232]
2025-03-29T00:00:04.926+01:00  INFO 43113 --- [users-service] [SpringApplicationShutdownHook] com.zaxxer.hikari.HikariDataSource       : HikariPool-1 - Shutdown initiated...
2025-03-29T00:00:04.926+01:00 DEBUG 43113 --- [users-service] [SpringApplicationShutdownHook] com.zaxxer.hikari.pool.HikariPool        : HikariPool-1 - Before shutdown stats (total=10, active=0, idle=10, waiting=0)
2025-03-29T00:00:04.927+01:00 DEBUG 43113 --- [users-service] [HikariPool-1 connection closer] com.zaxxer.hikari.pool.PoolBase          : HikariPool-1 - Closing connection conn0: url=jdbc:h2:mem:mydb user=SA: (connection evicted)
2025-03-29T00:00:04.927+01:00 DEBUG 43113 --- [users-service] [HikariPool-1 connection closer] com.zaxxer.hikari.pool.PoolBase          : HikariPool-1 - Closing connection conn1: url=jdbc:h2:mem:mydb user=SA: (connection evicted)
2025-03-29T00:00:04.927+01:00 DEBUG 43113 --- [users-service] [HikariPool-1 connection closer] com.zaxxer.hikari.pool.PoolBase          : HikariPool-1 - Closing connection conn2: url=jdbc:h2:mem:mydb user=SA: (connection evicted)
2025-03-29T00:00:04.928+01:00 DEBUG 43113 --- [users-service] [HikariPool-1 connection closer] com.zaxxer.hikari.pool.PoolBase          : HikariPool-1 - Closing connection conn3: url=jdbc:h2:mem:mydb user=SA: (connection evicted)
2025-03-29T00:00:04.928+01:00 DEBUG 43113 --- [users-service] [HikariPool-1 connection closer] com.zaxxer.hikari.pool.PoolBase          : HikariPool-1 - Closing connection conn4: url=jdbc:h2:mem:mydb user=SA: (connection evicted)
2025-03-29T00:00:04.928+01:00 DEBUG 43113 --- [users-service] [HikariPool-1 connection closer] com.zaxxer.hikari.pool.PoolBase          : HikariPool-1 - Closing connection conn5: url=jdbc:h2:mem:mydb user=SA: (connection evicted)
2025-03-29T00:00:04.928+01:00 DEBUG 43113 --- [users-service] [HikariPool-1 connection closer] com.zaxxer.hikari.pool.PoolBase          : HikariPool-1 - Closing connection conn6: url=jdbc:h2:mem:mydb user=SA: (connection evicted)
2025-03-29T00:00:04.928+01:00 DEBUG 43113 --- [users-service] [HikariPool-1 connection closer] com.zaxxer.hikari.pool.PoolBase          : HikariPool-1 - Closing connection conn7: url=jdbc:h2:mem:mydb user=SA: (connection evicted)
2025-03-29T00:00:04.928+01:00 DEBUG 43113 --- [users-service] [HikariPool-1 connection closer] com.zaxxer.hikari.pool.PoolBase          : HikariPool-1 - Closing connection conn8: url=jdbc:h2:mem:mydb user=SA: (connection evicted)
2025-03-29T00:00:04.929+01:00 DEBUG 43113 --- [users-service] [HikariPool-1 connection closer] com.zaxxer.hikari.pool.PoolBase          : HikariPool-1 - Closing connection conn9: url=jdbc:h2:mem:mydb user=SA: (connection evicted)
2025-03-29T00:00:04.930+01:00 DEBUG 43113 --- [users-service] [SpringApplicationShutdownHook] com.zaxxer.hikari.pool.HikariPool        : HikariPool-1 - After shutdown stats (total=0, active=0, idle=0, waiting=0)
2025-03-29T00:00:04.930+01:00  INFO 43113 --- [users-service] [SpringApplicationShutdownHook] com.zaxxer.hikari.HikariDataSource       : HikariPool-1 - Shutdown completed.
2025-03-29T00:00:12.909+01:00  INFO 44409 --- [users-service] [restartedMain] o.m.o.u.UsersServiceApplication          : Starting UsersServiceApplication using Java 21.0.6 with PID 44409 (/Users/kingsleygodwin/one-mersitem-app/users-service/target/classes started by kingsleygodwin in /Users/kingsleygodwin/one-mersitem-app/users-service)
2025-03-29T00:00:12.910+01:00  INFO 44409 --- [users-service] [restartedMain] o.m.o.u.UsersServiceApplication          : No active profile set, falling back to 1 default profile: "default"
2025-03-29T00:00:12.931+01:00  INFO 44409 --- [users-service] [restartedMain] o.s.c.c.c.ConfigServerConfigDataLoader   : Fetching config from server at : http://localhost:20000/config
2025-03-29T00:00:12.931+01:00  INFO 44409 --- [users-service] [restartedMain] o.s.c.c.c.ConfigServerConfigDataLoader   : Located environment: name=users-service, profiles=[local], label=dev, version=98ef23b254b1a1a6e3d08c6d69e16d0839d190b0, state=
2025-03-29T00:00:12.933+01:00  INFO 44409 --- [users-service] [restartedMain] .e.DevToolsPropertyDefaultsPostProcessor : Devtools property defaults active! Set 'spring.devtools.add-properties' to 'false' to disable
2025-03-29T00:00:12.933+01:00  INFO 44409 --- [users-service] [restartedMain] .e.DevToolsPropertyDefaultsPostProcessor : For additional web related logging consider setting the 'logging.level.web' property to 'DEBUG'
2025-03-29T00:00:13.304+01:00  INFO 44409 --- [users-service] [restartedMain] .s.d.r.c.RepositoryConfigurationDelegate : Multiple Spring Data modules found, entering strict repository configuration mode
2025-03-29T00:00:13.304+01:00  INFO 44409 --- [users-service] [restartedMain] .s.d.r.c.RepositoryConfigurationDelegate : Bootstrapping Spring Data JDBC repositories in DEFAULT mode.
2025-03-29T00:00:13.315+01:00  INFO 44409 --- [users-service] [restartedMain] .RepositoryConfigurationExtensionSupport : Spring Data JDBC - Could not safely identify store assignment for repository candidate interface org.meristem.oneapp.usersservice.repositories.FeatureTypeRepository; If you want this repository to be a JDBC repository, consider annotating your entities with one of these annotations: org.springframework.data.relational.core.mapping.Table.
2025-03-29T00:00:13.355+01:00  INFO 44409 --- [users-service] [restartedMain] .s.d.r.c.RepositoryConfigurationDelegate : Finished Spring Data repository scanning in 48 ms. Found 3 JDBC repository interfaces.
2025-03-29T00:00:13.360+01:00  INFO 44409 --- [users-service] [restartedMain] .s.d.r.c.RepositoryConfigurationDelegate : Multiple Spring Data modules found, entering strict repository configuration mode
2025-03-29T00:00:13.361+01:00  INFO 44409 --- [users-service] [restartedMain] .s.d.r.c.RepositoryConfigurationDelegate : Bootstrapping Spring Data Redis repositories in DEFAULT mode.
2025-03-29T00:00:13.365+01:00  INFO 44409 --- [users-service] [restartedMain] .RepositoryConfigurationExtensionSupport : Spring Data Redis - Could not safely identify store assignment for repository candidate interface org.meristem.oneapp.usersservice.repositories.FeatureTypeRepository; If you want this repository to be a Redis repository, consider annotating your entities with one of these annotations: org.springframework.data.redis.core.RedisHash (preferred), or consider extending one of the following types with your repository: org.springframework.data.keyvalue.repository.KeyValueRepository
2025-03-29T00:00:13.366+01:00  INFO 44409 --- [users-service] [restartedMain] .RepositoryConfigurationExtensionSupport : Spring Data Redis - Could not safely identify store assignment for repository candidate interface org.meristem.oneapp.usersservice.repositories.OtpVerificationRepository; If you want this repository to be a Redis repository, consider annotating your entities with one of these annotations: org.springframework.data.redis.core.RedisHash (preferred), or consider extending one of the following types with your repository: org.springframework.data.keyvalue.repository.KeyValueRepository
2025-03-29T00:00:13.366+01:00  INFO 44409 --- [users-service] [restartedMain] .RepositoryConfigurationExtensionSupport : Spring Data Redis - Could not safely identify store assignment for repository candidate interface org.meristem.oneapp.usersservice.repositories.RequirementsRepository; If you want this repository to be a Redis repository, consider annotating your entities with one of these annotations: org.springframework.data.redis.core.RedisHash (preferred), or consider extending one of the following types with your repository: org.springframework.data.keyvalue.repository.KeyValueRepository
2025-03-29T00:00:13.366+01:00  INFO 44409 --- [users-service] [restartedMain] .RepositoryConfigurationExtensionSupport : Spring Data Redis - Could not safely identify store assignment for repository candidate interface org.meristem.oneapp.usersservice.repositories.UsersRepository; If you want this repository to be a Redis repository, consider annotating your entities with one of these annotations: org.springframework.data.redis.core.RedisHash (preferred), or consider extending one of the following types with your repository: org.springframework.data.keyvalue.repository.KeyValueRepository
2025-03-29T00:00:13.366+01:00  INFO 44409 --- [users-service] [restartedMain] .s.d.r.c.RepositoryConfigurationDelegate : Finished Spring Data repository scanning in 2 ms. Found 0 Redis repository interfaces.
2025-03-29T00:00:13.442+01:00  INFO 44409 --- [users-service] [restartedMain] o.s.cloud.context.scope.GenericScope     : BeanFactory id=d6ec3857-a403-3e6e-b928-937e8f3a93d9
2025-03-29T00:00:13.617+01:00  INFO 44409 --- [users-service] [restartedMain] o.s.b.w.embedded.tomcat.TomcatWebServer  : Tomcat initialized with port 20020 (http)
2025-03-29T00:00:13.623+01:00  INFO 44409 --- [users-service] [restartedMain] o.apache.catalina.core.StandardService   : Starting service [Tomcat]
2025-03-29T00:00:13.623+01:00  INFO 44409 --- [users-service] [restartedMain] o.apache.catalina.core.StandardEngine    : Starting Servlet engine: [Apache Tomcat/10.1.39]
2025-03-29T00:00:13.638+01:00  INFO 44409 --- [users-service] [restartedMain] o.a.c.c.C.[.[localhost].[/api/users]     : Initializing Spring embedded WebApplicationContext
2025-03-29T00:00:13.638+01:00  INFO 44409 --- [users-service] [restartedMain] w.s.c.ServletWebServerApplicationContext : Root WebApplicationContext: initialization completed in 705 ms
2025-03-29T00:00:13.686+01:00 DEBUG 44409 --- [users-service] [restartedMain] o.s.w.f.ServerHttpObservationFilter      : Filter 'webMvcObservationFilter' configured for use
2025-03-29T00:00:13.695+01:00 DEBUG 44409 --- [users-service] [restartedMain] com.zaxxer.hikari.HikariConfig           : Driver class org.h2.Driver found in Thread context class loader org.springframework.boot.devtools.restart.classloader.RestartClassLoader@7c80f763
2025-03-29T00:00:13.766+01:00 DEBUG 44409 --- [users-service] [restartedMain] com.zaxxer.hikari.HikariConfig           : HikariPool-1 - configuration:
2025-03-29T00:00:13.767+01:00 DEBUG 44409 --- [users-service] [restartedMain] com.zaxxer.hikari.HikariConfig           : allowPoolSuspension.............false
2025-03-29T00:00:13.767+01:00 DEBUG 44409 --- [users-service] [restartedMain] com.zaxxer.hikari.HikariConfig           : autoCommit......................true
2025-03-29T00:00:13.767+01:00 DEBUG 44409 --- [users-service] [restartedMain] com.zaxxer.hikari.HikariConfig           : catalog.........................none
2025-03-29T00:00:13.767+01:00 DEBUG 44409 --- [users-service] [restartedMain] com.zaxxer.hikari.HikariConfig           : connectionInitSql...............none
2025-03-29T00:00:13.768+01:00 DEBUG 44409 --- [users-service] [restartedMain] com.zaxxer.hikari.HikariConfig           : connectionTestQuery.............none
2025-03-29T00:00:13.768+01:00 DEBUG 44409 --- [users-service] [restartedMain] com.zaxxer.hikari.HikariConfig           : connectionTimeout...............30000
2025-03-29T00:00:13.768+01:00 DEBUG 44409 --- [users-service] [restartedMain] com.zaxxer.hikari.HikariConfig           : dataSource......................none
2025-03-29T00:00:13.768+01:00 DEBUG 44409 --- [users-service] [restartedMain] com.zaxxer.hikari.HikariConfig           : dataSourceClassName.............none
2025-03-29T00:00:13.768+01:00 DEBUG 44409 --- [users-service] [restartedMain] com.zaxxer.hikari.HikariConfig           : dataSourceJNDI..................none
2025-03-29T00:00:13.768+01:00 DEBUG 44409 --- [users-service] [restartedMain] com.zaxxer.hikari.HikariConfig           : dataSourceProperties............{password=<masked>, logUnclosedConnections=true}
2025-03-29T00:00:13.768+01:00 DEBUG 44409 --- [users-service] [restartedMain] com.zaxxer.hikari.HikariConfig           : driverClassName................."org.h2.Driver"
2025-03-29T00:00:13.768+01:00 DEBUG 44409 --- [users-service] [restartedMain] com.zaxxer.hikari.HikariConfig           : exceptionOverrideClassName......none
2025-03-29T00:00:13.768+01:00 DEBUG 44409 --- [users-service] [restartedMain] com.zaxxer.hikari.HikariConfig           : healthCheckProperties...........{}
2025-03-29T00:00:13.769+01:00 DEBUG 44409 --- [users-service] [restartedMain] com.zaxxer.hikari.HikariConfig           : healthCheckRegistry.............none
2025-03-29T00:00:13.769+01:00 DEBUG 44409 --- [users-service] [restartedMain] com.zaxxer.hikari.HikariConfig           : idleTimeout.....................600000
2025-03-29T00:00:13.769+01:00 DEBUG 44409 --- [users-service] [restartedMain] com.zaxxer.hikari.HikariConfig           : initializationFailTimeout.......1
2025-03-29T00:00:13.769+01:00 DEBUG 44409 --- [users-service] [restartedMain] com.zaxxer.hikari.HikariConfig           : isolateInternalQueries..........false
2025-03-29T00:00:13.770+01:00 DEBUG 44409 --- [users-service] [restartedMain] com.zaxxer.hikari.HikariConfig           : jdbcUrl.........................jdbc:h2:mem:mydb;DATABASE_TO_UPPER=FALSE;CASE_INSENSITIVE_IDENTIFIERS=TRUE
2025-03-29T00:00:13.770+01:00 DEBUG 44409 --- [users-service] [restartedMain] com.zaxxer.hikari.HikariConfig           : keepaliveTime...................0
2025-03-29T00:00:13.770+01:00 DEBUG 44409 --- [users-service] [restartedMain] com.zaxxer.hikari.HikariConfig           : leakDetectionThreshold..........0
2025-03-29T00:00:13.770+01:00 DEBUG 44409 --- [users-service] [restartedMain] com.zaxxer.hikari.HikariConfig           : maxLifetime.....................1800000
2025-03-29T00:00:13.770+01:00 DEBUG 44409 --- [users-service] [restartedMain] com.zaxxer.hikari.HikariConfig           : maximumPoolSize.................10
2025-03-29T00:00:13.771+01:00 DEBUG 44409 --- [users-service] [restartedMain] com.zaxxer.hikari.HikariConfig           : metricRegistry..................none
2025-03-29T00:00:13.771+01:00 DEBUG 44409 --- [users-service] [restartedMain] com.zaxxer.hikari.HikariConfig           : metricsTrackerFactory...........none
2025-03-29T00:00:13.771+01:00 DEBUG 44409 --- [users-service] [restartedMain] com.zaxxer.hikari.HikariConfig           : minimumIdle.....................10
2025-03-29T00:00:13.771+01:00 DEBUG 44409 --- [users-service] [restartedMain] com.zaxxer.hikari.HikariConfig           : password........................<masked>
2025-03-29T00:00:13.772+01:00 DEBUG 44409 --- [users-service] [restartedMain] com.zaxxer.hikari.HikariConfig           : poolName........................"HikariPool-1"
2025-03-29T00:00:13.772+01:00 DEBUG 44409 --- [users-service] [restartedMain] com.zaxxer.hikari.HikariConfig           : readOnly........................false
2025-03-29T00:00:13.772+01:00 DEBUG 44409 --- [users-service] [restartedMain] com.zaxxer.hikari.HikariConfig           : registerMbeans..................false
2025-03-29T00:00:13.772+01:00 DEBUG 44409 --- [users-service] [restartedMain] com.zaxxer.hikari.HikariConfig           : scheduledExecutor...............none
2025-03-29T00:00:13.772+01:00 DEBUG 44409 --- [users-service] [restartedMain] com.zaxxer.hikari.HikariConfig           : schema..........................none
2025-03-29T00:00:13.773+01:00 DEBUG 44409 --- [users-service] [restartedMain] com.zaxxer.hikari.HikariConfig           : threadFactory...................internal
2025-03-29T00:00:13.773+01:00 DEBUG 44409 --- [users-service] [restartedMain] com.zaxxer.hikari.HikariConfig           : transactionIsolation............default
2025-03-29T00:00:13.773+01:00 DEBUG 44409 --- [users-service] [restartedMain] com.zaxxer.hikari.HikariConfig           : username........................"sa"
2025-03-29T00:00:13.773+01:00 DEBUG 44409 --- [users-service] [restartedMain] com.zaxxer.hikari.HikariConfig           : validationTimeout...............5000
2025-03-29T00:00:13.774+01:00  INFO 44409 --- [users-service] [restartedMain] com.zaxxer.hikari.HikariDataSource       : HikariPool-1 - Starting...
2025-03-29T00:00:13.842+01:00  INFO 44409 --- [users-service] [restartedMain] com.zaxxer.hikari.pool.HikariPool        : HikariPool-1 - Added connection conn0: url=jdbc:h2:mem:mydb user=SA
2025-03-29T00:00:13.843+01:00  INFO 44409 --- [users-service] [restartedMain] com.zaxxer.hikari.HikariDataSource       : HikariPool-1 - Start completed.
2025-03-29T00:00:13.859+01:00  INFO 44409 --- [users-service] [restartedMain] org.flywaydb.core.FlywayExecutor         : Database: jdbc:h2:mem:mydb (H2 2.3)
2025-03-29T00:00:13.861+01:00  WARN 44409 --- [users-service] [restartedMain] o.f.c.internal.database.base.Database    : Flyway upgrade recommended: H2 2.3.232 is newer than this version of Flyway and support has not been tested. The latest supported version of H2 is 2.2.224.
2025-03-29T00:00:13.868+01:00  INFO 44409 --- [users-service] [restartedMain] o.f.c.i.s.JdbcTableSchemaHistory         : Schema history table "PUBLIC"."flyway_schema_history" does not exist yet
2025-03-29T00:00:13.869+01:00  INFO 44409 --- [users-service] [restartedMain] o.f.core.internal.command.DbValidate     : Successfully validated 1 migration (execution time 00:00.004s)
2025-03-29T00:00:13.872+01:00  INFO 44409 --- [users-service] [restartedMain] o.f.c.i.s.JdbcTableSchemaHistory         : Creating Schema History table "PUBLIC"."flyway_schema_history" ...
2025-03-29T00:00:13.879+01:00 DEBUG 44409 --- [users-service] [HikariPool-1 connection adder] com.zaxxer.hikari.pool.HikariPool        : HikariPool-1 - Added connection conn1: url=jdbc:h2:mem:mydb user=SA
2025-03-29T00:00:13.882+01:00  INFO 44409 --- [users-service] [restartedMain] o.f.core.internal.command.DbMigrate      : Current version of schema "PUBLIC": << Empty Schema >>
2025-03-29T00:00:13.888+01:00  INFO 44409 --- [users-service] [restartedMain] o.f.core.internal.command.DbMigrate      : Migrating schema "PUBLIC" to version "1 - DB INIT H2"
2025-03-29T00:00:13.907+01:00  INFO 44409 --- [users-service] [restartedMain] o.f.core.internal.command.DbMigrate      : Successfully applied 1 migration to schema "PUBLIC", now at version v1 (execution time 00:00.016s)
2025-03-29T00:00:13.914+01:00 DEBUG 44409 --- [users-service] [HikariPool-1 connection adder] com.zaxxer.hikari.pool.HikariPool        : HikariPool-1 - Connection not added, stats (total=2, active=0, idle=2, waiting=0)
2025-03-29T00:00:13.918+01:00 DEBUG 44409 --- [users-service] [restartedMain] o.s.jdbc.datasource.DataSourceUtils      : Fetching JDBC Connection from DataSource
2025-03-29T00:00:13.944+01:00 DEBUG 44409 --- [users-service] [HikariPool-1 housekeeper] com.zaxxer.hikari.pool.HikariPool        : HikariPool-1 - Pool stats (total=2, active=0, idle=2, waiting=0)
2025-03-29T00:00:13.945+01:00 DEBUG 44409 --- [users-service] [HikariPool-1 connection adder] com.zaxxer.hikari.pool.HikariPool        : HikariPool-1 - Added connection conn2: url=jdbc:h2:mem:mydb user=SA
2025-03-29T00:00:13.949+01:00  WARN 44409 --- [users-service] [restartedMain] o.s.b.d.a.OptionalLiveReloadServer       : Unable to start LiveReload server
2025-03-29T00:00:13.980+01:00 DEBUG 44409 --- [users-service] [HikariPool-1 connection adder] com.zaxxer.hikari.pool.HikariPool        : HikariPool-1 - After adding stats (total=3, active=0, idle=3, waiting=0)
2025-03-29T00:00:13.980+01:00 DEBUG 44409 --- [users-service] [HikariPool-1 connection adder] com.zaxxer.hikari.pool.HikariPool        : HikariPool-1 - Added connection conn3: url=jdbc:h2:mem:mydb user=SA
2025-03-29T00:00:14.011+01:00 DEBUG 44409 --- [users-service] [HikariPool-1 connection adder] com.zaxxer.hikari.pool.HikariPool        : HikariPool-1 - After adding stats (total=4, active=0, idle=4, waiting=0)
2025-03-29T00:00:14.011+01:00 DEBUG 44409 --- [users-service] [HikariPool-1 connection adder] com.zaxxer.hikari.pool.HikariPool        : HikariPool-1 - Added connection conn4: url=jdbc:h2:mem:mydb user=SA
2025-03-29T00:00:14.046+01:00 DEBUG 44409 --- [users-service] [HikariPool-1 connection adder] com.zaxxer.hikari.pool.HikariPool        : HikariPool-1 - After adding stats (total=5, active=0, idle=5, waiting=0)
2025-03-29T00:00:14.047+01:00 DEBUG 44409 --- [users-service] [HikariPool-1 connection adder] com.zaxxer.hikari.pool.HikariPool        : HikariPool-1 - Added connection conn5: url=jdbc:h2:mem:mydb user=SA
2025-03-29T00:00:14.082+01:00 DEBUG 44409 --- [users-service] [HikariPool-1 connection adder] com.zaxxer.hikari.pool.HikariPool        : HikariPool-1 - After adding stats (total=6, active=0, idle=6, waiting=0)
2025-03-29T00:00:14.082+01:00 DEBUG 44409 --- [users-service] [HikariPool-1 connection adder] com.zaxxer.hikari.pool.HikariPool        : HikariPool-1 - Added connection conn6: url=jdbc:h2:mem:mydb user=SA
2025-03-29T00:00:14.105+01:00 DEBUG 44409 --- [users-service] [restartedMain] s.w.s.m.m.a.RequestMappingHandlerMapping : 9 mappings in 'requestMappingHandlerMapping'
2025-03-29T00:00:14.117+01:00 DEBUG 44409 --- [users-service] [HikariPool-1 connection adder] com.zaxxer.hikari.pool.HikariPool        : HikariPool-1 - After adding stats (total=7, active=0, idle=7, waiting=0)
2025-03-29T00:00:14.117+01:00 DEBUG 44409 --- [users-service] [HikariPool-1 connection adder] com.zaxxer.hikari.pool.HikariPool        : HikariPool-1 - Added connection conn7: url=jdbc:h2:mem:mydb user=SA
2025-03-29T00:00:14.123+01:00 DEBUG 44409 --- [users-service] [restartedMain] o.s.w.s.handler.SimpleUrlHandlerMapping  : Patterns [/webjars/**, /**, /swagger-ui*/*swagger-initializer.js, /swagger-ui*/**] in 'resourceHandlerMapping'
2025-03-29T00:00:14.135+01:00 DEBUG 44409 --- [users-service] [restartedMain] s.w.s.m.m.a.RequestMappingHandlerAdapter : ControllerAdvice beans: 0 @ModelAttribute, 0 @InitBinder, 1 RequestBodyAdvice, 1 ResponseBodyAdvice
2025-03-29T00:00:14.152+01:00 DEBUG 44409 --- [users-service] [HikariPool-1 connection adder] com.zaxxer.hikari.pool.HikariPool        : HikariPool-1 - After adding stats (total=8, active=0, idle=8, waiting=0)
2025-03-29T00:00:14.153+01:00 DEBUG 44409 --- [users-service] [HikariPool-1 connection adder] com.zaxxer.hikari.pool.HikariPool        : HikariPool-1 - Added connection conn8: url=jdbc:h2:mem:mydb user=SA
2025-03-29T00:00:14.154+01:00 DEBUG 44409 --- [users-service] [restartedMain] .m.m.a.ExceptionHandlerExceptionResolver : ControllerAdvice beans: 2 @ExceptionHandler, 1 ResponseBodyAdvice
2025-03-29T00:00:14.188+01:00 DEBUG 44409 --- [users-service] [HikariPool-1 connection adder] com.zaxxer.hikari.pool.HikariPool        : HikariPool-1 - After adding stats (total=9, active=0, idle=9, waiting=0)
2025-03-29T00:00:14.189+01:00 DEBUG 44409 --- [users-service] [HikariPool-1 connection adder] com.zaxxer.hikari.pool.HikariPool        : HikariPool-1 - Added connection conn9: url=jdbc:h2:mem:mydb user=SA
2025-03-29T00:00:14.221+01:00 DEBUG 44409 --- [users-service] [HikariPool-1 connection adder] com.zaxxer.hikari.pool.HikariPool        : HikariPool-1 - After adding stats (total=10, active=0, idle=10, waiting=0)
2025-03-29T00:00:14.370+01:00  INFO 44409 --- [users-service] [restartedMain] o.s.b.a.h2.H2ConsoleAutoConfiguration    : H2 console available at '/h2-console'. Database available at 'jdbc:h2:mem:mydb'
2025-03-29T00:00:14.401+01:00  INFO 44409 --- [users-service] [restartedMain] o.s.b.a.e.web.EndpointLinksResolver      : Exposing 2 endpoints beneath base path '/actuator'
2025-03-29T00:00:14.433+01:00  INFO 44409 --- [users-service] [restartedMain] o.s.b.w.embedded.tomcat.TomcatWebServer  : Tomcat started on port 20020 (http) with context path '/api/users'
2025-03-29T00:00:14.443+01:00  INFO 44409 --- [users-service] [restartedMain] o.m.o.u.UsersServiceApplication          : Started UsersServiceApplication in 4.51 seconds (process running for 4.719)
2025-03-29T00:00:43.951+01:00 DEBUG 44409 --- [users-service] [HikariPool-1 housekeeper] com.zaxxer.hikari.pool.HikariPool        : HikariPool-1 - Pool stats (total=10, active=0, idle=10, waiting=0)
2025-03-29T00:00:43.954+01:00 DEBUG 44409 --- [users-service] [HikariPool-1 housekeeper] com.zaxxer.hikari.pool.HikariPool        : HikariPool-1 - Fill pool skipped, pool has sufficient level or currently being filled.
2025-03-29T00:00:55.463+01:00  INFO 44409 --- [users-service] [SpringApplicationShutdownHook] o.s.b.w.e.tomcat.GracefulShutdown        : Commencing graceful shutdown. Waiting for active requests to complete
2025-03-29T00:00:55.470+01:00  INFO 44409 --- [users-service] [tomcat-shutdown] o.s.b.w.e.tomcat.GracefulShutdown        : Graceful shutdown complete
2025-03-29T00:00:55.485+01:00  WARN 44409 --- [users-service] [SpringApplicationShutdownHook] o.s.b.f.support.DisposableBeanAdapter    : Invocation of destroy method failed on bean with name 'inMemoryDatabaseShutdownExecutor': org.h2.jdbc.JdbcSQLNonTransientConnectionException: Database is already closed (to disable automatic closing at VM shutdown, add ";DB_CLOSE_ON_EXIT=FALSE" to the db URL) [90121-232]
2025-03-29T00:00:55.494+01:00  INFO 44409 --- [users-service] [SpringApplicationShutdownHook] com.zaxxer.hikari.HikariDataSource       : HikariPool-1 - Shutdown initiated...
2025-03-29T00:00:55.494+01:00 DEBUG 44409 --- [users-service] [SpringApplicationShutdownHook] com.zaxxer.hikari.pool.HikariPool        : HikariPool-1 - Before shutdown stats (total=10, active=0, idle=10, waiting=0)
2025-03-29T00:00:55.495+01:00 DEBUG 44409 --- [users-service] [HikariPool-1 connection closer] com.zaxxer.hikari.pool.PoolBase          : HikariPool-1 - Closing connection conn0: url=jdbc:h2:mem:mydb user=SA: (connection evicted)
2025-03-29T00:00:55.495+01:00 DEBUG 44409 --- [users-service] [HikariPool-1 connection closer] com.zaxxer.hikari.pool.PoolBase          : HikariPool-1 - Closing connection conn1: url=jdbc:h2:mem:mydb user=SA: (connection evicted)
2025-03-29T00:00:55.495+01:00 DEBUG 44409 --- [users-service] [HikariPool-1 connection closer] com.zaxxer.hikari.pool.PoolBase          : HikariPool-1 - Closing connection conn2: url=jdbc:h2:mem:mydb user=SA: (connection evicted)
2025-03-29T00:00:55.495+01:00 DEBUG 44409 --- [users-service] [HikariPool-1 connection closer] com.zaxxer.hikari.pool.PoolBase          : HikariPool-1 - Closing connection conn3: url=jdbc:h2:mem:mydb user=SA: (connection evicted)
2025-03-29T00:00:55.495+01:00 DEBUG 44409 --- [users-service] [HikariPool-1 connection closer] com.zaxxer.hikari.pool.PoolBase          : HikariPool-1 - Closing connection conn4: url=jdbc:h2:mem:mydb user=SA: (connection evicted)
2025-03-29T00:00:55.496+01:00 DEBUG 44409 --- [users-service] [HikariPool-1 connection closer] com.zaxxer.hikari.pool.PoolBase          : HikariPool-1 - Closing connection conn5: url=jdbc:h2:mem:mydb user=SA: (connection evicted)
2025-03-29T00:00:55.496+01:00 DEBUG 44409 --- [users-service] [HikariPool-1 connection closer] com.zaxxer.hikari.pool.PoolBase          : HikariPool-1 - Closing connection conn6: url=jdbc:h2:mem:mydb user=SA: (connection evicted)
2025-03-29T00:00:55.496+01:00 DEBUG 44409 --- [users-service] [HikariPool-1 connection closer] com.zaxxer.hikari.pool.PoolBase          : HikariPool-1 - Closing connection conn7: url=jdbc:h2:mem:mydb user=SA: (connection evicted)
2025-03-29T00:00:55.497+01:00 DEBUG 44409 --- [users-service] [HikariPool-1 connection closer] com.zaxxer.hikari.pool.PoolBase          : HikariPool-1 - Closing connection conn8: url=jdbc:h2:mem:mydb user=SA: (connection evicted)
2025-03-29T00:00:55.498+01:00 DEBUG 44409 --- [users-service] [HikariPool-1 connection closer] com.zaxxer.hikari.pool.PoolBase          : HikariPool-1 - Closing connection conn9: url=jdbc:h2:mem:mydb user=SA: (connection evicted)
2025-03-29T00:00:55.498+01:00 DEBUG 44409 --- [users-service] [SpringApplicationShutdownHook] com.zaxxer.hikari.pool.HikariPool        : HikariPool-1 - After shutdown stats (total=0, active=0, idle=0, waiting=0)
2025-03-29T00:00:55.498+01:00  INFO 44409 --- [users-service] [SpringApplicationShutdownHook] com.zaxxer.hikari.HikariDataSource       : HikariPool-1 - Shutdown completed.
2025-03-29T00:01:08.174+01:00  INFO 44677 --- [users-service] [restartedMain] o.m.o.u.UsersServiceApplication          : Starting UsersServiceApplication using Java 21.0.6 with PID 44677 (/Users/kingsleygodwin/one-mersitem-app/users-service/target/classes started by kingsleygodwin in /Users/kingsleygodwin/one-mersitem-app/users-service)
2025-03-29T00:01:08.175+01:00  INFO 44677 --- [users-service] [restartedMain] o.m.o.u.UsersServiceApplication          : No active profile set, falling back to 1 default profile: "default"
2025-03-29T00:01:08.193+01:00  INFO 44677 --- [users-service] [restartedMain] o.s.c.c.c.ConfigServerConfigDataLoader   : Fetching config from server at : http://localhost:20000/config
2025-03-29T00:01:08.193+01:00  INFO 44677 --- [users-service] [restartedMain] o.s.c.c.c.ConfigServerConfigDataLoader   : Located environment: name=users-service, profiles=[local], label=dev, version=98ef23b254b1a1a6e3d08c6d69e16d0839d190b0, state=
2025-03-29T00:01:08.194+01:00  INFO 44677 --- [users-service] [restartedMain] .e.DevToolsPropertyDefaultsPostProcessor : Devtools property defaults active! Set 'spring.devtools.add-properties' to 'false' to disable
2025-03-29T00:01:08.194+01:00  INFO 44677 --- [users-service] [restartedMain] .e.DevToolsPropertyDefaultsPostProcessor : For additional web related logging consider setting the 'logging.level.web' property to 'DEBUG'
2025-03-29T00:01:08.560+01:00  INFO 44677 --- [users-service] [restartedMain] .s.d.r.c.RepositoryConfigurationDelegate : Multiple Spring Data modules found, entering strict repository configuration mode
2025-03-29T00:01:08.561+01:00  INFO 44677 --- [users-service] [restartedMain] .s.d.r.c.RepositoryConfigurationDelegate : Bootstrapping Spring Data JDBC repositories in DEFAULT mode.
2025-03-29T00:01:08.571+01:00  INFO 44677 --- [users-service] [restartedMain] .RepositoryConfigurationExtensionSupport : Spring Data JDBC - Could not safely identify store assignment for repository candidate interface org.meristem.oneapp.usersservice.repositories.FeatureTypeRepository; If you want this repository to be a JDBC repository, consider annotating your entities with one of these annotations: org.springframework.data.relational.core.mapping.Table.
2025-03-29T00:01:08.611+01:00  INFO 44677 --- [users-service] [restartedMain] .s.d.r.c.RepositoryConfigurationDelegate : Finished Spring Data repository scanning in 47 ms. Found 3 JDBC repository interfaces.
2025-03-29T00:01:08.616+01:00  INFO 44677 --- [users-service] [restartedMain] .s.d.r.c.RepositoryConfigurationDelegate : Multiple Spring Data modules found, entering strict repository configuration mode
2025-03-29T00:01:08.617+01:00  INFO 44677 --- [users-service] [restartedMain] .s.d.r.c.RepositoryConfigurationDelegate : Bootstrapping Spring Data Redis repositories in DEFAULT mode.
2025-03-29T00:01:08.622+01:00  INFO 44677 --- [users-service] [restartedMain] .RepositoryConfigurationExtensionSupport : Spring Data Redis - Could not safely identify store assignment for repository candidate interface org.meristem.oneapp.usersservice.repositories.FeatureTypeRepository; If you want this repository to be a Redis repository, consider annotating your entities with one of these annotations: org.springframework.data.redis.core.RedisHash (preferred), or consider extending one of the following types with your repository: org.springframework.data.keyvalue.repository.KeyValueRepository
2025-03-29T00:01:08.622+01:00  INFO 44677 --- [users-service] [restartedMain] .RepositoryConfigurationExtensionSupport : Spring Data Redis - Could not safely identify store assignment for repository candidate interface org.meristem.oneapp.usersservice.repositories.OtpVerificationRepository; If you want this repository to be a Redis repository, consider annotating your entities with one of these annotations: org.springframework.data.redis.core.RedisHash (preferred), or consider extending one of the following types with your repository: org.springframework.data.keyvalue.repository.KeyValueRepository
2025-03-29T00:01:08.622+01:00  INFO 44677 --- [users-service] [restartedMain] .RepositoryConfigurationExtensionSupport : Spring Data Redis - Could not safely identify store assignment for repository candidate interface org.meristem.oneapp.usersservice.repositories.RequirementsRepository; If you want this repository to be a Redis repository, consider annotating your entities with one of these annotations: org.springframework.data.redis.core.RedisHash (preferred), or consider extending one of the following types with your repository: org.springframework.data.keyvalue.repository.KeyValueRepository
2025-03-29T00:01:08.622+01:00  INFO 44677 --- [users-service] [restartedMain] .RepositoryConfigurationExtensionSupport : Spring Data Redis - Could not safely identify store assignment for repository candidate interface org.meristem.oneapp.usersservice.repositories.UsersRepository; If you want this repository to be a Redis repository, consider annotating your entities with one of these annotations: org.springframework.data.redis.core.RedisHash (preferred), or consider extending one of the following types with your repository: org.springframework.data.keyvalue.repository.KeyValueRepository
2025-03-29T00:01:08.622+01:00  INFO 44677 --- [users-service] [restartedMain] .s.d.r.c.RepositoryConfigurationDelegate : Finished Spring Data repository scanning in 2 ms. Found 0 Redis repository interfaces.
2025-03-29T00:01:08.696+01:00  INFO 44677 --- [users-service] [restartedMain] o.s.cloud.context.scope.GenericScope     : BeanFactory id=d6ec3857-a403-3e6e-b928-937e8f3a93d9
2025-03-29T00:01:08.867+01:00  INFO 44677 --- [users-service] [restartedMain] o.s.b.w.embedded.tomcat.TomcatWebServer  : Tomcat initialized with port 20020 (http)
2025-03-29T00:01:08.872+01:00  INFO 44677 --- [users-service] [restartedMain] o.apache.catalina.core.StandardService   : Starting service [Tomcat]
2025-03-29T00:01:08.872+01:00  INFO 44677 --- [users-service] [restartedMain] o.apache.catalina.core.StandardEngine    : Starting Servlet engine: [Apache Tomcat/10.1.39]
2025-03-29T00:01:08.888+01:00  INFO 44677 --- [users-service] [restartedMain] o.a.c.c.C.[.[localhost].[/api/users]     : Initializing Spring embedded WebApplicationContext
2025-03-29T00:01:08.888+01:00  INFO 44677 --- [users-service] [restartedMain] w.s.c.ServletWebServerApplicationContext : Root WebApplicationContext: initialization completed in 693 ms
2025-03-29T00:01:08.935+01:00 DEBUG 44677 --- [users-service] [restartedMain] o.s.w.f.ServerHttpObservationFilter      : Filter 'webMvcObservationFilter' configured for use
2025-03-29T00:01:08.943+01:00 DEBUG 44677 --- [users-service] [restartedMain] com.zaxxer.hikari.HikariConfig           : Driver class org.h2.Driver found in Thread context class loader org.springframework.boot.devtools.restart.classloader.RestartClassLoader@3fac3823
2025-03-29T00:01:09.015+01:00 DEBUG 44677 --- [users-service] [restartedMain] com.zaxxer.hikari.HikariConfig           : HikariPool-1 - configuration:
2025-03-29T00:01:09.016+01:00 DEBUG 44677 --- [users-service] [restartedMain] com.zaxxer.hikari.HikariConfig           : allowPoolSuspension.............false
2025-03-29T00:01:09.016+01:00 DEBUG 44677 --- [users-service] [restartedMain] com.zaxxer.hikari.HikariConfig           : autoCommit......................true
2025-03-29T00:01:09.016+01:00 DEBUG 44677 --- [users-service] [restartedMain] com.zaxxer.hikari.HikariConfig           : catalog.........................none
2025-03-29T00:01:09.016+01:00 DEBUG 44677 --- [users-service] [restartedMain] com.zaxxer.hikari.HikariConfig           : connectionInitSql...............none
2025-03-29T00:01:09.016+01:00 DEBUG 44677 --- [users-service] [restartedMain] com.zaxxer.hikari.HikariConfig           : connectionTestQuery.............none
2025-03-29T00:01:09.016+01:00 DEBUG 44677 --- [users-service] [restartedMain] com.zaxxer.hikari.HikariConfig           : connectionTimeout...............30000
2025-03-29T00:01:09.016+01:00 DEBUG 44677 --- [users-service] [restartedMain] com.zaxxer.hikari.HikariConfig           : dataSource......................none
2025-03-29T00:01:09.016+01:00 DEBUG 44677 --- [users-service] [restartedMain] com.zaxxer.hikari.HikariConfig           : dataSourceClassName.............none
2025-03-29T00:01:09.017+01:00 DEBUG 44677 --- [users-service] [restartedMain] com.zaxxer.hikari.HikariConfig           : dataSourceJNDI..................none
2025-03-29T00:01:09.017+01:00 DEBUG 44677 --- [users-service] [restartedMain] com.zaxxer.hikari.HikariConfig           : dataSourceProperties............{password=<masked>, logUnclosedConnections=true}
2025-03-29T00:01:09.017+01:00 DEBUG 44677 --- [users-service] [restartedMain] com.zaxxer.hikari.HikariConfig           : driverClassName................."org.h2.Driver"
2025-03-29T00:01:09.017+01:00 DEBUG 44677 --- [users-service] [restartedMain] com.zaxxer.hikari.HikariConfig           : exceptionOverrideClassName......none
2025-03-29T00:01:09.017+01:00 DEBUG 44677 --- [users-service] [restartedMain] com.zaxxer.hikari.HikariConfig           : healthCheckProperties...........{}
2025-03-29T00:01:09.017+01:00 DEBUG 44677 --- [users-service] [restartedMain] com.zaxxer.hikari.HikariConfig           : healthCheckRegistry.............none
2025-03-29T00:01:09.018+01:00 DEBUG 44677 --- [users-service] [restartedMain] com.zaxxer.hikari.HikariConfig           : idleTimeout.....................600000
2025-03-29T00:01:09.018+01:00 DEBUG 44677 --- [users-service] [restartedMain] com.zaxxer.hikari.HikariConfig           : initializationFailTimeout.......1
2025-03-29T00:01:09.019+01:00 DEBUG 44677 --- [users-service] [restartedMain] com.zaxxer.hikari.HikariConfig           : isolateInternalQueries..........false
2025-03-29T00:01:09.019+01:00 DEBUG 44677 --- [users-service] [restartedMain] com.zaxxer.hikari.HikariConfig           : jdbcUrl.........................jdbc:h2:mem:mydb;DATABASE_TO_UPPER=FALSE;CASE_INSENSITIVE_IDENTIFIERS=TRUE
2025-03-29T00:01:09.019+01:00 DEBUG 44677 --- [users-service] [restartedMain] com.zaxxer.hikari.HikariConfig           : keepaliveTime...................0
2025-03-29T00:01:09.020+01:00 DEBUG 44677 --- [users-service] [restartedMain] com.zaxxer.hikari.HikariConfig           : leakDetectionThreshold..........0
2025-03-29T00:01:09.020+01:00 DEBUG 44677 --- [users-service] [restartedMain] com.zaxxer.hikari.HikariConfig           : maxLifetime.....................1800000
2025-03-29T00:01:09.020+01:00 DEBUG 44677 --- [users-service] [restartedMain] com.zaxxer.hikari.HikariConfig           : maximumPoolSize.................10
2025-03-29T00:01:09.020+01:00 DEBUG 44677 --- [users-service] [restartedMain] com.zaxxer.hikari.HikariConfig           : metricRegistry..................none
2025-03-29T00:01:09.021+01:00 DEBUG 44677 --- [users-service] [restartedMain] com.zaxxer.hikari.HikariConfig           : metricsTrackerFactory...........none
2025-03-29T00:01:09.021+01:00 DEBUG 44677 --- [users-service] [restartedMain] com.zaxxer.hikari.HikariConfig           : minimumIdle.....................10
2025-03-29T00:01:09.021+01:00 DEBUG 44677 --- [users-service] [restartedMain] com.zaxxer.hikari.HikariConfig           : password........................<masked>
2025-03-29T00:01:09.021+01:00 DEBUG 44677 --- [users-service] [restartedMain] com.zaxxer.hikari.HikariConfig           : poolName........................"HikariPool-1"
2025-03-29T00:01:09.022+01:00 DEBUG 44677 --- [users-service] [restartedMain] com.zaxxer.hikari.HikariConfig           : readOnly........................false
2025-03-29T00:01:09.022+01:00 DEBUG 44677 --- [users-service] [restartedMain] com.zaxxer.hikari.HikariConfig           : registerMbeans..................false
2025-03-29T00:01:09.022+01:00 DEBUG 44677 --- [users-service] [restartedMain] com.zaxxer.hikari.HikariConfig           : scheduledExecutor...............none
2025-03-29T00:01:09.022+01:00 DEBUG 44677 --- [users-service] [restartedMain] com.zaxxer.hikari.HikariConfig           : schema..........................none
2025-03-29T00:01:09.022+01:00 DEBUG 44677 --- [users-service] [restartedMain] com.zaxxer.hikari.HikariConfig           : threadFactory...................internal
2025-03-29T00:01:09.023+01:00 DEBUG 44677 --- [users-service] [restartedMain] com.zaxxer.hikari.HikariConfig           : transactionIsolation............default
2025-03-29T00:01:09.023+01:00 DEBUG 44677 --- [users-service] [restartedMain] com.zaxxer.hikari.HikariConfig           : username........................"sa"
2025-03-29T00:01:09.023+01:00 DEBUG 44677 --- [users-service] [restartedMain] com.zaxxer.hikari.HikariConfig           : validationTimeout...............5000
2025-03-29T00:01:09.023+01:00  INFO 44677 --- [users-service] [restartedMain] com.zaxxer.hikari.HikariDataSource       : HikariPool-1 - Starting...
2025-03-29T00:01:09.090+01:00  INFO 44677 --- [users-service] [restartedMain] com.zaxxer.hikari.pool.HikariPool        : HikariPool-1 - Added connection conn0: url=jdbc:h2:mem:mydb user=SA
2025-03-29T00:01:09.091+01:00  INFO 44677 --- [users-service] [restartedMain] com.zaxxer.hikari.HikariDataSource       : HikariPool-1 - Start completed.
2025-03-29T00:01:09.108+01:00  INFO 44677 --- [users-service] [restartedMain] org.flywaydb.core.FlywayExecutor         : Database: jdbc:h2:mem:mydb (H2 2.3)
2025-03-29T00:01:09.109+01:00  WARN 44677 --- [users-service] [restartedMain] o.f.c.internal.database.base.Database    : Flyway upgrade recommended: H2 2.3.232 is newer than this version of Flyway and support has not been tested. The latest supported version of H2 is 2.2.224.
2025-03-29T00:01:09.117+01:00  INFO 44677 --- [users-service] [restartedMain] o.f.c.i.s.JdbcTableSchemaHistory         : Schema history table "PUBLIC"."flyway_schema_history" does not exist yet
2025-03-29T00:01:09.118+01:00  INFO 44677 --- [users-service] [restartedMain] o.f.core.internal.command.DbValidate     : Successfully validated 1 migration (execution time 00:00.004s)
2025-03-29T00:01:09.120+01:00  INFO 44677 --- [users-service] [restartedMain] o.f.c.i.s.JdbcTableSchemaHistory         : Creating Schema History table "PUBLIC"."flyway_schema_history" ...
2025-03-29T00:01:09.128+01:00 DEBUG 44677 --- [users-service] [HikariPool-1 connection adder] com.zaxxer.hikari.pool.HikariPool        : HikariPool-1 - Added connection conn1: url=jdbc:h2:mem:mydb user=SA
2025-03-29T00:01:09.131+01:00  INFO 44677 --- [users-service] [restartedMain] o.f.core.internal.command.DbMigrate      : Current version of schema "PUBLIC": << Empty Schema >>
2025-03-29T00:01:09.136+01:00  INFO 44677 --- [users-service] [restartedMain] o.f.core.internal.command.DbMigrate      : Migrating schema "PUBLIC" to version "1 - DB INIT H2"
2025-03-29T00:01:09.156+01:00  INFO 44677 --- [users-service] [restartedMain] o.f.core.internal.command.DbMigrate      : Successfully applied 1 migration to schema "PUBLIC", now at version v1 (execution time 00:00.016s)
2025-03-29T00:01:09.163+01:00 DEBUG 44677 --- [users-service] [HikariPool-1 connection adder] com.zaxxer.hikari.pool.HikariPool        : HikariPool-1 - Connection not added, stats (total=2, active=0, idle=2, waiting=0)
2025-03-29T00:01:09.166+01:00 DEBUG 44677 --- [users-service] [restartedMain] o.s.jdbc.datasource.DataSourceUtils      : Fetching JDBC Connection from DataSource
2025-03-29T00:01:09.194+01:00 DEBUG 44677 --- [users-service] [HikariPool-1 housekeeper] com.zaxxer.hikari.pool.HikariPool        : HikariPool-1 - Pool stats (total=2, active=0, idle=2, waiting=0)
2025-03-29T00:01:09.194+01:00 DEBUG 44677 --- [users-service] [HikariPool-1 connection adder] com.zaxxer.hikari.pool.HikariPool        : HikariPool-1 - Added connection conn2: url=jdbc:h2:mem:mydb user=SA
2025-03-29T00:01:09.198+01:00  WARN 44677 --- [users-service] [restartedMain] o.s.b.d.a.OptionalLiveReloadServer       : Unable to start LiveReload server
2025-03-29T00:01:09.229+01:00 DEBUG 44677 --- [users-service] [HikariPool-1 connection adder] com.zaxxer.hikari.pool.HikariPool        : HikariPool-1 - After adding stats (total=3, active=0, idle=3, waiting=0)
2025-03-29T00:01:09.230+01:00 DEBUG 44677 --- [users-service] [HikariPool-1 connection adder] com.zaxxer.hikari.pool.HikariPool        : HikariPool-1 - Added connection conn3: url=jdbc:h2:mem:mydb user=SA
2025-03-29T00:01:09.263+01:00 DEBUG 44677 --- [users-service] [HikariPool-1 connection adder] com.zaxxer.hikari.pool.HikariPool        : HikariPool-1 - After adding stats (total=4, active=0, idle=4, waiting=0)
2025-03-29T00:01:09.264+01:00 DEBUG 44677 --- [users-service] [HikariPool-1 connection adder] com.zaxxer.hikari.pool.HikariPool        : HikariPool-1 - Added connection conn4: url=jdbc:h2:mem:mydb user=SA
2025-03-29T00:01:09.298+01:00 DEBUG 44677 --- [users-service] [HikariPool-1 connection adder] com.zaxxer.hikari.pool.HikariPool        : HikariPool-1 - After adding stats (total=5, active=0, idle=5, waiting=0)
2025-03-29T00:01:09.298+01:00 DEBUG 44677 --- [users-service] [HikariPool-1 connection adder] com.zaxxer.hikari.pool.HikariPool        : HikariPool-1 - Added connection conn5: url=jdbc:h2:mem:mydb user=SA
2025-03-29T00:01:09.333+01:00 DEBUG 44677 --- [users-service] [HikariPool-1 connection adder] com.zaxxer.hikari.pool.HikariPool        : HikariPool-1 - After adding stats (total=6, active=0, idle=6, waiting=0)
2025-03-29T00:01:09.334+01:00 DEBUG 44677 --- [users-service] [HikariPool-1 connection adder] com.zaxxer.hikari.pool.HikariPool        : HikariPool-1 - Added connection conn6: url=jdbc:h2:mem:mydb user=SA
2025-03-29T00:01:09.352+01:00 DEBUG 44677 --- [users-service] [restartedMain] s.w.s.m.m.a.RequestMappingHandlerMapping : 9 mappings in 'requestMappingHandlerMapping'
2025-03-29T00:01:09.369+01:00 DEBUG 44677 --- [users-service] [HikariPool-1 connection adder] com.zaxxer.hikari.pool.HikariPool        : HikariPool-1 - After adding stats (total=7, active=0, idle=7, waiting=0)
2025-03-29T00:01:09.369+01:00 DEBUG 44677 --- [users-service] [HikariPool-1 connection adder] com.zaxxer.hikari.pool.HikariPool        : HikariPool-1 - Added connection conn7: url=jdbc:h2:mem:mydb user=SA
2025-03-29T00:01:09.370+01:00 DEBUG 44677 --- [users-service] [restartedMain] o.s.w.s.handler.SimpleUrlHandlerMapping  : Patterns [/webjars/**, /**, /swagger-ui*/*swagger-initializer.js, /swagger-ui*/**] in 'resourceHandlerMapping'
2025-03-29T00:01:09.381+01:00 DEBUG 44677 --- [users-service] [restartedMain] s.w.s.m.m.a.RequestMappingHandlerAdapter : ControllerAdvice beans: 0 @ModelAttribute, 0 @InitBinder, 1 RequestBodyAdvice, 1 ResponseBodyAdvice
2025-03-29T00:01:09.400+01:00 DEBUG 44677 --- [users-service] [restartedMain] .m.m.a.ExceptionHandlerExceptionResolver : ControllerAdvice beans: 2 @ExceptionHandler, 1 ResponseBodyAdvice
2025-03-29T00:01:09.402+01:00 DEBUG 44677 --- [users-service] [HikariPool-1 connection adder] com.zaxxer.hikari.pool.HikariPool        : HikariPool-1 - After adding stats (total=8, active=0, idle=8, waiting=0)
2025-03-29T00:01:09.403+01:00 DEBUG 44677 --- [users-service] [HikariPool-1 connection adder] com.zaxxer.hikari.pool.HikariPool        : HikariPool-1 - Added connection conn8: url=jdbc:h2:mem:mydb user=SA
2025-03-29T00:01:09.435+01:00 DEBUG 44677 --- [users-service] [HikariPool-1 connection adder] com.zaxxer.hikari.pool.HikariPool        : HikariPool-1 - After adding stats (total=9, active=0, idle=9, waiting=0)
2025-03-29T00:01:09.436+01:00 DEBUG 44677 --- [users-service] [HikariPool-1 connection adder] com.zaxxer.hikari.pool.HikariPool        : HikariPool-1 - Added connection conn9: url=jdbc:h2:mem:mydb user=SA
2025-03-29T00:01:09.471+01:00 DEBUG 44677 --- [users-service] [HikariPool-1 connection adder] com.zaxxer.hikari.pool.HikariPool        : HikariPool-1 - After adding stats (total=10, active=0, idle=10, waiting=0)
2025-03-29T00:01:09.615+01:00  INFO 44677 --- [users-service] [restartedMain] o.s.b.a.h2.H2ConsoleAutoConfiguration    : H2 console available at '/h2-console'. Database available at 'jdbc:h2:mem:mydb'
2025-03-29T00:01:09.645+01:00  INFO 44677 --- [users-service] [restartedMain] o.s.b.a.e.web.EndpointLinksResolver      : Exposing 2 endpoints beneath base path '/actuator'
2025-03-29T00:01:09.676+01:00  INFO 44677 --- [users-service] [restartedMain] o.s.b.w.embedded.tomcat.TomcatWebServer  : Tomcat started on port 20020 (http) with context path '/api/users'
2025-03-29T00:01:09.686+01:00  INFO 44677 --- [users-service] [restartedMain] o.m.o.u.UsersServiceApplication          : Started UsersServiceApplication in 4.509 seconds (process running for 4.717)
2025-03-29T00:01:26.355+01:00  INFO 44677 --- [users-service] [tomcat-handler-0] o.a.c.c.C.[.[localhost].[/api/users]     : Initializing Spring DispatcherServlet 'dispatcherServlet'
2025-03-29T00:01:26.359+01:00  INFO 44677 --- [users-service] [tomcat-handler-0] o.s.web.servlet.DispatcherServlet        : Initializing Servlet 'dispatcherServlet'
2025-03-29T00:01:26.360+01:00 DEBUG 44677 --- [users-service] [tomcat-handler-0] o.s.web.servlet.DispatcherServlet        : Detected StandardServletMultipartResolver
2025-03-29T00:01:26.361+01:00 DEBUG 44677 --- [users-service] [tomcat-handler-0] o.s.web.servlet.DispatcherServlet        : Detected AcceptHeaderLocaleResolver
2025-03-29T00:01:26.361+01:00 DEBUG 44677 --- [users-service] [tomcat-handler-0] o.s.web.servlet.DispatcherServlet        : Detected FixedThemeResolver
2025-03-29T00:01:26.380+01:00 DEBUG 44677 --- [users-service] [tomcat-handler-0] o.s.web.servlet.DispatcherServlet        : Detected org.springframework.web.servlet.view.DefaultRequestToViewNameTranslator@3036c7d5
2025-03-29T00:01:26.382+01:00 DEBUG 44677 --- [users-service] [tomcat-handler-0] o.s.web.servlet.DispatcherServlet        : Detected org.springframework.web.servlet.support.SessionFlashMapManager@7167861e
2025-03-29T00:01:26.382+01:00 DEBUG 44677 --- [users-service] [tomcat-handler-0] o.s.web.servlet.DispatcherServlet        : enableLoggingRequestDetails='false': request parameters and headers will be masked to prevent unsafe logging of potentially sensitive data
2025-03-29T00:01:26.382+01:00  INFO 44677 --- [users-service] [tomcat-handler-0] o.s.web.servlet.DispatcherServlet        : Completed initialization in 22 ms
2025-03-29T00:01:26.399+01:00 DEBUG 44677 --- [users-service] [tomcat-handler-0] o.s.web.servlet.DispatcherServlet        : POST "/api/users/notification/otp", parameters={}
2025-03-29T00:01:26.410+01:00 DEBUG 44677 --- [users-service] [tomcat-handler-0] s.w.s.m.m.a.RequestMappingHandlerMapping : Mapped to org.meristem.oneapp.usersservice.controllers.NotificationController#sendOtp(SendOtpRequest)
2025-03-29T00:01:26.431+01:00 DEBUG 44677 --- [users-service] [tomcat-handler-0] m.m.a.RequestResponseBodyMethodProcessor : Read "application/json;charset=UTF-8" to [SendOtpRequest[otpType=1, recipient=kingsleyog95@gmail.com]]
2025-03-29T00:01:26.485+01:00 DEBUG 44677 --- [users-service] [tomcat-handler-0] o.s.j.d.DataSourceTransactionManager     : Creating new transaction with name [org.meristem.oneapp.usersservice.services.NotificationService.sendOtp]: PROPAGATION_REQUIRED,ISOLATION_DEFAULT
2025-03-29T00:01:26.488+01:00 DEBUG 44677 --- [users-service] [tomcat-handler-0] o.s.j.d.DataSourceTransactionManager     : Acquired Connection [HikariProxyConnection@848665459 wrapping conn0: url=jdbc:h2:mem:mydb user=SA] for JDBC transaction
2025-03-29T00:01:26.491+01:00 DEBUG 44677 --- [users-service] [tomcat-handler-0] o.s.j.d.DataSourceTransactionManager     : Switching JDBC Connection [HikariProxyConnection@848665459 wrapping conn0: url=jdbc:h2:mem:mydb user=SA] to manual commit
2025-03-29T00:01:26.503+01:00 DEBUG 44677 --- [users-service] [tomcat-handler-0] o.s.j.d.DataSourceTransactionManager     : Participating in existing transaction
2025-03-29T00:01:26.517+01:00 DEBUG 44677 --- [users-service] [tomcat-handler-0] o.s.jdbc.core.JdbcTemplate               : Executing prepared SQL update
2025-03-29T00:01:26.518+01:00 DEBUG 44677 --- [users-service] [tomcat-handler-0] o.s.jdbc.core.JdbcTemplate               : Executing prepared SQL statement [UPDATE otp_verification SET expires_at = ? WHERE id = (SELECT id FROM otp_verification WHERE user_id = ? AND otp_type = ? ORDER BY expires_at DESC LIMIT 1)]
2025-03-29T00:01:26.580+01:00 DEBUG 44677 --- [users-service] [tomcat-handler-0] o.s.j.d.DataSourceTransactionManager     : Participating in existing transaction
2025-03-29T00:01:26.770+01:00 DEBUG 44677 --- [users-service] [tomcat-handler-0] o.s.jdbc.core.JdbcTemplate               : Executing SQL update and returning generated keys
2025-03-29T00:01:26.771+01:00 DEBUG 44677 --- [users-service] [tomcat-handler-0] o.s.jdbc.core.JdbcTemplate               : Executing prepared SQL statement [INSERT INTO "otp_verification" ("code", "CREATED_BY", "CREATED_DATE", "expires_at", "LAST_MODIFIED_BY", "LAST_MODIFIED_DATE", "otp_type", "user_id", "verified", "VERSION") VALUES (?, ?, ?, ?, ?, ?, ?, ?, ?, ?)]
2025-03-29T00:01:26.814+01:00  INFO 44677 --- [users-service] [tomcat-handler-0] o.a.k.clients.producer.ProducerConfig    : ProducerConfig values: 
	acks = -1
	auto.include.jmx.reporter = true
	batch.size = 1000
	bootstrap.servers = [http://localhost:9092]
	buffer.memory = 33554432
	client.dns.lookup = use_all_dns_ips
	client.id = users-service-producer-1
	compression.gzip.level = -1
	compression.lz4.level = 9
	compression.type = none
	compression.zstd.level = 3
	connections.max.idle.ms = 540000
	delivery.timeout.ms = 120000
	enable.idempotence = true
	enable.metrics.push = true
	interceptor.classes = []
	key.serializer = class org.apache.kafka.common.serialization.StringSerializer
	linger.ms = 0
	max.block.ms = 60000
	max.in.flight.requests.per.connection = 5
	max.request.size = 1048576
	metadata.max.age.ms = 300000
	metadata.max.idle.ms = 300000
	metadata.recovery.strategy = none
	metric.reporters = []
	metrics.num.samples = 2
	metrics.recording.level = INFO
	metrics.sample.window.ms = 30000
	partitioner.adaptive.partitioning.enable = true
	partitioner.availability.timeout.ms = 0
	partitioner.class = null
	partitioner.ignore.keys = false
	receive.buffer.bytes = 32768
	reconnect.backoff.max.ms = 1000
	reconnect.backoff.ms = 50
	request.timeout.ms = 30000
	retries = 2147483647
	retry.backoff.max.ms = 1000
	retry.backoff.ms = 100
	sasl.client.callback.handler.class = null
	sasl.jaas.config = null
	sasl.kerberos.kinit.cmd = /usr/bin/kinit
	sasl.kerberos.min.time.before.relogin = 60000
	sasl.kerberos.service.name = null
	sasl.kerberos.ticket.renew.jitter = 0.05
	sasl.kerberos.ticket.renew.window.factor = 0.8
	sasl.login.callback.handler.class = null
	sasl.login.class = null
	sasl.login.connect.timeout.ms = null
	sasl.login.read.timeout.ms = null
	sasl.login.refresh.buffer.seconds = 300
	sasl.login.refresh.min.period.seconds = 60
	sasl.login.refresh.window.factor = 0.8
	sasl.login.refresh.window.jitter = 0.05
	sasl.login.retry.backoff.max.ms = 10000
	sasl.login.retry.backoff.ms = 100
	sasl.mechanism = GSSAPI
	sasl.oauthbearer.clock.skew.seconds = 30
	sasl.oauthbearer.expected.audience = null
	sasl.oauthbearer.expected.issuer = null
	sasl.oauthbearer.jwks.endpoint.refresh.ms = 3600000
	sasl.oauthbearer.jwks.endpoint.retry.backoff.max.ms = 10000
	sasl.oauthbearer.jwks.endpoint.retry.backoff.ms = 100
	sasl.oauthbearer.jwks.endpoint.url = null
	sasl.oauthbearer.scope.claim.name = scope
	sasl.oauthbearer.sub.claim.name = sub
	sasl.oauthbearer.token.endpoint.url = null
	security.protocol = PLAINTEXT
	security.providers = null
	send.buffer.bytes = 131072
	socket.connection.setup.timeout.max.ms = 30000
	socket.connection.setup.timeout.ms = 10000
	ssl.cipher.suites = null
	ssl.enabled.protocols = [TLSv1.2, TLSv1.3]
	ssl.endpoint.identification.algorithm = https
	ssl.engine.factory.class = null
	ssl.key.password = null
	ssl.keymanager.algorithm = SunX509
	ssl.keystore.certificate.chain = null
	ssl.keystore.key = null
	ssl.keystore.location = null
	ssl.keystore.password = null
	ssl.keystore.type = JKS
	ssl.protocol = TLSv1.3
	ssl.provider = null
	ssl.secure.random.implementation = null
	ssl.trustmanager.algorithm = PKIX
	ssl.truststore.certificates = null
	ssl.truststore.location = null
	ssl.truststore.password = null
	ssl.truststore.type = JKS
	transaction.timeout.ms = 60000
	transactional.id = null
	value.serializer = class org.springframework.kafka.support.serializer.JsonSerializer

2025-03-29T00:01:26.873+01:00  INFO 44677 --- [users-service] [tomcat-handler-0] o.a.k.c.t.i.KafkaMetricsCollector        : initializing Kafka metrics collector
2025-03-29T00:01:26.897+01:00  INFO 44677 --- [users-service] [tomcat-handler-0] o.a.k.clients.producer.KafkaProducer     : [Producer clientId=users-service-producer-1] Instantiated an idempotent producer.
2025-03-29T00:01:26.941+01:00  INFO 44677 --- [users-service] [tomcat-handler-0] o.a.kafka.common.utils.AppInfoParser     : Kafka version: 3.8.1
2025-03-29T00:01:26.941+01:00  INFO 44677 --- [users-service] [tomcat-handler-0] o.a.kafka.common.utils.AppInfoParser     : Kafka commitId: 70d6ff42debf7e17
2025-03-29T00:01:26.941+01:00  INFO 44677 --- [users-service] [tomcat-handler-0] o.a.kafka.common.utils.AppInfoParser     : Kafka startTimeMs: 1743202886940
2025-03-29T00:01:27.376+01:00  WARN 44677 --- [users-service] [kafka-producer-network-thread | users-service-producer-1] org.apache.kafka.clients.NetworkClient   : [Producer clientId=users-service-producer-1] Error while fetching metadata with correlation id 1 : {otp-topic=UNKNOWN_TOPIC_OR_PARTITION}
2025-03-29T00:01:27.386+01:00  INFO 44677 --- [users-service] [kafka-producer-network-thread | users-service-producer-1] org.apache.kafka.clients.Metadata        : [Producer clientId=users-service-producer-1] Cluster ID: 5L6g3nShT-eMCtK--X86sw
2025-03-29T00:01:27.500+01:00  INFO 44677 --- [users-service] [kafka-producer-network-thread | users-service-producer-1] o.a.k.c.p.internals.TransactionManager   : [Producer clientId=users-service-producer-1] ProducerId set to 0 with epoch 0
2025-03-29T00:01:27.516+01:00 DEBUG 44677 --- [users-service] [tomcat-handler-0] o.s.j.d.DataSourceTransactionManager     : Initiating transaction commit
2025-03-29T00:01:27.516+01:00 DEBUG 44677 --- [users-service] [tomcat-handler-0] o.s.j.d.DataSourceTransactionManager     : Committing JDBC transaction on Connection [HikariProxyConnection@848665459 wrapping conn0: url=jdbc:h2:mem:mydb user=SA]
2025-03-29T00:01:27.517+01:00 DEBUG 44677 --- [users-service] [tomcat-handler-0] o.s.j.d.DataSourceTransactionManager     : Releasing JDBC Connection [HikariProxyConnection@848665459 wrapping conn0: url=jdbc:h2:mem:mydb user=SA] after transaction
2025-03-29T00:01:27.522+01:00 DEBUG 44677 --- [users-service] [tomcat-handler-0] o.s.w.s.m.m.a.HttpEntityMethodProcessor  : Using 'application/json', given [*/*] and supported [application/json]
2025-03-29T00:01:27.525+01:00 DEBUG 44677 --- [users-service] [tomcat-handler-0] o.s.w.s.m.m.a.HttpEntityMethodProcessor  : Writing [AppResponse[timestamp=2025-03-29T00:01:27.519446, status=200 OK, message=Otp sent to kingsleyog95@gm (truncated)...]
2025-03-29T00:01:27.530+01:00 DEBUG 44677 --- [users-service] [tomcat-handler-0] o.s.web.servlet.DispatcherServlet        : Completed 200 OK
2025-03-29T00:01:39.201+01:00 DEBUG 44677 --- [users-service] [HikariPool-1 housekeeper] com.zaxxer.hikari.pool.HikariPool        : HikariPool-1 - Pool stats (total=10, active=0, idle=10, waiting=0)
2025-03-29T00:01:39.204+01:00 DEBUG 44677 --- [users-service] [HikariPool-1 housekeeper] com.zaxxer.hikari.pool.HikariPool        : HikariPool-1 - Fill pool skipped, pool has sufficient level or currently being filled.
2025-03-29T00:02:09.208+01:00 DEBUG 44677 --- [users-service] [HikariPool-1 housekeeper] com.zaxxer.hikari.pool.HikariPool        : HikariPool-1 - Pool stats (total=10, active=0, idle=10, waiting=0)
2025-03-29T00:02:09.209+01:00 DEBUG 44677 --- [users-service] [HikariPool-1 housekeeper] com.zaxxer.hikari.pool.HikariPool        : HikariPool-1 - Fill pool skipped, pool has sufficient level or currently being filled.
2025-03-29T00:02:24.441+01:00 DEBUG 44677 --- [users-service] [tomcat-handler-1] o.s.web.servlet.DispatcherServlet        : POST "/api/users/notification/otp", parameters={}
2025-03-29T00:02:24.445+01:00 DEBUG 44677 --- [users-service] [tomcat-handler-1] s.w.s.m.m.a.RequestMappingHandlerMapping : Mapped to org.meristem.oneapp.usersservice.controllers.NotificationController#sendOtp(SendOtpRequest)
2025-03-29T00:02:24.447+01:00 DEBUG 44677 --- [users-service] [tomcat-handler-1] m.m.a.RequestResponseBodyMethodProcessor : Read "application/json;charset=UTF-8" to [SendOtpRequest[otpType=1, recipient=kingsleyog95@gmail.com]]
2025-03-29T00:02:24.449+01:00 DEBUG 44677 --- [users-service] [tomcat-handler-1] o.s.j.d.DataSourceTransactionManager     : Creating new transaction with name [org.meristem.oneapp.usersservice.services.NotificationService.sendOtp]: PROPAGATION_REQUIRED,ISOLATION_DEFAULT
2025-03-29T00:02:24.449+01:00 DEBUG 44677 --- [users-service] [tomcat-handler-1] o.s.j.d.DataSourceTransactionManager     : Acquired Connection [HikariProxyConnection@1792159746 wrapping conn0: url=jdbc:h2:mem:mydb user=SA] for JDBC transaction
2025-03-29T00:02:24.449+01:00 DEBUG 44677 --- [users-service] [tomcat-handler-1] o.s.j.d.DataSourceTransactionManager     : Switching JDBC Connection [HikariProxyConnection@1792159746 wrapping conn0: url=jdbc:h2:mem:mydb user=SA] to manual commit
2025-03-29T00:02:24.450+01:00 DEBUG 44677 --- [users-service] [tomcat-handler-1] o.s.j.d.DataSourceTransactionManager     : Participating in existing transaction
2025-03-29T00:02:24.451+01:00 DEBUG 44677 --- [users-service] [tomcat-handler-1] o.s.jdbc.core.JdbcTemplate               : Executing prepared SQL update
2025-03-29T00:02:24.451+01:00 DEBUG 44677 --- [users-service] [tomcat-handler-1] o.s.jdbc.core.JdbcTemplate               : Executing prepared SQL statement [UPDATE otp_verification SET expires_at = ? WHERE id = (SELECT id FROM otp_verification WHERE user_id = ? AND otp_type = ? ORDER BY expires_at DESC LIMIT 1)]
2025-03-29T00:02:24.453+01:00 DEBUG 44677 --- [users-service] [tomcat-handler-1] o.s.j.d.DataSourceTransactionManager     : Participating in existing transaction
2025-03-29T00:02:24.455+01:00 DEBUG 44677 --- [users-service] [tomcat-handler-1] o.s.jdbc.core.JdbcTemplate               : Executing SQL update and returning generated keys
2025-03-29T00:02:24.455+01:00 DEBUG 44677 --- [users-service] [tomcat-handler-1] o.s.jdbc.core.JdbcTemplate               : Executing prepared SQL statement [INSERT INTO "otp_verification" ("code", "CREATED_BY", "CREATED_DATE", "expires_at", "LAST_MODIFIED_BY", "LAST_MODIFIED_DATE", "otp_type", "user_id", "verified", "VERSION") VALUES (?, ?, ?, ?, ?, ?, ?, ?, ?, ?)]
2025-03-29T00:02:24.458+01:00 DEBUG 44677 --- [users-service] [tomcat-handler-1] o.s.j.d.DataSourceTransactionManager     : Initiating transaction commit
2025-03-29T00:02:24.459+01:00 DEBUG 44677 --- [users-service] [tomcat-handler-1] o.s.j.d.DataSourceTransactionManager     : Committing JDBC transaction on Connection [HikariProxyConnection@1792159746 wrapping conn0: url=jdbc:h2:mem:mydb user=SA]
2025-03-29T00:02:24.459+01:00 DEBUG 44677 --- [users-service] [tomcat-handler-1] o.s.j.d.DataSourceTransactionManager     : Releasing JDBC Connection [HikariProxyConnection@1792159746 wrapping conn0: url=jdbc:h2:mem:mydb user=SA] after transaction
2025-03-29T00:02:24.460+01:00 DEBUG 44677 --- [users-service] [tomcat-handler-1] o.s.w.s.m.m.a.HttpEntityMethodProcessor  : Using 'application/json', given [*/*] and supported [application/json]
2025-03-29T00:02:24.461+01:00 DEBUG 44677 --- [users-service] [tomcat-handler-1] o.s.w.s.m.m.a.HttpEntityMethodProcessor  : Writing [AppResponse[timestamp=2025-03-29T00:02:24.459984, status=200 OK, message=Otp sent to kingsleyog95@gm (truncated)...]
2025-03-29T00:02:24.463+01:00 DEBUG 44677 --- [users-service] [tomcat-handler-1] o.s.web.servlet.DispatcherServlet        : Completed 200 OK
2025-03-29T00:02:25.121+01:00 DEBUG 44677 --- [users-service] [tomcat-handler-2] o.s.web.servlet.DispatcherServlet        : POST "/api/users/notification/otp", parameters={}
2025-03-29T00:02:25.122+01:00 DEBUG 44677 --- [users-service] [tomcat-handler-2] s.w.s.m.m.a.RequestMappingHandlerMapping : Mapped to org.meristem.oneapp.usersservice.controllers.NotificationController#sendOtp(SendOtpRequest)
2025-03-29T00:02:25.123+01:00 DEBUG 44677 --- [users-service] [tomcat-handler-2] m.m.a.RequestResponseBodyMethodProcessor : Read "application/json;charset=UTF-8" to [SendOtpRequest[otpType=1, recipient=kingsleyog95@gmail.com]]
2025-03-29T00:02:25.124+01:00 DEBUG 44677 --- [users-service] [tomcat-handler-2] o.s.j.d.DataSourceTransactionManager     : Creating new transaction with name [org.meristem.oneapp.usersservice.services.NotificationService.sendOtp]: PROPAGATION_REQUIRED,ISOLATION_DEFAULT
2025-03-29T00:02:25.125+01:00 DEBUG 44677 --- [users-service] [tomcat-handler-2] o.s.j.d.DataSourceTransactionManager     : Acquired Connection [HikariProxyConnection@623429907 wrapping conn0: url=jdbc:h2:mem:mydb user=SA] for JDBC transaction
2025-03-29T00:02:25.126+01:00 DEBUG 44677 --- [users-service] [tomcat-handler-2] o.s.j.d.DataSourceTransactionManager     : Switching JDBC Connection [HikariProxyConnection@623429907 wrapping conn0: url=jdbc:h2:mem:mydb user=SA] to manual commit
2025-03-29T00:02:25.126+01:00 DEBUG 44677 --- [users-service] [tomcat-handler-2] o.s.j.d.DataSourceTransactionManager     : Participating in existing transaction
2025-03-29T00:02:25.127+01:00 DEBUG 44677 --- [users-service] [tomcat-handler-2] o.s.jdbc.core.JdbcTemplate               : Executing prepared SQL update
2025-03-29T00:02:25.128+01:00 DEBUG 44677 --- [users-service] [tomcat-handler-2] o.s.jdbc.core.JdbcTemplate               : Executing prepared SQL statement [UPDATE otp_verification SET expires_at = ? WHERE id = (SELECT id FROM otp_verification WHERE user_id = ? AND otp_type = ? ORDER BY expires_at DESC LIMIT 1)]
2025-03-29T00:02:25.129+01:00 DEBUG 44677 --- [users-service] [tomcat-handler-2] o.s.j.d.DataSourceTransactionManager     : Participating in existing transaction
2025-03-29T00:02:25.130+01:00 DEBUG 44677 --- [users-service] [tomcat-handler-2] o.s.jdbc.core.JdbcTemplate               : Executing SQL update and returning generated keys
2025-03-29T00:02:25.130+01:00 DEBUG 44677 --- [users-service] [tomcat-handler-2] o.s.jdbc.core.JdbcTemplate               : Executing prepared SQL statement [INSERT INTO "otp_verification" ("code", "CREATED_BY", "CREATED_DATE", "expires_at", "LAST_MODIFIED_BY", "LAST_MODIFIED_DATE", "otp_type", "user_id", "verified", "VERSION") VALUES (?, ?, ?, ?, ?, ?, ?, ?, ?, ?)]
2025-03-29T00:02:25.131+01:00 DEBUG 44677 --- [users-service] [tomcat-handler-2] o.s.j.d.DataSourceTransactionManager     : Initiating transaction commit
2025-03-29T00:02:25.131+01:00 DEBUG 44677 --- [users-service] [tomcat-handler-2] o.s.j.d.DataSourceTransactionManager     : Committing JDBC transaction on Connection [HikariProxyConnection@623429907 wrapping conn0: url=jdbc:h2:mem:mydb user=SA]
2025-03-29T00:02:25.131+01:00 DEBUG 44677 --- [users-service] [tomcat-handler-2] o.s.j.d.DataSourceTransactionManager     : Releasing JDBC Connection [HikariProxyConnection@623429907 wrapping conn0: url=jdbc:h2:mem:mydb user=SA] after transaction
2025-03-29T00:02:25.132+01:00 DEBUG 44677 --- [users-service] [tomcat-handler-2] o.s.w.s.m.m.a.HttpEntityMethodProcessor  : Using 'application/json', given [*/*] and supported [application/json]
2025-03-29T00:02:25.132+01:00 DEBUG 44677 --- [users-service] [tomcat-handler-2] o.s.w.s.m.m.a.HttpEntityMethodProcessor  : Writing [AppResponse[timestamp=2025-03-29T00:02:25.131999, status=200 OK, message=Otp sent to kingsleyog95@gm (truncated)...]
2025-03-29T00:02:25.132+01:00 DEBUG 44677 --- [users-service] [tomcat-handler-2] o.s.web.servlet.DispatcherServlet        : Completed 200 OK
2025-03-29T00:02:39.215+01:00 DEBUG 44677 --- [users-service] [HikariPool-1 housekeeper] com.zaxxer.hikari.pool.HikariPool        : HikariPool-1 - Pool stats (total=10, active=0, idle=10, waiting=0)
2025-03-29T00:02:39.217+01:00 DEBUG 44677 --- [users-service] [HikariPool-1 housekeeper] com.zaxxer.hikari.pool.HikariPool        : HikariPool-1 - Fill pool skipped, pool has sufficient level or currently being filled.
2025-03-29T00:02:43.907+01:00 DEBUG 44677 --- [users-service] [tomcat-handler-3] o.s.web.servlet.DispatcherServlet        : POST "/api/users/notification/otp", parameters={}
2025-03-29T00:02:43.909+01:00 DEBUG 44677 --- [users-service] [tomcat-handler-3] s.w.s.m.m.a.RequestMappingHandlerMapping : Mapped to org.meristem.oneapp.usersservice.controllers.NotificationController#sendOtp(SendOtpRequest)
2025-03-29T00:02:43.911+01:00 DEBUG 44677 --- [users-service] [tomcat-handler-3] m.m.a.RequestResponseBodyMethodProcessor : Read "application/json;charset=UTF-8" to [SendOtpRequest[otpType=1, recipient=kingsleyog95@gmail.com]]
2025-03-29T00:02:43.912+01:00 DEBUG 44677 --- [users-service] [tomcat-handler-3] o.s.j.d.DataSourceTransactionManager     : Creating new transaction with name [org.meristem.oneapp.usersservice.services.NotificationService.sendOtp]: PROPAGATION_REQUIRED,ISOLATION_DEFAULT
2025-03-29T00:02:43.913+01:00 DEBUG 44677 --- [users-service] [tomcat-handler-3] o.s.j.d.DataSourceTransactionManager     : Acquired Connection [HikariProxyConnection@646190030 wrapping conn0: url=jdbc:h2:mem:mydb user=SA] for JDBC transaction
2025-03-29T00:02:43.913+01:00 DEBUG 44677 --- [users-service] [tomcat-handler-3] o.s.j.d.DataSourceTransactionManager     : Switching JDBC Connection [HikariProxyConnection@646190030 wrapping conn0: url=jdbc:h2:mem:mydb user=SA] to manual commit
2025-03-29T00:02:43.913+01:00 DEBUG 44677 --- [users-service] [tomcat-handler-3] o.s.j.d.DataSourceTransactionManager     : Participating in existing transaction
2025-03-29T00:02:43.915+01:00 DEBUG 44677 --- [users-service] [tomcat-handler-3] o.s.jdbc.core.JdbcTemplate               : Executing prepared SQL update
2025-03-29T00:02:43.915+01:00 DEBUG 44677 --- [users-service] [tomcat-handler-3] o.s.jdbc.core.JdbcTemplate               : Executing prepared SQL statement [UPDATE otp_verification SET expires_at = ? WHERE id = (SELECT id FROM otp_verification WHERE user_id = ? AND otp_type = ? ORDER BY expires_at DESC LIMIT 1)]
2025-03-29T00:02:43.919+01:00 DEBUG 44677 --- [users-service] [tomcat-handler-3] o.s.j.d.DataSourceTransactionManager     : Participating in existing transaction
2025-03-29T00:02:43.923+01:00 DEBUG 44677 --- [users-service] [tomcat-handler-3] o.s.jdbc.core.JdbcTemplate               : Executing SQL update and returning generated keys
2025-03-29T00:02:43.923+01:00 DEBUG 44677 --- [users-service] [tomcat-handler-3] o.s.jdbc.core.JdbcTemplate               : Executing prepared SQL statement [INSERT INTO "otp_verification" ("code", "CREATED_BY", "CREATED_DATE", "expires_at", "LAST_MODIFIED_BY", "LAST_MODIFIED_DATE", "otp_type", "user_id", "verified", "VERSION") VALUES (?, ?, ?, ?, ?, ?, ?, ?, ?, ?)]
2025-03-29T00:02:43.928+01:00 DEBUG 44677 --- [users-service] [tomcat-handler-3] o.s.j.d.DataSourceTransactionManager     : Initiating transaction commit
2025-03-29T00:02:43.929+01:00 DEBUG 44677 --- [users-service] [tomcat-handler-3] o.s.j.d.DataSourceTransactionManager     : Committing JDBC transaction on Connection [HikariProxyConnection@646190030 wrapping conn0: url=jdbc:h2:mem:mydb user=SA]
2025-03-29T00:02:43.930+01:00 DEBUG 44677 --- [users-service] [tomcat-handler-3] o.s.j.d.DataSourceTransactionManager     : Releasing JDBC Connection [HikariProxyConnection@646190030 wrapping conn0: url=jdbc:h2:mem:mydb user=SA] after transaction
2025-03-29T00:02:43.931+01:00 DEBUG 44677 --- [users-service] [tomcat-handler-3] o.s.w.s.m.m.a.HttpEntityMethodProcessor  : Using 'application/json', given [*/*] and supported [application/json]
2025-03-29T00:02:43.931+01:00 DEBUG 44677 --- [users-service] [tomcat-handler-3] o.s.w.s.m.m.a.HttpEntityMethodProcessor  : Writing [AppResponse[timestamp=2025-03-29T00:02:43.930771, status=200 OK, message=Otp sent to kingsleyog95@gm (truncated)...]
2025-03-29T00:02:43.933+01:00 DEBUG 44677 --- [users-service] [tomcat-handler-3] o.s.web.servlet.DispatcherServlet        : Completed 200 OK
2025-03-29T00:03:09.221+01:00 DEBUG 44677 --- [users-service] [HikariPool-1 housekeeper] com.zaxxer.hikari.pool.HikariPool        : HikariPool-1 - Pool stats (total=10, active=0, idle=10, waiting=0)
2025-03-29T00:03:09.224+01:00 DEBUG 44677 --- [users-service] [HikariPool-1 housekeeper] com.zaxxer.hikari.pool.HikariPool        : HikariPool-1 - Fill pool skipped, pool has sufficient level or currently being filled.
2025-03-29T00:03:39.229+01:00 DEBUG 44677 --- [users-service] [HikariPool-1 housekeeper] com.zaxxer.hikari.pool.HikariPool        : HikariPool-1 - Pool stats (total=10, active=0, idle=10, waiting=0)
2025-03-29T00:03:39.231+01:00 DEBUG 44677 --- [users-service] [HikariPool-1 housekeeper] com.zaxxer.hikari.pool.HikariPool        : HikariPool-1 - Fill pool skipped, pool has sufficient level or currently being filled.
2025-03-29T00:04:09.236+01:00 DEBUG 44677 --- [users-service] [HikariPool-1 housekeeper] com.zaxxer.hikari.pool.HikariPool        : HikariPool-1 - Pool stats (total=10, active=0, idle=10, waiting=0)
2025-03-29T00:04:09.238+01:00 DEBUG 44677 --- [users-service] [HikariPool-1 housekeeper] com.zaxxer.hikari.pool.HikariPool        : HikariPool-1 - Fill pool skipped, pool has sufficient level or currently being filled.
2025-03-29T00:04:39.242+01:00 DEBUG 44677 --- [users-service] [HikariPool-1 housekeeper] com.zaxxer.hikari.pool.HikariPool        : HikariPool-1 - Pool stats (total=10, active=0, idle=10, waiting=0)
2025-03-29T00:04:39.243+01:00 DEBUG 44677 --- [users-service] [HikariPool-1 housekeeper] com.zaxxer.hikari.pool.HikariPool        : HikariPool-1 - Fill pool skipped, pool has sufficient level or currently being filled.
2025-03-29T00:05:09.247+01:00 DEBUG 44677 --- [users-service] [HikariPool-1 housekeeper] com.zaxxer.hikari.pool.HikariPool        : HikariPool-1 - Pool stats (total=10, active=0, idle=10, waiting=0)
2025-03-29T00:05:09.248+01:00 DEBUG 44677 --- [users-service] [HikariPool-1 housekeeper] com.zaxxer.hikari.pool.HikariPool        : HikariPool-1 - Fill pool skipped, pool has sufficient level or currently being filled.
2025-03-29T00:05:39.291+01:00 DEBUG 44677 --- [users-service] [HikariPool-1 housekeeper] com.zaxxer.hikari.pool.HikariPool        : HikariPool-1 - Pool stats (total=10, active=0, idle=10, waiting=0)
2025-03-29T00:05:39.293+01:00 DEBUG 44677 --- [users-service] [HikariPool-1 housekeeper] com.zaxxer.hikari.pool.HikariPool        : HikariPool-1 - Fill pool skipped, pool has sufficient level or currently being filled.
2025-03-29T00:06:09.308+01:00 DEBUG 44677 --- [users-service] [HikariPool-1 housekeeper] com.zaxxer.hikari.pool.HikariPool        : HikariPool-1 - Pool stats (total=10, active=0, idle=10, waiting=0)
2025-03-29T00:06:09.311+01:00 DEBUG 44677 --- [users-service] [HikariPool-1 housekeeper] com.zaxxer.hikari.pool.HikariPool        : HikariPool-1 - Fill pool skipped, pool has sufficient level or currently being filled.
2025-03-29T00:06:15.352+01:00 DEBUG 44677 --- [users-service] [tomcat-handler-5] o.s.web.servlet.DispatcherServlet        : POST "/api/users/notification/otp", parameters={}
2025-03-29T00:06:15.354+01:00 DEBUG 44677 --- [users-service] [tomcat-handler-5] s.w.s.m.m.a.RequestMappingHandlerMapping : Mapped to org.meristem.oneapp.usersservice.controllers.NotificationController#sendOtp(SendOtpRequest)
2025-03-29T00:06:15.356+01:00 DEBUG 44677 --- [users-service] [tomcat-handler-5] m.m.a.RequestResponseBodyMethodProcessor : Read "application/json;charset=UTF-8" to [SendOtpRequest[otpType=1, recipient=kingsleyog95@gmail.com]]
2025-03-29T00:06:15.357+01:00 DEBUG 44677 --- [users-service] [tomcat-handler-5] o.s.j.d.DataSourceTransactionManager     : Creating new transaction with name [org.meristem.oneapp.usersservice.services.NotificationService.sendOtp]: PROPAGATION_REQUIRED,ISOLATION_DEFAULT
2025-03-29T00:06:15.357+01:00 DEBUG 44677 --- [users-service] [tomcat-handler-5] o.s.j.d.DataSourceTransactionManager     : Acquired Connection [HikariProxyConnection@1017840138 wrapping conn0: url=jdbc:h2:mem:mydb user=SA] for JDBC transaction
2025-03-29T00:06:15.357+01:00 DEBUG 44677 --- [users-service] [tomcat-handler-5] o.s.j.d.DataSourceTransactionManager     : Switching JDBC Connection [HikariProxyConnection@1017840138 wrapping conn0: url=jdbc:h2:mem:mydb user=SA] to manual commit
2025-03-29T00:06:15.358+01:00 DEBUG 44677 --- [users-service] [tomcat-handler-5] o.s.j.d.DataSourceTransactionManager     : Participating in existing transaction
2025-03-29T00:06:15.359+01:00 DEBUG 44677 --- [users-service] [tomcat-handler-5] o.s.jdbc.core.JdbcTemplate               : Executing prepared SQL update
2025-03-29T00:06:15.359+01:00 DEBUG 44677 --- [users-service] [tomcat-handler-5] o.s.jdbc.core.JdbcTemplate               : Executing prepared SQL statement [UPDATE otp_verification SET expires_at = ? WHERE id = (SELECT id FROM otp_verification WHERE user_id = ? AND otp_type = ? ORDER BY expires_at DESC LIMIT 1)]
2025-03-29T00:06:15.360+01:00 DEBUG 44677 --- [users-service] [tomcat-handler-5] o.s.j.d.DataSourceTransactionManager     : Participating in existing transaction
2025-03-29T00:06:15.362+01:00 DEBUG 44677 --- [users-service] [tomcat-handler-5] o.s.jdbc.core.JdbcTemplate               : Executing SQL update and returning generated keys
2025-03-29T00:06:15.362+01:00 DEBUG 44677 --- [users-service] [tomcat-handler-5] o.s.jdbc.core.JdbcTemplate               : Executing prepared SQL statement [INSERT INTO "otp_verification" ("code", "CREATED_BY", "CREATED_DATE", "expires_at", "LAST_MODIFIED_BY", "LAST_MODIFIED_DATE", "otp_type", "user_id", "verified", "VERSION") VALUES (?, ?, ?, ?, ?, ?, ?, ?, ?, ?)]
2025-03-29T00:06:15.364+01:00 DEBUG 44677 --- [users-service] [tomcat-handler-5] o.s.j.d.DataSourceTransactionManager     : Initiating transaction commit
2025-03-29T00:06:15.364+01:00 DEBUG 44677 --- [users-service] [tomcat-handler-5] o.s.j.d.DataSourceTransactionManager     : Committing JDBC transaction on Connection [HikariProxyConnection@1017840138 wrapping conn0: url=jdbc:h2:mem:mydb user=SA]
2025-03-29T00:06:15.364+01:00 DEBUG 44677 --- [users-service] [tomcat-handler-5] o.s.j.d.DataSourceTransactionManager     : Releasing JDBC Connection [HikariProxyConnection@1017840138 wrapping conn0: url=jdbc:h2:mem:mydb user=SA] after transaction
2025-03-29T00:06:15.365+01:00 DEBUG 44677 --- [users-service] [tomcat-handler-5] o.s.w.s.m.m.a.HttpEntityMethodProcessor  : Using 'application/json', given [*/*] and supported [application/json]
2025-03-29T00:06:15.365+01:00 DEBUG 44677 --- [users-service] [tomcat-handler-5] o.s.w.s.m.m.a.HttpEntityMethodProcessor  : Writing [AppResponse[timestamp=2025-03-29T00:06:15.365058, status=200 OK, message=Otp sent to kingsleyog95@gm (truncated)...]
2025-03-29T00:06:15.366+01:00 DEBUG 44677 --- [users-service] [tomcat-handler-5] o.s.web.servlet.DispatcherServlet        : Completed 200 OK
2025-03-29T00:06:15.763+01:00 DEBUG 44677 --- [users-service] [tomcat-handler-6] o.s.web.servlet.DispatcherServlet        : POST "/api/users/notification/otp", parameters={}
2025-03-29T00:06:15.764+01:00 DEBUG 44677 --- [users-service] [tomcat-handler-6] s.w.s.m.m.a.RequestMappingHandlerMapping : Mapped to org.meristem.oneapp.usersservice.controllers.NotificationController#sendOtp(SendOtpRequest)
2025-03-29T00:06:15.765+01:00 DEBUG 44677 --- [users-service] [tomcat-handler-6] m.m.a.RequestResponseBodyMethodProcessor : Read "application/json;charset=UTF-8" to [SendOtpRequest[otpType=1, recipient=kingsleyog95@gmail.com]]
2025-03-29T00:06:15.765+01:00 DEBUG 44677 --- [users-service] [tomcat-handler-6] o.s.j.d.DataSourceTransactionManager     : Creating new transaction with name [org.meristem.oneapp.usersservice.services.NotificationService.sendOtp]: PROPAGATION_REQUIRED,ISOLATION_DEFAULT
2025-03-29T00:06:15.765+01:00 DEBUG 44677 --- [users-service] [tomcat-handler-6] o.s.j.d.DataSourceTransactionManager     : Acquired Connection [HikariProxyConnection@1934750164 wrapping conn0: url=jdbc:h2:mem:mydb user=SA] for JDBC transaction
2025-03-29T00:06:15.765+01:00 DEBUG 44677 --- [users-service] [tomcat-handler-6] o.s.j.d.DataSourceTransactionManager     : Switching JDBC Connection [HikariProxyConnection@1934750164 wrapping conn0: url=jdbc:h2:mem:mydb user=SA] to manual commit
2025-03-29T00:06:15.766+01:00 DEBUG 44677 --- [users-service] [tomcat-handler-6] o.s.j.d.DataSourceTransactionManager     : Participating in existing transaction
2025-03-29T00:06:15.766+01:00 DEBUG 44677 --- [users-service] [tomcat-handler-6] o.s.jdbc.core.JdbcTemplate               : Executing prepared SQL update
2025-03-29T00:06:15.766+01:00 DEBUG 44677 --- [users-service] [tomcat-handler-6] o.s.jdbc.core.JdbcTemplate               : Executing prepared SQL statement [UPDATE otp_verification SET expires_at = ? WHERE id = (SELECT id FROM otp_verification WHERE user_id = ? AND otp_type = ? ORDER BY expires_at DESC LIMIT 1)]
2025-03-29T00:06:15.768+01:00 DEBUG 44677 --- [users-service] [tomcat-handler-6] o.s.j.d.DataSourceTransactionManager     : Participating in existing transaction
2025-03-29T00:06:15.769+01:00 DEBUG 44677 --- [users-service] [tomcat-handler-6] o.s.jdbc.core.JdbcTemplate               : Executing SQL update and returning generated keys
2025-03-29T00:06:15.769+01:00 DEBUG 44677 --- [users-service] [tomcat-handler-6] o.s.jdbc.core.JdbcTemplate               : Executing prepared SQL statement [INSERT INTO "otp_verification" ("code", "CREATED_BY", "CREATED_DATE", "expires_at", "LAST_MODIFIED_BY", "LAST_MODIFIED_DATE", "otp_type", "user_id", "verified", "VERSION") VALUES (?, ?, ?, ?, ?, ?, ?, ?, ?, ?)]
2025-03-29T00:06:15.770+01:00 DEBUG 44677 --- [users-service] [tomcat-handler-6] o.s.j.d.DataSourceTransactionManager     : Initiating transaction commit
2025-03-29T00:06:15.770+01:00 DEBUG 44677 --- [users-service] [tomcat-handler-6] o.s.j.d.DataSourceTransactionManager     : Committing JDBC transaction on Connection [HikariProxyConnection@1934750164 wrapping conn0: url=jdbc:h2:mem:mydb user=SA]
2025-03-29T00:06:15.770+01:00 DEBUG 44677 --- [users-service] [tomcat-handler-6] o.s.j.d.DataSourceTransactionManager     : Releasing JDBC Connection [HikariProxyConnection@1934750164 wrapping conn0: url=jdbc:h2:mem:mydb user=SA] after transaction
2025-03-29T00:06:15.771+01:00 DEBUG 44677 --- [users-service] [tomcat-handler-6] o.s.w.s.m.m.a.HttpEntityMethodProcessor  : Using 'application/json', given [*/*] and supported [application/json]
2025-03-29T00:06:15.772+01:00 DEBUG 44677 --- [users-service] [tomcat-handler-6] o.s.w.s.m.m.a.HttpEntityMethodProcessor  : Writing [AppResponse[timestamp=2025-03-29T00:06:15.770927, status=200 OK, message=Otp sent to kingsleyog95@gm (truncated)...]
2025-03-29T00:06:15.773+01:00 DEBUG 44677 --- [users-service] [tomcat-handler-6] o.s.web.servlet.DispatcherServlet        : Completed 200 OK
2025-03-29T00:06:16.243+01:00 DEBUG 44677 --- [users-service] [tomcat-handler-7] o.s.web.servlet.DispatcherServlet        : POST "/api/users/notification/otp", parameters={}
2025-03-29T00:06:16.244+01:00 DEBUG 44677 --- [users-service] [tomcat-handler-7] s.w.s.m.m.a.RequestMappingHandlerMapping : Mapped to org.meristem.oneapp.usersservice.controllers.NotificationController#sendOtp(SendOtpRequest)
2025-03-29T00:06:16.245+01:00 DEBUG 44677 --- [users-service] [tomcat-handler-7] m.m.a.RequestResponseBodyMethodProcessor : Read "application/json;charset=UTF-8" to [SendOtpRequest[otpType=1, recipient=kingsleyog95@gmail.com]]
2025-03-29T00:06:16.246+01:00 DEBUG 44677 --- [users-service] [tomcat-handler-7] o.s.j.d.DataSourceTransactionManager     : Creating new transaction with name [org.meristem.oneapp.usersservice.services.NotificationService.sendOtp]: PROPAGATION_REQUIRED,ISOLATION_DEFAULT
2025-03-29T00:06:16.246+01:00 DEBUG 44677 --- [users-service] [tomcat-handler-7] o.s.j.d.DataSourceTransactionManager     : Acquired Connection [HikariProxyConnection@1876790757 wrapping conn0: url=jdbc:h2:mem:mydb user=SA] for JDBC transaction
2025-03-29T00:06:16.246+01:00 DEBUG 44677 --- [users-service] [tomcat-handler-7] o.s.j.d.DataSourceTransactionManager     : Switching JDBC Connection [HikariProxyConnection@1876790757 wrapping conn0: url=jdbc:h2:mem:mydb user=SA] to manual commit
2025-03-29T00:06:16.247+01:00 DEBUG 44677 --- [users-service] [tomcat-handler-7] o.s.j.d.DataSourceTransactionManager     : Participating in existing transaction
2025-03-29T00:06:16.248+01:00 DEBUG 44677 --- [users-service] [tomcat-handler-7] o.s.jdbc.core.JdbcTemplate               : Executing prepared SQL update
2025-03-29T00:06:16.248+01:00 DEBUG 44677 --- [users-service] [tomcat-handler-7] o.s.jdbc.core.JdbcTemplate               : Executing prepared SQL statement [UPDATE otp_verification SET expires_at = ? WHERE id = (SELECT id FROM otp_verification WHERE user_id = ? AND otp_type = ? ORDER BY expires_at DESC LIMIT 1)]
2025-03-29T00:06:16.250+01:00 DEBUG 44677 --- [users-service] [tomcat-handler-7] o.s.j.d.DataSourceTransactionManager     : Participating in existing transaction
2025-03-29T00:06:16.253+01:00 DEBUG 44677 --- [users-service] [tomcat-handler-7] o.s.jdbc.core.JdbcTemplate               : Executing SQL update and returning generated keys
2025-03-29T00:06:16.253+01:00 DEBUG 44677 --- [users-service] [tomcat-handler-7] o.s.jdbc.core.JdbcTemplate               : Executing prepared SQL statement [INSERT INTO "otp_verification" ("code", "CREATED_BY", "CREATED_DATE", "expires_at", "LAST_MODIFIED_BY", "LAST_MODIFIED_DATE", "otp_type", "user_id", "verified", "VERSION") VALUES (?, ?, ?, ?, ?, ?, ?, ?, ?, ?)]
2025-03-29T00:06:16.253+01:00 DEBUG 44677 --- [users-service] [tomcat-handler-7] o.s.j.d.DataSourceTransactionManager     : Initiating transaction commit
2025-03-29T00:06:16.253+01:00 DEBUG 44677 --- [users-service] [tomcat-handler-7] o.s.j.d.DataSourceTransactionManager     : Committing JDBC transaction on Connection [HikariProxyConnection@1876790757 wrapping conn0: url=jdbc:h2:mem:mydb user=SA]
2025-03-29T00:06:16.254+01:00 DEBUG 44677 --- [users-service] [tomcat-handler-7] o.s.j.d.DataSourceTransactionManager     : Releasing JDBC Connection [HikariProxyConnection@1876790757 wrapping conn0: url=jdbc:h2:mem:mydb user=SA] after transaction
2025-03-29T00:06:16.254+01:00 DEBUG 44677 --- [users-service] [tomcat-handler-7] o.s.w.s.m.m.a.HttpEntityMethodProcessor  : Using 'application/json', given [*/*] and supported [application/json]
2025-03-29T00:06:16.254+01:00 DEBUG 44677 --- [users-service] [tomcat-handler-7] o.s.w.s.m.m.a.HttpEntityMethodProcessor  : Writing [AppResponse[timestamp=2025-03-29T00:06:16.254376, status=200 OK, message=Otp sent to kingsleyog95@gm (truncated)...]
2025-03-29T00:06:16.255+01:00 DEBUG 44677 --- [users-service] [tomcat-handler-7] o.s.web.servlet.DispatcherServlet        : Completed 200 OK
2025-03-29T00:06:22.584+01:00 DEBUG 44677 --- [users-service] [tomcat-handler-8] o.s.web.servlet.DispatcherServlet        : POST "/api/users/notification/otp", parameters={}
2025-03-29T00:06:22.591+01:00 DEBUG 44677 --- [users-service] [tomcat-handler-8] s.w.s.m.m.a.RequestMappingHandlerMapping : Mapped to org.meristem.oneapp.usersservice.controllers.NotificationController#sendOtp(SendOtpRequest)
2025-03-29T00:06:22.600+01:00 DEBUG 44677 --- [users-service] [tomcat-handler-8] m.m.a.RequestResponseBodyMethodProcessor : Read "application/json;charset=UTF-8" to [SendOtpRequest[otpType=1, recipient=kingsleyog95@gmail.com]]
2025-03-29T00:06:22.601+01:00 DEBUG 44677 --- [users-service] [tomcat-handler-8] o.s.j.d.DataSourceTransactionManager     : Creating new transaction with name [org.meristem.oneapp.usersservice.services.NotificationService.sendOtp]: PROPAGATION_REQUIRED,ISOLATION_DEFAULT
2025-03-29T00:06:22.602+01:00 DEBUG 44677 --- [users-service] [tomcat-handler-8] o.s.j.d.DataSourceTransactionManager     : Acquired Connection [HikariProxyConnection@1960420250 wrapping conn0: url=jdbc:h2:mem:mydb user=SA] for JDBC transaction
2025-03-29T00:06:22.602+01:00 DEBUG 44677 --- [users-service] [tomcat-handler-8] o.s.j.d.DataSourceTransactionManager     : Switching JDBC Connection [HikariProxyConnection@1960420250 wrapping conn0: url=jdbc:h2:mem:mydb user=SA] to manual commit
2025-03-29T00:06:22.603+01:00 DEBUG 44677 --- [users-service] [tomcat-handler-8] o.s.j.d.DataSourceTransactionManager     : Participating in existing transaction
2025-03-29T00:06:22.604+01:00 DEBUG 44677 --- [users-service] [tomcat-handler-8] o.s.jdbc.core.JdbcTemplate               : Executing prepared SQL update
2025-03-29T00:06:22.605+01:00 DEBUG 44677 --- [users-service] [tomcat-handler-8] o.s.jdbc.core.JdbcTemplate               : Executing prepared SQL statement [UPDATE otp_verification SET expires_at = ? WHERE id = (SELECT id FROM otp_verification WHERE user_id = ? AND otp_type = ? ORDER BY expires_at DESC LIMIT 1)]
2025-03-29T00:06:22.607+01:00 DEBUG 44677 --- [users-service] [tomcat-handler-8] o.s.j.d.DataSourceTransactionManager     : Participating in existing transaction
2025-03-29T00:06:22.609+01:00 DEBUG 44677 --- [users-service] [tomcat-handler-8] o.s.jdbc.core.JdbcTemplate               : Executing SQL update and returning generated keys
2025-03-29T00:06:22.609+01:00 DEBUG 44677 --- [users-service] [tomcat-handler-8] o.s.jdbc.core.JdbcTemplate               : Executing prepared SQL statement [INSERT INTO "otp_verification" ("code", "CREATED_BY", "CREATED_DATE", "expires_at", "LAST_MODIFIED_BY", "LAST_MODIFIED_DATE", "otp_type", "user_id", "verified", "VERSION") VALUES (?, ?, ?, ?, ?, ?, ?, ?, ?, ?)]
2025-03-29T00:06:22.610+01:00 DEBUG 44677 --- [users-service] [tomcat-handler-8] o.s.j.d.DataSourceTransactionManager     : Initiating transaction commit
2025-03-29T00:06:22.610+01:00 DEBUG 44677 --- [users-service] [tomcat-handler-8] o.s.j.d.DataSourceTransactionManager     : Committing JDBC transaction on Connection [HikariProxyConnection@1960420250 wrapping conn0: url=jdbc:h2:mem:mydb user=SA]
2025-03-29T00:06:22.611+01:00 DEBUG 44677 --- [users-service] [tomcat-handler-8] o.s.j.d.DataSourceTransactionManager     : Releasing JDBC Connection [HikariProxyConnection@1960420250 wrapping conn0: url=jdbc:h2:mem:mydb user=SA] after transaction
2025-03-29T00:06:22.611+01:00 DEBUG 44677 --- [users-service] [tomcat-handler-8] o.s.w.s.m.m.a.HttpEntityMethodProcessor  : Using 'application/json', given [*/*] and supported [application/json]
2025-03-29T00:06:22.611+01:00 DEBUG 44677 --- [users-service] [tomcat-handler-8] o.s.w.s.m.m.a.HttpEntityMethodProcessor  : Writing [AppResponse[timestamp=2025-03-29T00:06:22.611125, status=200 OK, message=Otp sent to kingsleyog95@gm (truncated)...]
2025-03-29T00:06:22.614+01:00 DEBUG 44677 --- [users-service] [tomcat-handler-8] o.s.web.servlet.DispatcherServlet        : Completed 200 OK
2025-03-29T00:06:22.981+01:00 DEBUG 44677 --- [users-service] [tomcat-handler-9] o.s.web.servlet.DispatcherServlet        : POST "/api/users/notification/otp", parameters={}
2025-03-29T00:06:22.981+01:00 DEBUG 44677 --- [users-service] [tomcat-handler-9] s.w.s.m.m.a.RequestMappingHandlerMapping : Mapped to org.meristem.oneapp.usersservice.controllers.NotificationController#sendOtp(SendOtpRequest)
2025-03-29T00:06:22.982+01:00 DEBUG 44677 --- [users-service] [tomcat-handler-9] m.m.a.RequestResponseBodyMethodProcessor : Read "application/json;charset=UTF-8" to [SendOtpRequest[otpType=1, recipient=kingsleyog95@gmail.com]]
2025-03-29T00:06:22.982+01:00 DEBUG 44677 --- [users-service] [tomcat-handler-9] o.s.j.d.DataSourceTransactionManager     : Creating new transaction with name [org.meristem.oneapp.usersservice.services.NotificationService.sendOtp]: PROPAGATION_REQUIRED,ISOLATION_DEFAULT
2025-03-29T00:06:22.982+01:00 DEBUG 44677 --- [users-service] [tomcat-handler-9] o.s.j.d.DataSourceTransactionManager     : Acquired Connection [HikariProxyConnection@1441980007 wrapping conn0: url=jdbc:h2:mem:mydb user=SA] for JDBC transaction
2025-03-29T00:06:22.982+01:00 DEBUG 44677 --- [users-service] [tomcat-handler-9] o.s.j.d.DataSourceTransactionManager     : Switching JDBC Connection [HikariProxyConnection@1441980007 wrapping conn0: url=jdbc:h2:mem:mydb user=SA] to manual commit
2025-03-29T00:06:22.982+01:00 DEBUG 44677 --- [users-service] [tomcat-handler-9] o.s.j.d.DataSourceTransactionManager     : Participating in existing transaction
2025-03-29T00:06:22.983+01:00 DEBUG 44677 --- [users-service] [tomcat-handler-9] o.s.jdbc.core.JdbcTemplate               : Executing prepared SQL update
2025-03-29T00:06:22.983+01:00 DEBUG 44677 --- [users-service] [tomcat-handler-9] o.s.jdbc.core.JdbcTemplate               : Executing prepared SQL statement [UPDATE otp_verification SET expires_at = ? WHERE id = (SELECT id FROM otp_verification WHERE user_id = ? AND otp_type = ? ORDER BY expires_at DESC LIMIT 1)]
2025-03-29T00:06:22.983+01:00 DEBUG 44677 --- [users-service] [tomcat-handler-9] o.s.j.d.DataSourceTransactionManager     : Participating in existing transaction
2025-03-29T00:06:22.984+01:00 DEBUG 44677 --- [users-service] [tomcat-handler-9] o.s.jdbc.core.JdbcTemplate               : Executing SQL update and returning generated keys
2025-03-29T00:06:22.984+01:00 DEBUG 44677 --- [users-service] [tomcat-handler-9] o.s.jdbc.core.JdbcTemplate               : Executing prepared SQL statement [INSERT INTO "otp_verification" ("code", "CREATED_BY", "CREATED_DATE", "expires_at", "LAST_MODIFIED_BY", "LAST_MODIFIED_DATE", "otp_type", "user_id", "verified", "VERSION") VALUES (?, ?, ?, ?, ?, ?, ?, ?, ?, ?)]
2025-03-29T00:06:22.985+01:00 DEBUG 44677 --- [users-service] [tomcat-handler-9] o.s.j.d.DataSourceTransactionManager     : Initiating transaction commit
2025-03-29T00:06:22.985+01:00 DEBUG 44677 --- [users-service] [tomcat-handler-9] o.s.j.d.DataSourceTransactionManager     : Committing JDBC transaction on Connection [HikariProxyConnection@1441980007 wrapping conn0: url=jdbc:h2:mem:mydb user=SA]
2025-03-29T00:06:22.986+01:00 DEBUG 44677 --- [users-service] [tomcat-handler-9] o.s.j.d.DataSourceTransactionManager     : Releasing JDBC Connection [HikariProxyConnection@1441980007 wrapping conn0: url=jdbc:h2:mem:mydb user=SA] after transaction
2025-03-29T00:06:22.986+01:00 DEBUG 44677 --- [users-service] [tomcat-handler-9] o.s.w.s.m.m.a.HttpEntityMethodProcessor  : Using 'application/json', given [*/*] and supported [application/json]
2025-03-29T00:06:22.986+01:00 DEBUG 44677 --- [users-service] [tomcat-handler-9] o.s.w.s.m.m.a.HttpEntityMethodProcessor  : Writing [AppResponse[timestamp=2025-03-29T00:06:22.986087, status=200 OK, message=Otp sent to kingsleyog95@gm (truncated)...]
2025-03-29T00:06:22.987+01:00 DEBUG 44677 --- [users-service] [tomcat-handler-9] o.s.web.servlet.DispatcherServlet        : Completed 200 OK
2025-03-29T00:06:23.390+01:00 DEBUG 44677 --- [users-service] [tomcat-handler-10] o.s.web.servlet.DispatcherServlet        : POST "/api/users/notification/otp", parameters={}
2025-03-29T00:06:23.390+01:00 DEBUG 44677 --- [users-service] [tomcat-handler-10] s.w.s.m.m.a.RequestMappingHandlerMapping : Mapped to org.meristem.oneapp.usersservice.controllers.NotificationController#sendOtp(SendOtpRequest)
2025-03-29T00:06:23.391+01:00 DEBUG 44677 --- [users-service] [tomcat-handler-10] m.m.a.RequestResponseBodyMethodProcessor : Read "application/json;charset=UTF-8" to [SendOtpRequest[otpType=1, recipient=kingsleyog95@gmail.com]]
2025-03-29T00:06:23.391+01:00 DEBUG 44677 --- [users-service] [tomcat-handler-10] o.s.j.d.DataSourceTransactionManager     : Creating new transaction with name [org.meristem.oneapp.usersservice.services.NotificationService.sendOtp]: PROPAGATION_REQUIRED,ISOLATION_DEFAULT
2025-03-29T00:06:23.391+01:00 DEBUG 44677 --- [users-service] [tomcat-handler-10] o.s.j.d.DataSourceTransactionManager     : Acquired Connection [HikariProxyConnection@1354267204 wrapping conn0: url=jdbc:h2:mem:mydb user=SA] for JDBC transaction
2025-03-29T00:06:23.391+01:00 DEBUG 44677 --- [users-service] [tomcat-handler-10] o.s.j.d.DataSourceTransactionManager     : Switching JDBC Connection [HikariProxyConnection@1354267204 wrapping conn0: url=jdbc:h2:mem:mydb user=SA] to manual commit
2025-03-29T00:06:23.391+01:00 DEBUG 44677 --- [users-service] [tomcat-handler-10] o.s.j.d.DataSourceTransactionManager     : Participating in existing transaction
2025-03-29T00:06:23.391+01:00 DEBUG 44677 --- [users-service] [tomcat-handler-10] o.s.jdbc.core.JdbcTemplate               : Executing prepared SQL update
2025-03-29T00:06:23.391+01:00 DEBUG 44677 --- [users-service] [tomcat-handler-10] o.s.jdbc.core.JdbcTemplate               : Executing prepared SQL statement [UPDATE otp_verification SET expires_at = ? WHERE id = (SELECT id FROM otp_verification WHERE user_id = ? AND otp_type = ? ORDER BY expires_at DESC LIMIT 1)]
2025-03-29T00:06:23.393+01:00 DEBUG 44677 --- [users-service] [tomcat-handler-10] o.s.j.d.DataSourceTransactionManager     : Participating in existing transaction
2025-03-29T00:06:23.394+01:00 DEBUG 44677 --- [users-service] [tomcat-handler-10] o.s.jdbc.core.JdbcTemplate               : Executing SQL update and returning generated keys
2025-03-29T00:06:23.394+01:00 DEBUG 44677 --- [users-service] [tomcat-handler-10] o.s.jdbc.core.JdbcTemplate               : Executing prepared SQL statement [INSERT INTO "otp_verification" ("code", "CREATED_BY", "CREATED_DATE", "expires_at", "LAST_MODIFIED_BY", "LAST_MODIFIED_DATE", "otp_type", "user_id", "verified", "VERSION") VALUES (?, ?, ?, ?, ?, ?, ?, ?, ?, ?)]
2025-03-29T00:06:23.394+01:00 DEBUG 44677 --- [users-service] [tomcat-handler-10] o.s.j.d.DataSourceTransactionManager     : Initiating transaction commit
2025-03-29T00:06:23.394+01:00 DEBUG 44677 --- [users-service] [tomcat-handler-10] o.s.j.d.DataSourceTransactionManager     : Committing JDBC transaction on Connection [HikariProxyConnection@1354267204 wrapping conn0: url=jdbc:h2:mem:mydb user=SA]
2025-03-29T00:06:23.394+01:00 DEBUG 44677 --- [users-service] [tomcat-handler-10] o.s.j.d.DataSourceTransactionManager     : Releasing JDBC Connection [HikariProxyConnection@1354267204 wrapping conn0: url=jdbc:h2:mem:mydb user=SA] after transaction
2025-03-29T00:06:23.395+01:00 DEBUG 44677 --- [users-service] [tomcat-handler-10] o.s.w.s.m.m.a.HttpEntityMethodProcessor  : Using 'application/json', given [*/*] and supported [application/json]
2025-03-29T00:06:23.395+01:00 DEBUG 44677 --- [users-service] [tomcat-handler-10] o.s.w.s.m.m.a.HttpEntityMethodProcessor  : Writing [AppResponse[timestamp=2025-03-29T00:06:23.394985, status=200 OK, message=Otp sent to kingsleyog95@gm (truncated)...]
2025-03-29T00:06:23.395+01:00 DEBUG 44677 --- [users-service] [tomcat-handler-10] o.s.web.servlet.DispatcherServlet        : Completed 200 OK
2025-03-29T00:06:39.319+01:00 DEBUG 44677 --- [users-service] [HikariPool-1 housekeeper] com.zaxxer.hikari.pool.HikariPool        : HikariPool-1 - Pool stats (total=10, active=0, idle=10, waiting=0)
2025-03-29T00:06:39.320+01:00 DEBUG 44677 --- [users-service] [HikariPool-1 housekeeper] com.zaxxer.hikari.pool.HikariPool        : HikariPool-1 - Fill pool skipped, pool has sufficient level or currently being filled.
2025-03-29T00:07:03.130+01:00 DEBUG 44677 --- [users-service] [tomcat-handler-11] o.s.web.servlet.DispatcherServlet        : POST "/api/users/notification/otp", parameters={}
2025-03-29T00:07:03.142+01:00 DEBUG 44677 --- [users-service] [tomcat-handler-11] s.w.s.m.m.a.RequestMappingHandlerMapping : Mapped to org.meristem.oneapp.usersservice.controllers.NotificationController#sendOtp(SendOtpRequest)
2025-03-29T00:07:03.148+01:00 DEBUG 44677 --- [users-service] [tomcat-handler-11] m.m.a.RequestResponseBodyMethodProcessor : Read "application/json;charset=UTF-8" to [SendOtpRequest[otpType=1, recipient=kingsleyog95@gmail.com]]
2025-03-29T00:07:03.156+01:00 DEBUG 44677 --- [users-service] [tomcat-handler-11] o.s.j.d.DataSourceTransactionManager     : Creating new transaction with name [org.meristem.oneapp.usersservice.services.NotificationService.sendOtp]: PROPAGATION_REQUIRED,ISOLATION_DEFAULT
2025-03-29T00:07:03.157+01:00 DEBUG 44677 --- [users-service] [tomcat-handler-11] o.s.j.d.DataSourceTransactionManager     : Acquired Connection [HikariProxyConnection@1659545447 wrapping conn0: url=jdbc:h2:mem:mydb user=SA] for JDBC transaction
2025-03-29T00:07:03.157+01:00 DEBUG 44677 --- [users-service] [tomcat-handler-11] o.s.j.d.DataSourceTransactionManager     : Switching JDBC Connection [HikariProxyConnection@1659545447 wrapping conn0: url=jdbc:h2:mem:mydb user=SA] to manual commit
2025-03-29T00:07:03.159+01:00 DEBUG 44677 --- [users-service] [tomcat-handler-11] o.s.j.d.DataSourceTransactionManager     : Participating in existing transaction
2025-03-29T00:07:03.160+01:00 DEBUG 44677 --- [users-service] [tomcat-handler-11] o.s.jdbc.core.JdbcTemplate               : Executing prepared SQL update
2025-03-29T00:07:03.160+01:00 DEBUG 44677 --- [users-service] [tomcat-handler-11] o.s.jdbc.core.JdbcTemplate               : Executing prepared SQL statement [UPDATE otp_verification SET expires_at = ? WHERE id = (SELECT id FROM otp_verification WHERE user_id = ? AND otp_type = ? ORDER BY expires_at DESC LIMIT 1)]
2025-03-29T00:07:03.162+01:00 DEBUG 44677 --- [users-service] [tomcat-handler-11] o.s.j.d.DataSourceTransactionManager     : Participating in existing transaction
2025-03-29T00:07:03.165+01:00 DEBUG 44677 --- [users-service] [tomcat-handler-11] o.s.jdbc.core.JdbcTemplate               : Executing SQL update and returning generated keys
2025-03-29T00:07:03.165+01:00 DEBUG 44677 --- [users-service] [tomcat-handler-11] o.s.jdbc.core.JdbcTemplate               : Executing prepared SQL statement [INSERT INTO "otp_verification" ("code", "CREATED_BY", "CREATED_DATE", "expires_at", "LAST_MODIFIED_BY", "LAST_MODIFIED_DATE", "otp_type", "user_id", "verified", "VERSION") VALUES (?, ?, ?, ?, ?, ?, ?, ?, ?, ?)]
2025-03-29T00:07:03.167+01:00 DEBUG 44677 --- [users-service] [tomcat-handler-11] o.s.j.d.DataSourceTransactionManager     : Initiating transaction commit
2025-03-29T00:07:03.167+01:00 DEBUG 44677 --- [users-service] [tomcat-handler-11] o.s.j.d.DataSourceTransactionManager     : Committing JDBC transaction on Connection [HikariProxyConnection@1659545447 wrapping conn0: url=jdbc:h2:mem:mydb user=SA]
2025-03-29T00:07:03.167+01:00 DEBUG 44677 --- [users-service] [tomcat-handler-11] o.s.j.d.DataSourceTransactionManager     : Releasing JDBC Connection [HikariProxyConnection@1659545447 wrapping conn0: url=jdbc:h2:mem:mydb user=SA] after transaction
2025-03-29T00:07:03.168+01:00 DEBUG 44677 --- [users-service] [tomcat-handler-11] o.s.w.s.m.m.a.HttpEntityMethodProcessor  : Using 'application/json', given [*/*] and supported [application/json]
2025-03-29T00:07:03.168+01:00 DEBUG 44677 --- [users-service] [tomcat-handler-11] o.s.w.s.m.m.a.HttpEntityMethodProcessor  : Writing [AppResponse[timestamp=2025-03-29T00:07:03.167820, status=200 OK, message=Otp sent to kingsleyog95@gm (truncated)...]
2025-03-29T00:07:03.169+01:00 DEBUG 44677 --- [users-service] [tomcat-handler-11] o.s.web.servlet.DispatcherServlet        : Completed 200 OK
2025-03-29T00:07:03.667+01:00 DEBUG 44677 --- [users-service] [tomcat-handler-12] o.s.web.servlet.DispatcherServlet        : POST "/api/users/notification/otp", parameters={}
2025-03-29T00:07:03.668+01:00 DEBUG 44677 --- [users-service] [tomcat-handler-12] s.w.s.m.m.a.RequestMappingHandlerMapping : Mapped to org.meristem.oneapp.usersservice.controllers.NotificationController#sendOtp(SendOtpRequest)
2025-03-29T00:07:03.670+01:00 DEBUG 44677 --- [users-service] [tomcat-handler-12] m.m.a.RequestResponseBodyMethodProcessor : Read "application/json;charset=UTF-8" to [SendOtpRequest[otpType=1, recipient=kingsleyog95@gmail.com]]
2025-03-29T00:07:03.671+01:00 DEBUG 44677 --- [users-service] [tomcat-handler-12] o.s.j.d.DataSourceTransactionManager     : Creating new transaction with name [org.meristem.oneapp.usersservice.services.NotificationService.sendOtp]: PROPAGATION_REQUIRED,ISOLATION_DEFAULT
2025-03-29T00:07:03.671+01:00 DEBUG 44677 --- [users-service] [tomcat-handler-12] o.s.j.d.DataSourceTransactionManager     : Acquired Connection [HikariProxyConnection@756047729 wrapping conn0: url=jdbc:h2:mem:mydb user=SA] for JDBC transaction
2025-03-29T00:07:03.672+01:00 DEBUG 44677 --- [users-service] [tomcat-handler-12] o.s.j.d.DataSourceTransactionManager     : Switching JDBC Connection [HikariProxyConnection@756047729 wrapping conn0: url=jdbc:h2:mem:mydb user=SA] to manual commit
2025-03-29T00:07:03.673+01:00 DEBUG 44677 --- [users-service] [tomcat-handler-12] o.s.j.d.DataSourceTransactionManager     : Participating in existing transaction
2025-03-29T00:07:03.673+01:00 DEBUG 44677 --- [users-service] [tomcat-handler-12] o.s.jdbc.core.JdbcTemplate               : Executing prepared SQL update
2025-03-29T00:07:03.673+01:00 DEBUG 44677 --- [users-service] [tomcat-handler-12] o.s.jdbc.core.JdbcTemplate               : Executing prepared SQL statement [UPDATE otp_verification SET expires_at = ? WHERE id = (SELECT id FROM otp_verification WHERE user_id = ? AND otp_type = ? ORDER BY expires_at DESC LIMIT 1)]
2025-03-29T00:07:03.675+01:00 DEBUG 44677 --- [users-service] [tomcat-handler-12] o.s.j.d.DataSourceTransactionManager     : Participating in existing transaction
2025-03-29T00:07:03.676+01:00 DEBUG 44677 --- [users-service] [tomcat-handler-12] o.s.jdbc.core.JdbcTemplate               : Executing SQL update and returning generated keys
2025-03-29T00:07:03.677+01:00 DEBUG 44677 --- [users-service] [tomcat-handler-12] o.s.jdbc.core.JdbcTemplate               : Executing prepared SQL statement [INSERT INTO "otp_verification" ("code", "CREATED_BY", "CREATED_DATE", "expires_at", "LAST_MODIFIED_BY", "LAST_MODIFIED_DATE", "otp_type", "user_id", "verified", "VERSION") VALUES (?, ?, ?, ?, ?, ?, ?, ?, ?, ?)]
2025-03-29T00:07:03.678+01:00 DEBUG 44677 --- [users-service] [tomcat-handler-12] o.s.j.d.DataSourceTransactionManager     : Initiating transaction commit
2025-03-29T00:07:03.678+01:00 DEBUG 44677 --- [users-service] [tomcat-handler-12] o.s.j.d.DataSourceTransactionManager     : Committing JDBC transaction on Connection [HikariProxyConnection@756047729 wrapping conn0: url=jdbc:h2:mem:mydb user=SA]
2025-03-29T00:07:03.678+01:00 DEBUG 44677 --- [users-service] [tomcat-handler-12] o.s.j.d.DataSourceTransactionManager     : Releasing JDBC Connection [HikariProxyConnection@756047729 wrapping conn0: url=jdbc:h2:mem:mydb user=SA] after transaction
2025-03-29T00:07:03.679+01:00 DEBUG 44677 --- [users-service] [tomcat-handler-12] o.s.w.s.m.m.a.HttpEntityMethodProcessor  : Using 'application/json', given [*/*] and supported [application/json]
2025-03-29T00:07:03.679+01:00 DEBUG 44677 --- [users-service] [tomcat-handler-12] o.s.w.s.m.m.a.HttpEntityMethodProcessor  : Writing [AppResponse[timestamp=2025-03-29T00:07:03.678876, status=200 OK, message=Otp sent to kingsleyog95@gm (truncated)...]
2025-03-29T00:07:03.679+01:00 DEBUG 44677 --- [users-service] [tomcat-handler-12] o.s.web.servlet.DispatcherServlet        : Completed 200 OK
2025-03-29T00:07:04.138+01:00 DEBUG 44677 --- [users-service] [tomcat-handler-13] o.s.web.servlet.DispatcherServlet        : POST "/api/users/notification/otp", parameters={}
2025-03-29T00:07:04.138+01:00 DEBUG 44677 --- [users-service] [tomcat-handler-13] s.w.s.m.m.a.RequestMappingHandlerMapping : Mapped to org.meristem.oneapp.usersservice.controllers.NotificationController#sendOtp(SendOtpRequest)
2025-03-29T00:07:04.140+01:00 DEBUG 44677 --- [users-service] [tomcat-handler-13] m.m.a.RequestResponseBodyMethodProcessor : Read "application/json;charset=UTF-8" to [SendOtpRequest[otpType=1, recipient=kingsleyog95@gmail.com]]
2025-03-29T00:07:04.141+01:00 DEBUG 44677 --- [users-service] [tomcat-handler-13] o.s.j.d.DataSourceTransactionManager     : Creating new transaction with name [org.meristem.oneapp.usersservice.services.NotificationService.sendOtp]: PROPAGATION_REQUIRED,ISOLATION_DEFAULT
2025-03-29T00:07:04.141+01:00 DEBUG 44677 --- [users-service] [tomcat-handler-13] o.s.j.d.DataSourceTransactionManager     : Acquired Connection [HikariProxyConnection@1660653767 wrapping conn0: url=jdbc:h2:mem:mydb user=SA] for JDBC transaction
2025-03-29T00:07:04.141+01:00 DEBUG 44677 --- [users-service] [tomcat-handler-13] o.s.j.d.DataSourceTransactionManager     : Switching JDBC Connection [HikariProxyConnection@1660653767 wrapping conn0: url=jdbc:h2:mem:mydb user=SA] to manual commit
2025-03-29T00:07:04.141+01:00 DEBUG 44677 --- [users-service] [tomcat-handler-13] o.s.j.d.DataSourceTransactionManager     : Participating in existing transaction
2025-03-29T00:07:04.142+01:00 DEBUG 44677 --- [users-service] [tomcat-handler-13] o.s.jdbc.core.JdbcTemplate               : Executing prepared SQL update
2025-03-29T00:07:04.142+01:00 DEBUG 44677 --- [users-service] [tomcat-handler-13] o.s.jdbc.core.JdbcTemplate               : Executing prepared SQL statement [UPDATE otp_verification SET expires_at = ? WHERE id = (SELECT id FROM otp_verification WHERE user_id = ? AND otp_type = ? ORDER BY expires_at DESC LIMIT 1)]
2025-03-29T00:07:04.143+01:00 DEBUG 44677 --- [users-service] [tomcat-handler-13] o.s.j.d.DataSourceTransactionManager     : Participating in existing transaction
2025-03-29T00:07:04.144+01:00 DEBUG 44677 --- [users-service] [tomcat-handler-13] o.s.jdbc.core.JdbcTemplate               : Executing SQL update and returning generated keys
2025-03-29T00:07:04.144+01:00 DEBUG 44677 --- [users-service] [tomcat-handler-13] o.s.jdbc.core.JdbcTemplate               : Executing prepared SQL statement [INSERT INTO "otp_verification" ("code", "CREATED_BY", "CREATED_DATE", "expires_at", "LAST_MODIFIED_BY", "LAST_MODIFIED_DATE", "otp_type", "user_id", "verified", "VERSION") VALUES (?, ?, ?, ?, ?, ?, ?, ?, ?, ?)]
2025-03-29T00:07:04.145+01:00 DEBUG 44677 --- [users-service] [tomcat-handler-13] o.s.j.d.DataSourceTransactionManager     : Initiating transaction commit
2025-03-29T00:07:04.145+01:00 DEBUG 44677 --- [users-service] [tomcat-handler-13] o.s.j.d.DataSourceTransactionManager     : Committing JDBC transaction on Connection [HikariProxyConnection@1660653767 wrapping conn0: url=jdbc:h2:mem:mydb user=SA]
2025-03-29T00:07:04.146+01:00 DEBUG 44677 --- [users-service] [tomcat-handler-13] o.s.j.d.DataSourceTransactionManager     : Releasing JDBC Connection [HikariProxyConnection@1660653767 wrapping conn0: url=jdbc:h2:mem:mydb user=SA] after transaction
2025-03-29T00:07:04.147+01:00 DEBUG 44677 --- [users-service] [tomcat-handler-13] o.s.w.s.m.m.a.HttpEntityMethodProcessor  : Using 'application/json', given [*/*] and supported [application/json]
2025-03-29T00:07:04.147+01:00 DEBUG 44677 --- [users-service] [tomcat-handler-13] o.s.w.s.m.m.a.HttpEntityMethodProcessor  : Writing [AppResponse[timestamp=2025-03-29T00:07:04.147083, status=200 OK, message=Otp sent to kingsleyog95@gm (truncated)...]
2025-03-29T00:07:04.151+01:00 DEBUG 44677 --- [users-service] [tomcat-handler-13] o.s.web.servlet.DispatcherServlet        : Completed 200 OK
2025-03-29T00:07:09.326+01:00 DEBUG 44677 --- [users-service] [HikariPool-1 housekeeper] com.zaxxer.hikari.pool.HikariPool        : HikariPool-1 - Pool stats (total=10, active=0, idle=10, waiting=0)
2025-03-29T00:07:09.326+01:00 DEBUG 44677 --- [users-service] [HikariPool-1 housekeeper] com.zaxxer.hikari.pool.HikariPool        : HikariPool-1 - Fill pool skipped, pool has sufficient level or currently being filled.
2025-03-29T00:07:14.980+01:00 DEBUG 44677 --- [users-service] [tomcat-handler-14] o.s.web.servlet.DispatcherServlet        : POST "/api/users/notification/otp", parameters={}
2025-03-29T00:07:14.982+01:00 DEBUG 44677 --- [users-service] [tomcat-handler-14] s.w.s.m.m.a.RequestMappingHandlerMapping : Mapped to org.meristem.oneapp.usersservice.controllers.NotificationController#sendOtp(SendOtpRequest)
2025-03-29T00:07:14.984+01:00 DEBUG 44677 --- [users-service] [tomcat-handler-14] m.m.a.RequestResponseBodyMethodProcessor : Read "application/json;charset=UTF-8" to [SendOtpRequest[otpType=1, recipient=kingsleyog95@gmail.com]]
2025-03-29T00:07:14.986+01:00 DEBUG 44677 --- [users-service] [tomcat-handler-14] o.s.j.d.DataSourceTransactionManager     : Creating new transaction with name [org.meristem.oneapp.usersservice.services.NotificationService.sendOtp]: PROPAGATION_REQUIRED,ISOLATION_DEFAULT
2025-03-29T00:07:14.986+01:00 DEBUG 44677 --- [users-service] [tomcat-handler-14] o.s.j.d.DataSourceTransactionManager     : Acquired Connection [HikariProxyConnection@1195128169 wrapping conn0: url=jdbc:h2:mem:mydb user=SA] for JDBC transaction
2025-03-29T00:07:14.986+01:00 DEBUG 44677 --- [users-service] [tomcat-handler-14] o.s.j.d.DataSourceTransactionManager     : Switching JDBC Connection [HikariProxyConnection@1195128169 wrapping conn0: url=jdbc:h2:mem:mydb user=SA] to manual commit
2025-03-29T00:07:14.987+01:00 DEBUG 44677 --- [users-service] [tomcat-handler-14] o.s.j.d.DataSourceTransactionManager     : Participating in existing transaction
2025-03-29T00:07:14.988+01:00 DEBUG 44677 --- [users-service] [tomcat-handler-14] o.s.jdbc.core.JdbcTemplate               : Executing prepared SQL update
2025-03-29T00:07:14.988+01:00 DEBUG 44677 --- [users-service] [tomcat-handler-14] o.s.jdbc.core.JdbcTemplate               : Executing prepared SQL statement [UPDATE otp_verification SET expires_at = ? WHERE id = (SELECT id FROM otp_verification WHERE user_id = ? AND otp_type = ? ORDER BY expires_at DESC LIMIT 1)]
2025-03-29T00:07:14.992+01:00 DEBUG 44677 --- [users-service] [tomcat-handler-14] o.s.j.d.DataSourceTransactionManager     : Participating in existing transaction
2025-03-29T00:07:14.997+01:00 DEBUG 44677 --- [users-service] [tomcat-handler-14] o.s.jdbc.core.JdbcTemplate               : Executing SQL update and returning generated keys
2025-03-29T00:07:14.997+01:00 DEBUG 44677 --- [users-service] [tomcat-handler-14] o.s.jdbc.core.JdbcTemplate               : Executing prepared SQL statement [INSERT INTO "otp_verification" ("code", "CREATED_BY", "CREATED_DATE", "expires_at", "LAST_MODIFIED_BY", "LAST_MODIFIED_DATE", "otp_type", "user_id", "verified", "VERSION") VALUES (?, ?, ?, ?, ?, ?, ?, ?, ?, ?)]
2025-03-29T00:07:15.001+01:00 DEBUG 44677 --- [users-service] [tomcat-handler-14] o.s.j.d.DataSourceTransactionManager     : Initiating transaction commit
2025-03-29T00:07:15.002+01:00 DEBUG 44677 --- [users-service] [tomcat-handler-14] o.s.j.d.DataSourceTransactionManager     : Committing JDBC transaction on Connection [HikariProxyConnection@1195128169 wrapping conn0: url=jdbc:h2:mem:mydb user=SA]
2025-03-29T00:07:15.002+01:00 DEBUG 44677 --- [users-service] [tomcat-handler-14] o.s.j.d.DataSourceTransactionManager     : Releasing JDBC Connection [HikariProxyConnection@1195128169 wrapping conn0: url=jdbc:h2:mem:mydb user=SA] after transaction
2025-03-29T00:07:15.003+01:00 DEBUG 44677 --- [users-service] [tomcat-handler-14] o.s.w.s.m.m.a.HttpEntityMethodProcessor  : Using 'application/json', given [*/*] and supported [application/json]
2025-03-29T00:07:15.003+01:00 DEBUG 44677 --- [users-service] [tomcat-handler-14] o.s.w.s.m.m.a.HttpEntityMethodProcessor  : Writing [AppResponse[timestamp=2025-03-29T00:07:15.002687, status=200 OK, message=Otp sent to kingsleyog95@gm (truncated)...]
2025-03-29T00:07:15.005+01:00 DEBUG 44677 --- [users-service] [tomcat-handler-14] o.s.web.servlet.DispatcherServlet        : Completed 200 OK
2025-03-29T00:07:15.335+01:00 DEBUG 44677 --- [users-service] [tomcat-handler-15] o.s.web.servlet.DispatcherServlet        : POST "/api/users/notification/otp", parameters={}
2025-03-29T00:07:15.335+01:00 DEBUG 44677 --- [users-service] [tomcat-handler-15] s.w.s.m.m.a.RequestMappingHandlerMapping : Mapped to org.meristem.oneapp.usersservice.controllers.NotificationController#sendOtp(SendOtpRequest)
2025-03-29T00:07:15.335+01:00 DEBUG 44677 --- [users-service] [tomcat-handler-15] m.m.a.RequestResponseBodyMethodProcessor : Read "application/json;charset=UTF-8" to [SendOtpRequest[otpType=1, recipient=kingsleyog95@gmail.com]]
2025-03-29T00:07:15.336+01:00 DEBUG 44677 --- [users-service] [tomcat-handler-15] o.s.j.d.DataSourceTransactionManager     : Creating new transaction with name [org.meristem.oneapp.usersservice.services.NotificationService.sendOtp]: PROPAGATION_REQUIRED,ISOLATION_DEFAULT
2025-03-29T00:07:15.336+01:00 DEBUG 44677 --- [users-service] [tomcat-handler-15] o.s.j.d.DataSourceTransactionManager     : Acquired Connection [HikariProxyConnection@1070728994 wrapping conn0: url=jdbc:h2:mem:mydb user=SA] for JDBC transaction
2025-03-29T00:07:15.336+01:00 DEBUG 44677 --- [users-service] [tomcat-handler-15] o.s.j.d.DataSourceTransactionManager     : Switching JDBC Connection [HikariProxyConnection@1070728994 wrapping conn0: url=jdbc:h2:mem:mydb user=SA] to manual commit
2025-03-29T00:07:15.336+01:00 DEBUG 44677 --- [users-service] [tomcat-handler-15] o.s.j.d.DataSourceTransactionManager     : Participating in existing transaction
2025-03-29T00:07:15.336+01:00 DEBUG 44677 --- [users-service] [tomcat-handler-15] o.s.jdbc.core.JdbcTemplate               : Executing prepared SQL update
2025-03-29T00:07:15.336+01:00 DEBUG 44677 --- [users-service] [tomcat-handler-15] o.s.jdbc.core.JdbcTemplate               : Executing prepared SQL statement [UPDATE otp_verification SET expires_at = ? WHERE id = (SELECT id FROM otp_verification WHERE user_id = ? AND otp_type = ? ORDER BY expires_at DESC LIMIT 1)]
2025-03-29T00:07:15.338+01:00 DEBUG 44677 --- [users-service] [tomcat-handler-15] o.s.j.d.DataSourceTransactionManager     : Participating in existing transaction
2025-03-29T00:07:15.339+01:00 DEBUG 44677 --- [users-service] [tomcat-handler-15] o.s.jdbc.core.JdbcTemplate               : Executing SQL update and returning generated keys
2025-03-29T00:07:15.339+01:00 DEBUG 44677 --- [users-service] [tomcat-handler-15] o.s.jdbc.core.JdbcTemplate               : Executing prepared SQL statement [INSERT INTO "otp_verification" ("code", "CREATED_BY", "CREATED_DATE", "expires_at", "LAST_MODIFIED_BY", "LAST_MODIFIED_DATE", "otp_type", "user_id", "verified", "VERSION") VALUES (?, ?, ?, ?, ?, ?, ?, ?, ?, ?)]
2025-03-29T00:07:15.340+01:00 DEBUG 44677 --- [users-service] [tomcat-handler-15] o.s.j.d.DataSourceTransactionManager     : Initiating transaction commit
2025-03-29T00:07:15.340+01:00 DEBUG 44677 --- [users-service] [tomcat-handler-15] o.s.j.d.DataSourceTransactionManager     : Committing JDBC transaction on Connection [HikariProxyConnection@1070728994 wrapping conn0: url=jdbc:h2:mem:mydb user=SA]
2025-03-29T00:07:15.341+01:00 DEBUG 44677 --- [users-service] [tomcat-handler-15] o.s.j.d.DataSourceTransactionManager     : Releasing JDBC Connection [HikariProxyConnection@1070728994 wrapping conn0: url=jdbc:h2:mem:mydb user=SA] after transaction
2025-03-29T00:07:15.341+01:00 DEBUG 44677 --- [users-service] [tomcat-handler-15] o.s.w.s.m.m.a.HttpEntityMethodProcessor  : Using 'application/json', given [*/*] and supported [application/json]
2025-03-29T00:07:15.341+01:00 DEBUG 44677 --- [users-service] [tomcat-handler-15] o.s.w.s.m.m.a.HttpEntityMethodProcessor  : Writing [AppResponse[timestamp=2025-03-29T00:07:15.341353, status=200 OK, message=Otp sent to kingsleyog95@gm (truncated)...]
2025-03-29T00:07:15.342+01:00 DEBUG 44677 --- [users-service] [tomcat-handler-15] o.s.web.servlet.DispatcherServlet        : Completed 200 OK
2025-03-29T00:07:15.981+01:00 DEBUG 44677 --- [users-service] [tomcat-handler-16] o.s.web.servlet.DispatcherServlet        : POST "/api/users/notification/otp", parameters={}
2025-03-29T00:07:15.982+01:00 DEBUG 44677 --- [users-service] [tomcat-handler-16] s.w.s.m.m.a.RequestMappingHandlerMapping : Mapped to org.meristem.oneapp.usersservice.controllers.NotificationController#sendOtp(SendOtpRequest)
2025-03-29T00:07:15.982+01:00 DEBUG 44677 --- [users-service] [tomcat-handler-16] m.m.a.RequestResponseBodyMethodProcessor : Read "application/json;charset=UTF-8" to [SendOtpRequest[otpType=1, recipient=kingsleyog95@gmail.com]]
2025-03-29T00:07:15.983+01:00 DEBUG 44677 --- [users-service] [tomcat-handler-16] o.s.j.d.DataSourceTransactionManager     : Creating new transaction with name [org.meristem.oneapp.usersservice.services.NotificationService.sendOtp]: PROPAGATION_REQUIRED,ISOLATION_DEFAULT
2025-03-29T00:07:15.983+01:00 DEBUG 44677 --- [users-service] [tomcat-handler-16] o.s.j.d.DataSourceTransactionManager     : Acquired Connection [HikariProxyConnection@1512343459 wrapping conn0: url=jdbc:h2:mem:mydb user=SA] for JDBC transaction
2025-03-29T00:07:15.983+01:00 DEBUG 44677 --- [users-service] [tomcat-handler-16] o.s.j.d.DataSourceTransactionManager     : Switching JDBC Connection [HikariProxyConnection@1512343459 wrapping conn0: url=jdbc:h2:mem:mydb user=SA] to manual commit
2025-03-29T00:07:15.983+01:00 DEBUG 44677 --- [users-service] [tomcat-handler-16] o.s.j.d.DataSourceTransactionManager     : Participating in existing transaction
2025-03-29T00:07:15.984+01:00 DEBUG 44677 --- [users-service] [tomcat-handler-16] o.s.jdbc.core.JdbcTemplate               : Executing prepared SQL update
2025-03-29T00:07:15.984+01:00 DEBUG 44677 --- [users-service] [tomcat-handler-16] o.s.jdbc.core.JdbcTemplate               : Executing prepared SQL statement [UPDATE otp_verification SET expires_at = ? WHERE id = (SELECT id FROM otp_verification WHERE user_id = ? AND otp_type = ? ORDER BY expires_at DESC LIMIT 1)]
2025-03-29T00:07:15.999+01:00 DEBUG 44677 --- [users-service] [tomcat-handler-16] o.s.j.d.DataSourceTransactionManager     : Participating in existing transaction
2025-03-29T00:07:16.000+01:00 DEBUG 44677 --- [users-service] [tomcat-handler-16] o.s.jdbc.core.JdbcTemplate               : Executing SQL update and returning generated keys
2025-03-29T00:07:16.000+01:00 DEBUG 44677 --- [users-service] [tomcat-handler-16] o.s.jdbc.core.JdbcTemplate               : Executing prepared SQL statement [INSERT INTO "otp_verification" ("code", "CREATED_BY", "CREATED_DATE", "expires_at", "LAST_MODIFIED_BY", "LAST_MODIFIED_DATE", "otp_type", "user_id", "verified", "VERSION") VALUES (?, ?, ?, ?, ?, ?, ?, ?, ?, ?)]
2025-03-29T00:07:16.003+01:00 DEBUG 44677 --- [users-service] [tomcat-handler-16] o.s.j.d.DataSourceTransactionManager     : Initiating transaction commit
2025-03-29T00:07:16.003+01:00 DEBUG 44677 --- [users-service] [tomcat-handler-16] o.s.j.d.DataSourceTransactionManager     : Committing JDBC transaction on Connection [HikariProxyConnection@1512343459 wrapping conn0: url=jdbc:h2:mem:mydb user=SA]
2025-03-29T00:07:16.003+01:00 DEBUG 44677 --- [users-service] [tomcat-handler-16] o.s.j.d.DataSourceTransactionManager     : Releasing JDBC Connection [HikariProxyConnection@1512343459 wrapping conn0: url=jdbc:h2:mem:mydb user=SA] after transaction
2025-03-29T00:07:16.005+01:00 DEBUG 44677 --- [users-service] [tomcat-handler-16] o.s.w.s.m.m.a.HttpEntityMethodProcessor  : Using 'application/json', given [*/*] and supported [application/json]
2025-03-29T00:07:16.005+01:00 DEBUG 44677 --- [users-service] [tomcat-handler-16] o.s.w.s.m.m.a.HttpEntityMethodProcessor  : Writing [AppResponse[timestamp=2025-03-29T00:07:16.003520, status=200 OK, message=Otp sent to kingsleyog95@gm (truncated)...]
2025-03-29T00:07:16.006+01:00 DEBUG 44677 --- [users-service] [tomcat-handler-16] o.s.web.servlet.DispatcherServlet        : Completed 200 OK
2025-03-29T00:07:16.512+01:00 DEBUG 44677 --- [users-service] [tomcat-handler-17] o.s.web.servlet.DispatcherServlet        : POST "/api/users/notification/otp", parameters={}
2025-03-29T00:07:16.513+01:00 DEBUG 44677 --- [users-service] [tomcat-handler-17] s.w.s.m.m.a.RequestMappingHandlerMapping : Mapped to org.meristem.oneapp.usersservice.controllers.NotificationController#sendOtp(SendOtpRequest)
2025-03-29T00:07:16.514+01:00 DEBUG 44677 --- [users-service] [tomcat-handler-17] m.m.a.RequestResponseBodyMethodProcessor : Read "application/json;charset=UTF-8" to [SendOtpRequest[otpType=1, recipient=kingsleyog95@gmail.com]]
2025-03-29T00:07:16.515+01:00 DEBUG 44677 --- [users-service] [tomcat-handler-17] o.s.j.d.DataSourceTransactionManager     : Creating new transaction with name [org.meristem.oneapp.usersservice.services.NotificationService.sendOtp]: PROPAGATION_REQUIRED,ISOLATION_DEFAULT
2025-03-29T00:07:16.515+01:00 DEBUG 44677 --- [users-service] [tomcat-handler-17] o.s.j.d.DataSourceTransactionManager     : Acquired Connection [HikariProxyConnection@100086810 wrapping conn0: url=jdbc:h2:mem:mydb user=SA] for JDBC transaction
2025-03-29T00:07:16.515+01:00 DEBUG 44677 --- [users-service] [tomcat-handler-17] o.s.j.d.DataSourceTransactionManager     : Switching JDBC Connection [HikariProxyConnection@100086810 wrapping conn0: url=jdbc:h2:mem:mydb user=SA] to manual commit
2025-03-29T00:07:16.516+01:00 DEBUG 44677 --- [users-service] [tomcat-handler-17] o.s.j.d.DataSourceTransactionManager     : Participating in existing transaction
2025-03-29T00:07:16.516+01:00 DEBUG 44677 --- [users-service] [tomcat-handler-17] o.s.jdbc.core.JdbcTemplate               : Executing prepared SQL update
2025-03-29T00:07:16.516+01:00 DEBUG 44677 --- [users-service] [tomcat-handler-17] o.s.jdbc.core.JdbcTemplate               : Executing prepared SQL statement [UPDATE otp_verification SET expires_at = ? WHERE id = (SELECT id FROM otp_verification WHERE user_id = ? AND otp_type = ? ORDER BY expires_at DESC LIMIT 1)]
2025-03-29T00:07:16.518+01:00 DEBUG 44677 --- [users-service] [tomcat-handler-17] o.s.j.d.DataSourceTransactionManager     : Participating in existing transaction
2025-03-29T00:07:16.518+01:00 DEBUG 44677 --- [users-service] [tomcat-handler-17] o.s.jdbc.core.JdbcTemplate               : Executing SQL update and returning generated keys
2025-03-29T00:07:16.518+01:00 DEBUG 44677 --- [users-service] [tomcat-handler-17] o.s.jdbc.core.JdbcTemplate               : Executing prepared SQL statement [INSERT INTO "otp_verification" ("code", "CREATED_BY", "CREATED_DATE", "expires_at", "LAST_MODIFIED_BY", "LAST_MODIFIED_DATE", "otp_type", "user_id", "verified", "VERSION") VALUES (?, ?, ?, ?, ?, ?, ?, ?, ?, ?)]
2025-03-29T00:07:16.519+01:00 DEBUG 44677 --- [users-service] [tomcat-handler-17] o.s.j.d.DataSourceTransactionManager     : Initiating transaction commit
2025-03-29T00:07:16.519+01:00 DEBUG 44677 --- [users-service] [tomcat-handler-17] o.s.j.d.DataSourceTransactionManager     : Committing JDBC transaction on Connection [HikariProxyConnection@100086810 wrapping conn0: url=jdbc:h2:mem:mydb user=SA]
2025-03-29T00:07:16.520+01:00 DEBUG 44677 --- [users-service] [tomcat-handler-17] o.s.j.d.DataSourceTransactionManager     : Releasing JDBC Connection [HikariProxyConnection@100086810 wrapping conn0: url=jdbc:h2:mem:mydb user=SA] after transaction
2025-03-29T00:07:16.520+01:00 DEBUG 44677 --- [users-service] [tomcat-handler-17] o.s.w.s.m.m.a.HttpEntityMethodProcessor  : Using 'application/json', given [*/*] and supported [application/json]
2025-03-29T00:07:16.521+01:00 DEBUG 44677 --- [users-service] [tomcat-handler-17] o.s.w.s.m.m.a.HttpEntityMethodProcessor  : Writing [AppResponse[timestamp=2025-03-29T00:07:16.520344, status=200 OK, message=Otp sent to kingsleyog95@gm (truncated)...]
2025-03-29T00:07:16.521+01:00 DEBUG 44677 --- [users-service] [tomcat-handler-17] o.s.web.servlet.DispatcherServlet        : Completed 200 OK
2025-03-29T00:07:17.028+01:00 DEBUG 44677 --- [users-service] [tomcat-handler-18] o.s.web.servlet.DispatcherServlet        : POST "/api/users/notification/otp", parameters={}
2025-03-29T00:07:17.029+01:00 DEBUG 44677 --- [users-service] [tomcat-handler-18] s.w.s.m.m.a.RequestMappingHandlerMapping : Mapped to org.meristem.oneapp.usersservice.controllers.NotificationController#sendOtp(SendOtpRequest)
2025-03-29T00:07:17.030+01:00 DEBUG 44677 --- [users-service] [tomcat-handler-18] m.m.a.RequestResponseBodyMethodProcessor : Read "application/json;charset=UTF-8" to [SendOtpRequest[otpType=1, recipient=kingsleyog95@gmail.com]]
2025-03-29T00:07:17.031+01:00 DEBUG 44677 --- [users-service] [tomcat-handler-18] o.s.j.d.DataSourceTransactionManager     : Creating new transaction with name [org.meristem.oneapp.usersservice.services.NotificationService.sendOtp]: PROPAGATION_REQUIRED,ISOLATION_DEFAULT
2025-03-29T00:07:17.033+01:00 DEBUG 44677 --- [users-service] [tomcat-handler-18] o.s.j.d.DataSourceTransactionManager     : Acquired Connection [HikariProxyConnection@1689514433 wrapping conn0: url=jdbc:h2:mem:mydb user=SA] for JDBC transaction
2025-03-29T00:07:17.033+01:00 DEBUG 44677 --- [users-service] [tomcat-handler-18] o.s.j.d.DataSourceTransactionManager     : Switching JDBC Connection [HikariProxyConnection@1689514433 wrapping conn0: url=jdbc:h2:mem:mydb user=SA] to manual commit
2025-03-29T00:07:17.036+01:00 DEBUG 44677 --- [users-service] [tomcat-handler-18] o.s.j.d.DataSourceTransactionManager     : Participating in existing transaction
2025-03-29T00:07:17.037+01:00 DEBUG 44677 --- [users-service] [tomcat-handler-18] o.s.jdbc.core.JdbcTemplate               : Executing prepared SQL update
2025-03-29T00:07:17.037+01:00 DEBUG 44677 --- [users-service] [tomcat-handler-18] o.s.jdbc.core.JdbcTemplate               : Executing prepared SQL statement [UPDATE otp_verification SET expires_at = ? WHERE id = (SELECT id FROM otp_verification WHERE user_id = ? AND otp_type = ? ORDER BY expires_at DESC LIMIT 1)]
2025-03-29T00:07:17.038+01:00 DEBUG 44677 --- [users-service] [tomcat-handler-18] o.s.j.d.DataSourceTransactionManager     : Participating in existing transaction
2025-03-29T00:07:17.039+01:00 DEBUG 44677 --- [users-service] [tomcat-handler-18] o.s.jdbc.core.JdbcTemplate               : Executing SQL update and returning generated keys
2025-03-29T00:07:17.039+01:00 DEBUG 44677 --- [users-service] [tomcat-handler-18] o.s.jdbc.core.JdbcTemplate               : Executing prepared SQL statement [INSERT INTO "otp_verification" ("code", "CREATED_BY", "CREATED_DATE", "expires_at", "LAST_MODIFIED_BY", "LAST_MODIFIED_DATE", "otp_type", "user_id", "verified", "VERSION") VALUES (?, ?, ?, ?, ?, ?, ?, ?, ?, ?)]
2025-03-29T00:07:17.040+01:00 DEBUG 44677 --- [users-service] [tomcat-handler-18] o.s.j.d.DataSourceTransactionManager     : Initiating transaction commit
2025-03-29T00:07:17.040+01:00 DEBUG 44677 --- [users-service] [tomcat-handler-18] o.s.j.d.DataSourceTransactionManager     : Committing JDBC transaction on Connection [HikariProxyConnection@1689514433 wrapping conn0: url=jdbc:h2:mem:mydb user=SA]
2025-03-29T00:07:17.041+01:00 DEBUG 44677 --- [users-service] [tomcat-handler-18] o.s.j.d.DataSourceTransactionManager     : Releasing JDBC Connection [HikariProxyConnection@1689514433 wrapping conn0: url=jdbc:h2:mem:mydb user=SA] after transaction
2025-03-29T00:07:17.041+01:00 DEBUG 44677 --- [users-service] [tomcat-handler-18] o.s.w.s.m.m.a.HttpEntityMethodProcessor  : Using 'application/json', given [*/*] and supported [application/json]
2025-03-29T00:07:17.041+01:00 DEBUG 44677 --- [users-service] [tomcat-handler-18] o.s.w.s.m.m.a.HttpEntityMethodProcessor  : Writing [AppResponse[timestamp=2025-03-29T00:07:17.041112, status=200 OK, message=Otp sent to kingsleyog95@gm (truncated)...]
2025-03-29T00:07:17.043+01:00 DEBUG 44677 --- [users-service] [tomcat-handler-18] o.s.web.servlet.DispatcherServlet        : Completed 200 OK
2025-03-29T00:07:17.556+01:00 DEBUG 44677 --- [users-service] [tomcat-handler-19] o.s.web.servlet.DispatcherServlet        : POST "/api/users/notification/otp", parameters={}
2025-03-29T00:07:17.557+01:00 DEBUG 44677 --- [users-service] [tomcat-handler-19] s.w.s.m.m.a.RequestMappingHandlerMapping : Mapped to org.meristem.oneapp.usersservice.controllers.NotificationController#sendOtp(SendOtpRequest)
2025-03-29T00:07:17.558+01:00 DEBUG 44677 --- [users-service] [tomcat-handler-19] m.m.a.RequestResponseBodyMethodProcessor : Read "application/json;charset=UTF-8" to [SendOtpRequest[otpType=1, recipient=kingsleyog95@gmail.com]]
2025-03-29T00:07:17.559+01:00 DEBUG 44677 --- [users-service] [tomcat-handler-19] o.s.j.d.DataSourceTransactionManager     : Creating new transaction with name [org.meristem.oneapp.usersservice.services.NotificationService.sendOtp]: PROPAGATION_REQUIRED,ISOLATION_DEFAULT
2025-03-29T00:07:17.559+01:00 DEBUG 44677 --- [users-service] [tomcat-handler-19] o.s.j.d.DataSourceTransactionManager     : Acquired Connection [HikariProxyConnection@720405183 wrapping conn0: url=jdbc:h2:mem:mydb user=SA] for JDBC transaction
2025-03-29T00:07:17.560+01:00 DEBUG 44677 --- [users-service] [tomcat-handler-19] o.s.j.d.DataSourceTransactionManager     : Switching JDBC Connection [HikariProxyConnection@720405183 wrapping conn0: url=jdbc:h2:mem:mydb user=SA] to manual commit
2025-03-29T00:07:17.560+01:00 DEBUG 44677 --- [users-service] [tomcat-handler-19] o.s.j.d.DataSourceTransactionManager     : Participating in existing transaction
2025-03-29T00:07:17.560+01:00 DEBUG 44677 --- [users-service] [tomcat-handler-19] o.s.jdbc.core.JdbcTemplate               : Executing prepared SQL update
2025-03-29T00:07:17.560+01:00 DEBUG 44677 --- [users-service] [tomcat-handler-19] o.s.jdbc.core.JdbcTemplate               : Executing prepared SQL statement [UPDATE otp_verification SET expires_at = ? WHERE id = (SELECT id FROM otp_verification WHERE user_id = ? AND otp_type = ? ORDER BY expires_at DESC LIMIT 1)]
2025-03-29T00:07:17.566+01:00 DEBUG 44677 --- [users-service] [tomcat-handler-19] o.s.j.d.DataSourceTransactionManager     : Participating in existing transaction
2025-03-29T00:07:17.567+01:00 DEBUG 44677 --- [users-service] [tomcat-handler-19] o.s.jdbc.core.JdbcTemplate               : Executing SQL update and returning generated keys
2025-03-29T00:07:17.568+01:00 DEBUG 44677 --- [users-service] [tomcat-handler-19] o.s.jdbc.core.JdbcTemplate               : Executing prepared SQL statement [INSERT INTO "otp_verification" ("code", "CREATED_BY", "CREATED_DATE", "expires_at", "LAST_MODIFIED_BY", "LAST_MODIFIED_DATE", "otp_type", "user_id", "verified", "VERSION") VALUES (?, ?, ?, ?, ?, ?, ?, ?, ?, ?)]
2025-03-29T00:07:17.569+01:00 DEBUG 44677 --- [users-service] [tomcat-handler-19] o.s.j.d.DataSourceTransactionManager     : Initiating transaction commit
2025-03-29T00:07:17.569+01:00 DEBUG 44677 --- [users-service] [tomcat-handler-19] o.s.j.d.DataSourceTransactionManager     : Committing JDBC transaction on Connection [HikariProxyConnection@720405183 wrapping conn0: url=jdbc:h2:mem:mydb user=SA]
2025-03-29T00:07:17.569+01:00 DEBUG 44677 --- [users-service] [tomcat-handler-19] o.s.j.d.DataSourceTransactionManager     : Releasing JDBC Connection [HikariProxyConnection@720405183 wrapping conn0: url=jdbc:h2:mem:mydb user=SA] after transaction
2025-03-29T00:07:17.570+01:00 DEBUG 44677 --- [users-service] [tomcat-handler-19] o.s.w.s.m.m.a.HttpEntityMethodProcessor  : Using 'application/json', given [*/*] and supported [application/json]
2025-03-29T00:07:17.571+01:00 DEBUG 44677 --- [users-service] [tomcat-handler-19] o.s.w.s.m.m.a.HttpEntityMethodProcessor  : Writing [AppResponse[timestamp=2025-03-29T00:07:17.569988, status=200 OK, message=Otp sent to kingsleyog95@gm (truncated)...]
2025-03-29T00:07:17.571+01:00 DEBUG 44677 --- [users-service] [tomcat-handler-19] o.s.web.servlet.DispatcherServlet        : Completed 200 OK
2025-03-29T00:07:18.058+01:00 DEBUG 44677 --- [users-service] [tomcat-handler-20] o.s.web.servlet.DispatcherServlet        : POST "/api/users/notification/otp", parameters={}
2025-03-29T00:07:18.059+01:00 DEBUG 44677 --- [users-service] [tomcat-handler-20] s.w.s.m.m.a.RequestMappingHandlerMapping : Mapped to org.meristem.oneapp.usersservice.controllers.NotificationController#sendOtp(SendOtpRequest)
2025-03-29T00:07:18.060+01:00 DEBUG 44677 --- [users-service] [tomcat-handler-20] m.m.a.RequestResponseBodyMethodProcessor : Read "application/json;charset=UTF-8" to [SendOtpRequest[otpType=1, recipient=kingsleyog95@gmail.com]]
2025-03-29T00:07:18.060+01:00 DEBUG 44677 --- [users-service] [tomcat-handler-20] o.s.j.d.DataSourceTransactionManager     : Creating new transaction with name [org.meristem.oneapp.usersservice.services.NotificationService.sendOtp]: PROPAGATION_REQUIRED,ISOLATION_DEFAULT
2025-03-29T00:07:18.060+01:00 DEBUG 44677 --- [users-service] [tomcat-handler-20] o.s.j.d.DataSourceTransactionManager     : Acquired Connection [HikariProxyConnection@2089725979 wrapping conn0: url=jdbc:h2:mem:mydb user=SA] for JDBC transaction
2025-03-29T00:07:18.060+01:00 DEBUG 44677 --- [users-service] [tomcat-handler-20] o.s.j.d.DataSourceTransactionManager     : Switching JDBC Connection [HikariProxyConnection@2089725979 wrapping conn0: url=jdbc:h2:mem:mydb user=SA] to manual commit
2025-03-29T00:07:18.061+01:00 DEBUG 44677 --- [users-service] [tomcat-handler-20] o.s.j.d.DataSourceTransactionManager     : Participating in existing transaction
2025-03-29T00:07:18.061+01:00 DEBUG 44677 --- [users-service] [tomcat-handler-20] o.s.jdbc.core.JdbcTemplate               : Executing prepared SQL update
2025-03-29T00:07:18.061+01:00 DEBUG 44677 --- [users-service] [tomcat-handler-20] o.s.jdbc.core.JdbcTemplate               : Executing prepared SQL statement [UPDATE otp_verification SET expires_at = ? WHERE id = (SELECT id FROM otp_verification WHERE user_id = ? AND otp_type = ? ORDER BY expires_at DESC LIMIT 1)]
2025-03-29T00:07:18.065+01:00 DEBUG 44677 --- [users-service] [tomcat-handler-20] o.s.j.d.DataSourceTransactionManager     : Participating in existing transaction
2025-03-29T00:07:18.066+01:00 DEBUG 44677 --- [users-service] [tomcat-handler-20] o.s.jdbc.core.JdbcTemplate               : Executing SQL update and returning generated keys
2025-03-29T00:07:18.067+01:00 DEBUG 44677 --- [users-service] [tomcat-handler-20] o.s.jdbc.core.JdbcTemplate               : Executing prepared SQL statement [INSERT INTO "otp_verification" ("code", "CREATED_BY", "CREATED_DATE", "expires_at", "LAST_MODIFIED_BY", "LAST_MODIFIED_DATE", "otp_type", "user_id", "verified", "VERSION") VALUES (?, ?, ?, ?, ?, ?, ?, ?, ?, ?)]
2025-03-29T00:07:18.068+01:00 DEBUG 44677 --- [users-service] [tomcat-handler-20] o.s.j.d.DataSourceTransactionManager     : Initiating transaction commit
2025-03-29T00:07:18.068+01:00 DEBUG 44677 --- [users-service] [tomcat-handler-20] o.s.j.d.DataSourceTransactionManager     : Committing JDBC transaction on Connection [HikariProxyConnection@2089725979 wrapping conn0: url=jdbc:h2:mem:mydb user=SA]
2025-03-29T00:07:18.068+01:00 DEBUG 44677 --- [users-service] [tomcat-handler-20] o.s.j.d.DataSourceTransactionManager     : Releasing JDBC Connection [HikariProxyConnection@2089725979 wrapping conn0: url=jdbc:h2:mem:mydb user=SA] after transaction
2025-03-29T00:07:18.069+01:00 DEBUG 44677 --- [users-service] [tomcat-handler-20] o.s.w.s.m.m.a.HttpEntityMethodProcessor  : Using 'application/json', given [*/*] and supported [application/json]
2025-03-29T00:07:18.069+01:00 DEBUG 44677 --- [users-service] [tomcat-handler-20] o.s.w.s.m.m.a.HttpEntityMethodProcessor  : Writing [AppResponse[timestamp=2025-03-29T00:07:18.068848, status=200 OK, message=Otp sent to kingsleyog95@gm (truncated)...]
2025-03-29T00:07:18.070+01:00 DEBUG 44677 --- [users-service] [tomcat-handler-20] o.s.web.servlet.DispatcherServlet        : Completed 200 OK
2025-03-29T00:07:18.525+01:00 DEBUG 44677 --- [users-service] [tomcat-handler-21] o.s.web.servlet.DispatcherServlet        : POST "/api/users/notification/otp", parameters={}
2025-03-29T00:07:18.526+01:00 DEBUG 44677 --- [users-service] [tomcat-handler-21] s.w.s.m.m.a.RequestMappingHandlerMapping : Mapped to org.meristem.oneapp.usersservice.controllers.NotificationController#sendOtp(SendOtpRequest)
2025-03-29T00:07:18.528+01:00 DEBUG 44677 --- [users-service] [tomcat-handler-21] m.m.a.RequestResponseBodyMethodProcessor : Read "application/json;charset=UTF-8" to [SendOtpRequest[otpType=1, recipient=kingsleyog95@gmail.com]]
2025-03-29T00:07:18.528+01:00 DEBUG 44677 --- [users-service] [tomcat-handler-21] o.s.j.d.DataSourceTransactionManager     : Creating new transaction with name [org.meristem.oneapp.usersservice.services.NotificationService.sendOtp]: PROPAGATION_REQUIRED,ISOLATION_DEFAULT
2025-03-29T00:07:18.529+01:00 DEBUG 44677 --- [users-service] [tomcat-handler-21] o.s.j.d.DataSourceTransactionManager     : Acquired Connection [HikariProxyConnection@1910374102 wrapping conn0: url=jdbc:h2:mem:mydb user=SA] for JDBC transaction
2025-03-29T00:07:18.529+01:00 DEBUG 44677 --- [users-service] [tomcat-handler-21] o.s.j.d.DataSourceTransactionManager     : Switching JDBC Connection [HikariProxyConnection@1910374102 wrapping conn0: url=jdbc:h2:mem:mydb user=SA] to manual commit
2025-03-29T00:07:18.529+01:00 DEBUG 44677 --- [users-service] [tomcat-handler-21] o.s.j.d.DataSourceTransactionManager     : Participating in existing transaction
2025-03-29T00:07:18.530+01:00 DEBUG 44677 --- [users-service] [tomcat-handler-21] o.s.jdbc.core.JdbcTemplate               : Executing prepared SQL update
2025-03-29T00:07:18.530+01:00 DEBUG 44677 --- [users-service] [tomcat-handler-21] o.s.jdbc.core.JdbcTemplate               : Executing prepared SQL statement [UPDATE otp_verification SET expires_at = ? WHERE id = (SELECT id FROM otp_verification WHERE user_id = ? AND otp_type = ? ORDER BY expires_at DESC LIMIT 1)]
2025-03-29T00:07:18.534+01:00 DEBUG 44677 --- [users-service] [tomcat-handler-21] o.s.j.d.DataSourceTransactionManager     : Participating in existing transaction
2025-03-29T00:07:18.535+01:00 DEBUG 44677 --- [users-service] [tomcat-handler-21] o.s.jdbc.core.JdbcTemplate               : Executing SQL update and returning generated keys
2025-03-29T00:07:18.535+01:00 DEBUG 44677 --- [users-service] [tomcat-handler-21] o.s.jdbc.core.JdbcTemplate               : Executing prepared SQL statement [INSERT INTO "otp_verification" ("code", "CREATED_BY", "CREATED_DATE", "expires_at", "LAST_MODIFIED_BY", "LAST_MODIFIED_DATE", "otp_type", "user_id", "verified", "VERSION") VALUES (?, ?, ?, ?, ?, ?, ?, ?, ?, ?)]
2025-03-29T00:07:18.538+01:00 DEBUG 44677 --- [users-service] [tomcat-handler-21] o.s.j.d.DataSourceTransactionManager     : Initiating transaction commit
2025-03-29T00:07:18.538+01:00 DEBUG 44677 --- [users-service] [tomcat-handler-21] o.s.j.d.DataSourceTransactionManager     : Committing JDBC transaction on Connection [HikariProxyConnection@1910374102 wrapping conn0: url=jdbc:h2:mem:mydb user=SA]
2025-03-29T00:07:18.539+01:00 DEBUG 44677 --- [users-service] [tomcat-handler-21] o.s.j.d.DataSourceTransactionManager     : Releasing JDBC Connection [HikariProxyConnection@1910374102 wrapping conn0: url=jdbc:h2:mem:mydb user=SA] after transaction
2025-03-29T00:07:18.539+01:00 DEBUG 44677 --- [users-service] [tomcat-handler-21] o.s.w.s.m.m.a.HttpEntityMethodProcessor  : Using 'application/json', given [*/*] and supported [application/json]
2025-03-29T00:07:18.539+01:00 DEBUG 44677 --- [users-service] [tomcat-handler-21] o.s.w.s.m.m.a.HttpEntityMethodProcessor  : Writing [AppResponse[timestamp=2025-03-29T00:07:18.539179, status=200 OK, message=Otp sent to kingsleyog95@gm (truncated)...]
2025-03-29T00:07:18.540+01:00 DEBUG 44677 --- [users-service] [tomcat-handler-21] o.s.web.servlet.DispatcherServlet        : Completed 200 OK
2025-03-29T00:07:39.340+01:00 DEBUG 44677 --- [users-service] [HikariPool-1 housekeeper] com.zaxxer.hikari.pool.HikariPool        : HikariPool-1 - Pool stats (total=10, active=0, idle=10, waiting=0)
2025-03-29T00:07:39.341+01:00 DEBUG 44677 --- [users-service] [HikariPool-1 housekeeper] com.zaxxer.hikari.pool.HikariPool        : HikariPool-1 - Fill pool skipped, pool has sufficient level or currently being filled.
2025-03-29T00:08:09.346+01:00 DEBUG 44677 --- [users-service] [HikariPool-1 housekeeper] com.zaxxer.hikari.pool.HikariPool        : HikariPool-1 - Pool stats (total=10, active=0, idle=10, waiting=0)
2025-03-29T00:08:09.349+01:00 DEBUG 44677 --- [users-service] [HikariPool-1 housekeeper] com.zaxxer.hikari.pool.HikariPool        : HikariPool-1 - Fill pool skipped, pool has sufficient level or currently being filled.
2025-03-29T00:08:39.355+01:00 DEBUG 44677 --- [users-service] [HikariPool-1 housekeeper] com.zaxxer.hikari.pool.HikariPool        : HikariPool-1 - Pool stats (total=10, active=0, idle=10, waiting=0)
2025-03-29T00:08:39.357+01:00 DEBUG 44677 --- [users-service] [HikariPool-1 housekeeper] com.zaxxer.hikari.pool.HikariPool        : HikariPool-1 - Fill pool skipped, pool has sufficient level or currently being filled.
2025-03-29T00:09:09.363+01:00 DEBUG 44677 --- [users-service] [HikariPool-1 housekeeper] com.zaxxer.hikari.pool.HikariPool        : HikariPool-1 - Pool stats (total=10, active=0, idle=10, waiting=0)
2025-03-29T00:09:09.365+01:00 DEBUG 44677 --- [users-service] [HikariPool-1 housekeeper] com.zaxxer.hikari.pool.HikariPool        : HikariPool-1 - Fill pool skipped, pool has sufficient level or currently being filled.
2025-03-29T00:09:39.370+01:00 DEBUG 44677 --- [users-service] [HikariPool-1 housekeeper] com.zaxxer.hikari.pool.HikariPool        : HikariPool-1 - Pool stats (total=10, active=0, idle=10, waiting=0)
2025-03-29T00:09:39.372+01:00 DEBUG 44677 --- [users-service] [HikariPool-1 housekeeper] com.zaxxer.hikari.pool.HikariPool        : HikariPool-1 - Fill pool skipped, pool has sufficient level or currently being filled.
2025-03-29T00:10:09.377+01:00 DEBUG 44677 --- [users-service] [HikariPool-1 housekeeper] com.zaxxer.hikari.pool.HikariPool        : HikariPool-1 - Pool stats (total=10, active=0, idle=10, waiting=0)
2025-03-29T00:10:09.378+01:00 DEBUG 44677 --- [users-service] [HikariPool-1 housekeeper] com.zaxxer.hikari.pool.HikariPool        : HikariPool-1 - Fill pool skipped, pool has sufficient level or currently being filled.
2025-03-29T00:10:39.379+01:00 DEBUG 44677 --- [users-service] [HikariPool-1 housekeeper] com.zaxxer.hikari.pool.HikariPool        : HikariPool-1 - Pool stats (total=10, active=0, idle=10, waiting=0)
2025-03-29T00:10:39.380+01:00 DEBUG 44677 --- [users-service] [HikariPool-1 housekeeper] com.zaxxer.hikari.pool.HikariPool        : HikariPool-1 - Fill pool skipped, pool has sufficient level or currently being filled.
2025-03-29T00:10:48.567+01:00  INFO 44677 --- [users-service] [kafka-producer-network-thread | users-service-producer-1] org.apache.kafka.clients.NetworkClient   : [Producer clientId=users-service-producer-1] Node -1 disconnected.
2025-03-29T00:11:09.383+01:00 DEBUG 44677 --- [users-service] [HikariPool-1 housekeeper] com.zaxxer.hikari.pool.HikariPool        : HikariPool-1 - Pool stats (total=10, active=0, idle=10, waiting=0)
2025-03-29T00:11:09.385+01:00 DEBUG 44677 --- [users-service] [HikariPool-1 housekeeper] com.zaxxer.hikari.pool.HikariPool        : HikariPool-1 - Fill pool skipped, pool has sufficient level or currently being filled.
2025-03-29T00:11:39.386+01:00 DEBUG 44677 --- [users-service] [HikariPool-1 housekeeper] com.zaxxer.hikari.pool.HikariPool        : HikariPool-1 - Pool stats (total=10, active=0, idle=10, waiting=0)
2025-03-29T00:11:39.398+01:00 DEBUG 44677 --- [users-service] [HikariPool-1 housekeeper] com.zaxxer.hikari.pool.HikariPool        : HikariPool-1 - Fill pool skipped, pool has sufficient level or currently being filled.
2025-03-29T00:12:09.405+01:00 DEBUG 44677 --- [users-service] [HikariPool-1 housekeeper] com.zaxxer.hikari.pool.HikariPool        : HikariPool-1 - Pool stats (total=10, active=0, idle=10, waiting=0)
2025-03-29T00:12:09.408+01:00 DEBUG 44677 --- [users-service] [HikariPool-1 housekeeper] com.zaxxer.hikari.pool.HikariPool        : HikariPool-1 - Fill pool skipped, pool has sufficient level or currently being filled.
2025-03-29T00:12:39.413+01:00 DEBUG 44677 --- [users-service] [HikariPool-1 housekeeper] com.zaxxer.hikari.pool.HikariPool        : HikariPool-1 - Pool stats (total=10, active=0, idle=10, waiting=0)
2025-03-29T00:12:39.414+01:00 DEBUG 44677 --- [users-service] [HikariPool-1 housekeeper] com.zaxxer.hikari.pool.HikariPool        : HikariPool-1 - Fill pool skipped, pool has sufficient level or currently being filled.
2025-03-29T00:13:01.343+01:00 DEBUG 44677 --- [users-service] [tomcat-handler-23] o.s.web.servlet.DispatcherServlet        : POST "/api/users/notification/otp", parameters={}
2025-03-29T00:13:01.346+01:00 DEBUG 44677 --- [users-service] [tomcat-handler-23] s.w.s.m.m.a.RequestMappingHandlerMapping : Mapped to org.meristem.oneapp.usersservice.controllers.NotificationController#sendOtp(SendOtpRequest)
2025-03-29T00:13:01.350+01:00 DEBUG 44677 --- [users-service] [tomcat-handler-23] m.m.a.RequestResponseBodyMethodProcessor : Read "application/json;charset=UTF-8" to [SendOtpRequest[otpType=1, recipient=kingsleyog95@gmail.com]]
2025-03-29T00:13:01.351+01:00 DEBUG 44677 --- [users-service] [tomcat-handler-23] o.s.j.d.DataSourceTransactionManager     : Creating new transaction with name [org.meristem.oneapp.usersservice.services.NotificationService.sendOtp]: PROPAGATION_REQUIRED,ISOLATION_DEFAULT
2025-03-29T00:13:01.352+01:00 DEBUG 44677 --- [users-service] [tomcat-handler-23] o.s.j.d.DataSourceTransactionManager     : Acquired Connection [HikariProxyConnection@148253191 wrapping conn0: url=jdbc:h2:mem:mydb user=SA] for JDBC transaction
2025-03-29T00:13:01.356+01:00 DEBUG 44677 --- [users-service] [tomcat-handler-23] o.s.j.d.DataSourceTransactionManager     : Switching JDBC Connection [HikariProxyConnection@148253191 wrapping conn0: url=jdbc:h2:mem:mydb user=SA] to manual commit
2025-03-29T00:13:01.357+01:00 DEBUG 44677 --- [users-service] [tomcat-handler-23] o.s.j.d.DataSourceTransactionManager     : Participating in existing transaction
2025-03-29T00:13:01.358+01:00 DEBUG 44677 --- [users-service] [tomcat-handler-23] o.s.jdbc.core.JdbcTemplate               : Executing prepared SQL update
2025-03-29T00:13:01.358+01:00 DEBUG 44677 --- [users-service] [tomcat-handler-23] o.s.jdbc.core.JdbcTemplate               : Executing prepared SQL statement [UPDATE otp_verification SET expires_at = ? WHERE id = (SELECT id FROM otp_verification WHERE user_id = ? AND otp_type = ? ORDER BY expires_at DESC LIMIT 1)]
2025-03-29T00:13:01.359+01:00 DEBUG 44677 --- [users-service] [tomcat-handler-23] o.s.j.d.DataSourceTransactionManager     : Participating in existing transaction
2025-03-29T00:13:01.361+01:00 DEBUG 44677 --- [users-service] [tomcat-handler-23] o.s.jdbc.core.JdbcTemplate               : Executing SQL update and returning generated keys
2025-03-29T00:13:01.361+01:00 DEBUG 44677 --- [users-service] [tomcat-handler-23] o.s.jdbc.core.JdbcTemplate               : Executing prepared SQL statement [INSERT INTO "otp_verification" ("code", "CREATED_BY", "CREATED_DATE", "expires_at", "LAST_MODIFIED_BY", "LAST_MODIFIED_DATE", "otp_type", "user_id", "verified", "VERSION") VALUES (?, ?, ?, ?, ?, ?, ?, ?, ?, ?)]
2025-03-29T00:13:01.363+01:00 DEBUG 44677 --- [users-service] [tomcat-handler-23] o.s.j.d.DataSourceTransactionManager     : Initiating transaction commit
2025-03-29T00:13:01.363+01:00 DEBUG 44677 --- [users-service] [tomcat-handler-23] o.s.j.d.DataSourceTransactionManager     : Committing JDBC transaction on Connection [HikariProxyConnection@148253191 wrapping conn0: url=jdbc:h2:mem:mydb user=SA]
2025-03-29T00:13:01.363+01:00 DEBUG 44677 --- [users-service] [tomcat-handler-23] o.s.j.d.DataSourceTransactionManager     : Releasing JDBC Connection [HikariProxyConnection@148253191 wrapping conn0: url=jdbc:h2:mem:mydb user=SA] after transaction
2025-03-29T00:13:01.363+01:00 DEBUG 44677 --- [users-service] [tomcat-handler-23] o.s.w.s.m.m.a.HttpEntityMethodProcessor  : Using 'application/json', given [*/*] and supported [application/json]
2025-03-29T00:13:01.364+01:00 DEBUG 44677 --- [users-service] [tomcat-handler-23] o.s.w.s.m.m.a.HttpEntityMethodProcessor  : Writing [AppResponse[timestamp=2025-03-29T00:13:01.363622, status=200 OK, message=Otp sent to kingsleyog95@gm (truncated)...]
2025-03-29T00:13:01.365+01:00 DEBUG 44677 --- [users-service] [tomcat-handler-23] o.s.web.servlet.DispatcherServlet        : Completed 200 OK
2025-03-29T00:13:02.304+01:00 DEBUG 44677 --- [users-service] [tomcat-handler-24] o.s.web.servlet.DispatcherServlet        : POST "/api/users/notification/otp", parameters={}
2025-03-29T00:13:02.305+01:00 DEBUG 44677 --- [users-service] [tomcat-handler-24] s.w.s.m.m.a.RequestMappingHandlerMapping : Mapped to org.meristem.oneapp.usersservice.controllers.NotificationController#sendOtp(SendOtpRequest)
2025-03-29T00:13:02.306+01:00 DEBUG 44677 --- [users-service] [tomcat-handler-24] m.m.a.RequestResponseBodyMethodProcessor : Read "application/json;charset=UTF-8" to [SendOtpRequest[otpType=1, recipient=kingsleyog95@gmail.com]]
2025-03-29T00:13:02.307+01:00 DEBUG 44677 --- [users-service] [tomcat-handler-24] o.s.j.d.DataSourceTransactionManager     : Creating new transaction with name [org.meristem.oneapp.usersservice.services.NotificationService.sendOtp]: PROPAGATION_REQUIRED,ISOLATION_DEFAULT
2025-03-29T00:13:02.307+01:00 DEBUG 44677 --- [users-service] [tomcat-handler-24] o.s.j.d.DataSourceTransactionManager     : Acquired Connection [HikariProxyConnection@1194123094 wrapping conn0: url=jdbc:h2:mem:mydb user=SA] for JDBC transaction
2025-03-29T00:13:02.307+01:00 DEBUG 44677 --- [users-service] [tomcat-handler-24] o.s.j.d.DataSourceTransactionManager     : Switching JDBC Connection [HikariProxyConnection@1194123094 wrapping conn0: url=jdbc:h2:mem:mydb user=SA] to manual commit
2025-03-29T00:13:02.307+01:00 DEBUG 44677 --- [users-service] [tomcat-handler-24] o.s.j.d.DataSourceTransactionManager     : Participating in existing transaction
2025-03-29T00:13:02.308+01:00 DEBUG 44677 --- [users-service] [tomcat-handler-24] o.s.jdbc.core.JdbcTemplate               : Executing prepared SQL update
2025-03-29T00:13:02.308+01:00 DEBUG 44677 --- [users-service] [tomcat-handler-24] o.s.jdbc.core.JdbcTemplate               : Executing prepared SQL statement [UPDATE otp_verification SET expires_at = ? WHERE id = (SELECT id FROM otp_verification WHERE user_id = ? AND otp_type = ? ORDER BY expires_at DESC LIMIT 1)]
2025-03-29T00:13:02.310+01:00 DEBUG 44677 --- [users-service] [tomcat-handler-24] o.s.j.d.DataSourceTransactionManager     : Participating in existing transaction
2025-03-29T00:13:02.311+01:00 DEBUG 44677 --- [users-service] [tomcat-handler-24] o.s.jdbc.core.JdbcTemplate               : Executing SQL update and returning generated keys
2025-03-29T00:13:02.311+01:00 DEBUG 44677 --- [users-service] [tomcat-handler-24] o.s.jdbc.core.JdbcTemplate               : Executing prepared SQL statement [INSERT INTO "otp_verification" ("code", "CREATED_BY", "CREATED_DATE", "expires_at", "LAST_MODIFIED_BY", "LAST_MODIFIED_DATE", "otp_type", "user_id", "verified", "VERSION") VALUES (?, ?, ?, ?, ?, ?, ?, ?, ?, ?)]
2025-03-29T00:13:02.311+01:00 DEBUG 44677 --- [users-service] [tomcat-handler-24] o.s.j.d.DataSourceTransactionManager     : Initiating transaction commit
2025-03-29T00:13:02.311+01:00 DEBUG 44677 --- [users-service] [tomcat-handler-24] o.s.j.d.DataSourceTransactionManager     : Committing JDBC transaction on Connection [HikariProxyConnection@1194123094 wrapping conn0: url=jdbc:h2:mem:mydb user=SA]
2025-03-29T00:13:02.312+01:00 DEBUG 44677 --- [users-service] [tomcat-handler-24] o.s.j.d.DataSourceTransactionManager     : Releasing JDBC Connection [HikariProxyConnection@1194123094 wrapping conn0: url=jdbc:h2:mem:mydb user=SA] after transaction
2025-03-29T00:13:02.312+01:00 DEBUG 44677 --- [users-service] [tomcat-handler-24] o.s.w.s.m.m.a.HttpEntityMethodProcessor  : Using 'application/json', given [*/*] and supported [application/json]
2025-03-29T00:13:02.312+01:00 DEBUG 44677 --- [users-service] [tomcat-handler-24] o.s.w.s.m.m.a.HttpEntityMethodProcessor  : Writing [AppResponse[timestamp=2025-03-29T00:13:02.312063, status=200 OK, message=Otp sent to kingsleyog95@gm (truncated)...]
2025-03-29T00:13:02.312+01:00 DEBUG 44677 --- [users-service] [tomcat-handler-24] o.s.web.servlet.DispatcherServlet        : Completed 200 OK
2025-03-29T00:13:09.420+01:00 DEBUG 44677 --- [users-service] [HikariPool-1 housekeeper] com.zaxxer.hikari.pool.HikariPool        : HikariPool-1 - Pool stats (total=10, active=0, idle=10, waiting=0)
2025-03-29T00:13:09.420+01:00 DEBUG 44677 --- [users-service] [HikariPool-1 housekeeper] com.zaxxer.hikari.pool.HikariPool        : HikariPool-1 - Fill pool skipped, pool has sufficient level or currently being filled.
2025-03-29T00:13:39.426+01:00 DEBUG 44677 --- [users-service] [HikariPool-1 housekeeper] com.zaxxer.hikari.pool.HikariPool        : HikariPool-1 - Pool stats (total=10, active=0, idle=10, waiting=0)
2025-03-29T00:13:39.428+01:00 DEBUG 44677 --- [users-service] [HikariPool-1 housekeeper] com.zaxxer.hikari.pool.HikariPool        : HikariPool-1 - Fill pool skipped, pool has sufficient level or currently being filled.
2025-03-29T00:14:00.685+01:00 DEBUG 44677 --- [users-service] [tomcat-handler-25] o.s.web.servlet.DispatcherServlet        : POST "/api/users/notification/otp", parameters={}
2025-03-29T00:14:00.687+01:00 DEBUG 44677 --- [users-service] [tomcat-handler-25] s.w.s.m.m.a.RequestMappingHandlerMapping : Mapped to org.meristem.oneapp.usersservice.controllers.NotificationController#sendOtp(SendOtpRequest)
2025-03-29T00:14:00.689+01:00 DEBUG 44677 --- [users-service] [tomcat-handler-25] m.m.a.RequestResponseBodyMethodProcessor : Read "application/json;charset=UTF-8" to [SendOtpRequest[otpType=1, recipient=kingsleyog95@gmail.com]]
2025-03-29T00:14:00.690+01:00 DEBUG 44677 --- [users-service] [tomcat-handler-25] o.s.j.d.DataSourceTransactionManager     : Creating new transaction with name [org.meristem.oneapp.usersservice.services.NotificationService.sendOtp]: PROPAGATION_REQUIRED,ISOLATION_DEFAULT
2025-03-29T00:14:00.691+01:00 DEBUG 44677 --- [users-service] [tomcat-handler-25] o.s.j.d.DataSourceTransactionManager     : Acquired Connection [HikariProxyConnection@1891284715 wrapping conn0: url=jdbc:h2:mem:mydb user=SA] for JDBC transaction
2025-03-29T00:14:00.691+01:00 DEBUG 44677 --- [users-service] [tomcat-handler-25] o.s.j.d.DataSourceTransactionManager     : Switching JDBC Connection [HikariProxyConnection@1891284715 wrapping conn0: url=jdbc:h2:mem:mydb user=SA] to manual commit
2025-03-29T00:14:00.692+01:00 DEBUG 44677 --- [users-service] [tomcat-handler-25] o.s.j.d.DataSourceTransactionManager     : Participating in existing transaction
2025-03-29T00:14:00.692+01:00 DEBUG 44677 --- [users-service] [tomcat-handler-25] o.s.jdbc.core.JdbcTemplate               : Executing prepared SQL update
2025-03-29T00:14:00.692+01:00 DEBUG 44677 --- [users-service] [tomcat-handler-25] o.s.jdbc.core.JdbcTemplate               : Executing prepared SQL statement [UPDATE otp_verification SET expires_at = ? WHERE id = (SELECT id FROM otp_verification WHERE user_id = ? AND otp_type = ? ORDER BY expires_at DESC LIMIT 1)]
2025-03-29T00:14:00.694+01:00 DEBUG 44677 --- [users-service] [tomcat-handler-25] o.s.j.d.DataSourceTransactionManager     : Participating in existing transaction
2025-03-29T00:14:00.695+01:00 DEBUG 44677 --- [users-service] [tomcat-handler-25] o.s.jdbc.core.JdbcTemplate               : Executing SQL update and returning generated keys
2025-03-29T00:14:00.695+01:00 DEBUG 44677 --- [users-service] [tomcat-handler-25] o.s.jdbc.core.JdbcTemplate               : Executing prepared SQL statement [INSERT INTO "otp_verification" ("code", "CREATED_BY", "CREATED_DATE", "expires_at", "LAST_MODIFIED_BY", "LAST_MODIFIED_DATE", "otp_type", "user_id", "verified", "VERSION") VALUES (?, ?, ?, ?, ?, ?, ?, ?, ?, ?)]
2025-03-29T00:14:00.697+01:00 DEBUG 44677 --- [users-service] [tomcat-handler-25] o.s.j.d.DataSourceTransactionManager     : Initiating transaction commit
2025-03-29T00:14:00.697+01:00 DEBUG 44677 --- [users-service] [tomcat-handler-25] o.s.j.d.DataSourceTransactionManager     : Committing JDBC transaction on Connection [HikariProxyConnection@1891284715 wrapping conn0: url=jdbc:h2:mem:mydb user=SA]
2025-03-29T00:14:00.697+01:00 DEBUG 44677 --- [users-service] [tomcat-handler-25] o.s.j.d.DataSourceTransactionManager     : Releasing JDBC Connection [HikariProxyConnection@1891284715 wrapping conn0: url=jdbc:h2:mem:mydb user=SA] after transaction
2025-03-29T00:14:00.697+01:00 DEBUG 44677 --- [users-service] [tomcat-handler-25] o.s.w.s.m.m.a.HttpEntityMethodProcessor  : Using 'application/json', given [*/*] and supported [application/json]
2025-03-29T00:14:00.698+01:00 DEBUG 44677 --- [users-service] [tomcat-handler-25] o.s.w.s.m.m.a.HttpEntityMethodProcessor  : Writing [AppResponse[timestamp=2025-03-29T00:14:00.697628, status=200 OK, message=Otp sent to kingsleyog95@gm (truncated)...]
2025-03-29T00:14:00.698+01:00 DEBUG 44677 --- [users-service] [tomcat-handler-25] o.s.web.servlet.DispatcherServlet        : Completed 200 OK
2025-03-29T00:14:01.523+01:00 DEBUG 44677 --- [users-service] [tomcat-handler-26] o.s.web.servlet.DispatcherServlet        : POST "/api/users/notification/otp", parameters={}
2025-03-29T00:14:01.524+01:00 DEBUG 44677 --- [users-service] [tomcat-handler-26] s.w.s.m.m.a.RequestMappingHandlerMapping : Mapped to org.meristem.oneapp.usersservice.controllers.NotificationController#sendOtp(SendOtpRequest)
2025-03-29T00:14:01.525+01:00 DEBUG 44677 --- [users-service] [tomcat-handler-26] m.m.a.RequestResponseBodyMethodProcessor : Read "application/json;charset=UTF-8" to [SendOtpRequest[otpType=1, recipient=kingsleyog95@gmail.com]]
2025-03-29T00:14:01.525+01:00 DEBUG 44677 --- [users-service] [tomcat-handler-26] o.s.j.d.DataSourceTransactionManager     : Creating new transaction with name [org.meristem.oneapp.usersservice.services.NotificationService.sendOtp]: PROPAGATION_REQUIRED,ISOLATION_DEFAULT
2025-03-29T00:14:01.525+01:00 DEBUG 44677 --- [users-service] [tomcat-handler-26] o.s.j.d.DataSourceTransactionManager     : Acquired Connection [HikariProxyConnection@1061182647 wrapping conn0: url=jdbc:h2:mem:mydb user=SA] for JDBC transaction
2025-03-29T00:14:01.526+01:00 DEBUG 44677 --- [users-service] [tomcat-handler-26] o.s.j.d.DataSourceTransactionManager     : Switching JDBC Connection [HikariProxyConnection@1061182647 wrapping conn0: url=jdbc:h2:mem:mydb user=SA] to manual commit
2025-03-29T00:14:01.526+01:00 DEBUG 44677 --- [users-service] [tomcat-handler-26] o.s.j.d.DataSourceTransactionManager     : Participating in existing transaction
2025-03-29T00:14:01.527+01:00 DEBUG 44677 --- [users-service] [tomcat-handler-26] o.s.jdbc.core.JdbcTemplate               : Executing prepared SQL update
2025-03-29T00:14:01.527+01:00 DEBUG 44677 --- [users-service] [tomcat-handler-26] o.s.jdbc.core.JdbcTemplate               : Executing prepared SQL statement [UPDATE otp_verification SET expires_at = ? WHERE id = (SELECT id FROM otp_verification WHERE user_id = ? AND otp_type = ? ORDER BY expires_at DESC LIMIT 1)]
2025-03-29T00:14:01.527+01:00 DEBUG 44677 --- [users-service] [tomcat-handler-26] o.s.j.d.DataSourceTransactionManager     : Participating in existing transaction
2025-03-29T00:14:01.528+01:00 DEBUG 44677 --- [users-service] [tomcat-handler-26] o.s.jdbc.core.JdbcTemplate               : Executing SQL update and returning generated keys
2025-03-29T00:14:01.528+01:00 DEBUG 44677 --- [users-service] [tomcat-handler-26] o.s.jdbc.core.JdbcTemplate               : Executing prepared SQL statement [INSERT INTO "otp_verification" ("code", "CREATED_BY", "CREATED_DATE", "expires_at", "LAST_MODIFIED_BY", "LAST_MODIFIED_DATE", "otp_type", "user_id", "verified", "VERSION") VALUES (?, ?, ?, ?, ?, ?, ?, ?, ?, ?)]
2025-03-29T00:14:01.529+01:00 DEBUG 44677 --- [users-service] [tomcat-handler-26] o.s.j.d.DataSourceTransactionManager     : Initiating transaction commit
2025-03-29T00:14:01.529+01:00 DEBUG 44677 --- [users-service] [tomcat-handler-26] o.s.j.d.DataSourceTransactionManager     : Committing JDBC transaction on Connection [HikariProxyConnection@1061182647 wrapping conn0: url=jdbc:h2:mem:mydb user=SA]
2025-03-29T00:14:01.531+01:00 DEBUG 44677 --- [users-service] [tomcat-handler-26] o.s.j.d.DataSourceTransactionManager     : Releasing JDBC Connection [HikariProxyConnection@1061182647 wrapping conn0: url=jdbc:h2:mem:mydb user=SA] after transaction
2025-03-29T00:14:01.532+01:00 DEBUG 44677 --- [users-service] [tomcat-handler-26] o.s.w.s.m.m.a.HttpEntityMethodProcessor  : Using 'application/json', given [*/*] and supported [application/json]
2025-03-29T00:14:01.532+01:00 DEBUG 44677 --- [users-service] [tomcat-handler-26] o.s.w.s.m.m.a.HttpEntityMethodProcessor  : Writing [AppResponse[timestamp=2025-03-29T00:14:01.532188, status=200 OK, message=Otp sent to kingsleyog95@gm (truncated)...]
2025-03-29T00:14:01.542+01:00 DEBUG 44677 --- [users-service] [tomcat-handler-26] o.s.web.servlet.DispatcherServlet        : Completed 200 OK
2025-03-29T00:14:09.434+01:00 DEBUG 44677 --- [users-service] [HikariPool-1 housekeeper] com.zaxxer.hikari.pool.HikariPool        : HikariPool-1 - Pool stats (total=10, active=0, idle=10, waiting=0)
2025-03-29T00:14:09.434+01:00 DEBUG 44677 --- [users-service] [HikariPool-1 housekeeper] com.zaxxer.hikari.pool.HikariPool        : HikariPool-1 - Fill pool skipped, pool has sufficient level or currently being filled.
2025-03-29T00:14:39.440+01:00 DEBUG 44677 --- [users-service] [HikariPool-1 housekeeper] com.zaxxer.hikari.pool.HikariPool        : HikariPool-1 - Pool stats (total=10, active=0, idle=10, waiting=0)
2025-03-29T00:14:39.442+01:00 DEBUG 44677 --- [users-service] [HikariPool-1 housekeeper] com.zaxxer.hikari.pool.HikariPool        : HikariPool-1 - Fill pool skipped, pool has sufficient level or currently being filled.
2025-03-29T00:15:09.445+01:00 DEBUG 44677 --- [users-service] [HikariPool-1 housekeeper] com.zaxxer.hikari.pool.HikariPool        : HikariPool-1 - Pool stats (total=10, active=0, idle=10, waiting=0)
2025-03-29T00:15:09.447+01:00 DEBUG 44677 --- [users-service] [HikariPool-1 housekeeper] com.zaxxer.hikari.pool.HikariPool        : HikariPool-1 - Fill pool skipped, pool has sufficient level or currently being filled.
2025-03-29T00:15:18.093+01:00 DEBUG 44677 --- [users-service] [tomcat-handler-28] o.s.web.servlet.DispatcherServlet        : POST "/api/users/notification/otp", parameters={}
2025-03-29T00:15:18.095+01:00 DEBUG 44677 --- [users-service] [tomcat-handler-28] s.w.s.m.m.a.RequestMappingHandlerMapping : Mapped to org.meristem.oneapp.usersservice.controllers.NotificationController#sendOtp(SendOtpRequest)
2025-03-29T00:15:18.097+01:00 DEBUG 44677 --- [users-service] [tomcat-handler-28] m.m.a.RequestResponseBodyMethodProcessor : Read "application/json;charset=UTF-8" to [SendOtpRequest[otpType=1, recipient=kingsleyog95@gmail.com]]
2025-03-29T00:15:18.099+01:00 DEBUG 44677 --- [users-service] [tomcat-handler-28] o.s.j.d.DataSourceTransactionManager     : Creating new transaction with name [org.meristem.oneapp.usersservice.services.NotificationService.sendOtp]: PROPAGATION_REQUIRED,ISOLATION_DEFAULT
2025-03-29T00:15:18.099+01:00 DEBUG 44677 --- [users-service] [tomcat-handler-28] o.s.j.d.DataSourceTransactionManager     : Acquired Connection [HikariProxyConnection@1536064313 wrapping conn0: url=jdbc:h2:mem:mydb user=SA] for JDBC transaction
2025-03-29T00:15:18.100+01:00 DEBUG 44677 --- [users-service] [tomcat-handler-28] o.s.j.d.DataSourceTransactionManager     : Switching JDBC Connection [HikariProxyConnection@1536064313 wrapping conn0: url=jdbc:h2:mem:mydb user=SA] to manual commit
2025-03-29T00:15:18.100+01:00 DEBUG 44677 --- [users-service] [tomcat-handler-28] o.s.j.d.DataSourceTransactionManager     : Participating in existing transaction
2025-03-29T00:15:18.102+01:00 DEBUG 44677 --- [users-service] [tomcat-handler-28] o.s.jdbc.core.JdbcTemplate               : Executing prepared SQL update
2025-03-29T00:15:18.102+01:00 DEBUG 44677 --- [users-service] [tomcat-handler-28] o.s.jdbc.core.JdbcTemplate               : Executing prepared SQL statement [UPDATE otp_verification SET expires_at = ? WHERE id = (SELECT id FROM otp_verification WHERE user_id = ? AND otp_type = ? ORDER BY expires_at DESC LIMIT 1)]
2025-03-29T00:15:18.104+01:00 DEBUG 44677 --- [users-service] [tomcat-handler-28] o.s.j.d.DataSourceTransactionManager     : Participating in existing transaction
2025-03-29T00:15:18.109+01:00 DEBUG 44677 --- [users-service] [tomcat-handler-28] o.s.jdbc.core.JdbcTemplate               : Executing SQL update and returning generated keys
2025-03-29T00:15:18.109+01:00 DEBUG 44677 --- [users-service] [tomcat-handler-28] o.s.jdbc.core.JdbcTemplate               : Executing prepared SQL statement [INSERT INTO "otp_verification" ("code", "CREATED_BY", "CREATED_DATE", "expires_at", "LAST_MODIFIED_BY", "LAST_MODIFIED_DATE", "otp_type", "user_id", "verified", "VERSION") VALUES (?, ?, ?, ?, ?, ?, ?, ?, ?, ?)]
2025-03-29T00:15:18.115+01:00 DEBUG 44677 --- [users-service] [tomcat-handler-28] o.s.j.d.DataSourceTransactionManager     : Initiating transaction commit
2025-03-29T00:15:18.115+01:00 DEBUG 44677 --- [users-service] [tomcat-handler-28] o.s.j.d.DataSourceTransactionManager     : Committing JDBC transaction on Connection [HikariProxyConnection@1536064313 wrapping conn0: url=jdbc:h2:mem:mydb user=SA]
2025-03-29T00:15:18.116+01:00 DEBUG 44677 --- [users-service] [tomcat-handler-28] o.s.j.d.DataSourceTransactionManager     : Releasing JDBC Connection [HikariProxyConnection@1536064313 wrapping conn0: url=jdbc:h2:mem:mydb user=SA] after transaction
2025-03-29T00:15:18.118+01:00 DEBUG 44677 --- [users-service] [tomcat-handler-28] o.s.w.s.m.m.a.HttpEntityMethodProcessor  : Using 'application/json', given [*/*] and supported [application/json]
2025-03-29T00:15:18.118+01:00 DEBUG 44677 --- [users-service] [tomcat-handler-28] o.s.w.s.m.m.a.HttpEntityMethodProcessor  : Writing [AppResponse[timestamp=2025-03-29T00:15:18.116323, status=200 OK, message=Otp sent to kingsleyog95@gm (truncated)...]
2025-03-29T00:15:18.120+01:00 DEBUG 44677 --- [users-service] [tomcat-handler-28] o.s.web.servlet.DispatcherServlet        : Completed 200 OK
2025-03-29T00:15:39.451+01:00 DEBUG 44677 --- [users-service] [HikariPool-1 housekeeper] com.zaxxer.hikari.pool.HikariPool        : HikariPool-1 - Pool stats (total=10, active=0, idle=10, waiting=0)
2025-03-29T00:15:39.453+01:00 DEBUG 44677 --- [users-service] [HikariPool-1 housekeeper] com.zaxxer.hikari.pool.HikariPool        : HikariPool-1 - Fill pool skipped, pool has sufficient level or currently being filled.
2025-03-29T00:16:09.461+01:00 DEBUG 44677 --- [users-service] [HikariPool-1 housekeeper] com.zaxxer.hikari.pool.HikariPool        : HikariPool-1 - Pool stats (total=10, active=0, idle=10, waiting=0)
2025-03-29T00:16:09.463+01:00 DEBUG 44677 --- [users-service] [HikariPool-1 housekeeper] com.zaxxer.hikari.pool.HikariPool        : HikariPool-1 - Fill pool skipped, pool has sufficient level or currently being filled.
2025-03-29T00:16:39.465+01:00 DEBUG 44677 --- [users-service] [HikariPool-1 housekeeper] com.zaxxer.hikari.pool.HikariPool        : HikariPool-1 - Pool stats (total=10, active=0, idle=10, waiting=0)
2025-03-29T00:16:39.466+01:00 DEBUG 44677 --- [users-service] [HikariPool-1 housekeeper] com.zaxxer.hikari.pool.HikariPool        : HikariPool-1 - Fill pool skipped, pool has sufficient level or currently being filled.
2025-03-29T00:17:09.470+01:00 DEBUG 44677 --- [users-service] [HikariPool-1 housekeeper] com.zaxxer.hikari.pool.HikariPool        : HikariPool-1 - Pool stats (total=10, active=0, idle=10, waiting=0)
2025-03-29T00:17:09.473+01:00 DEBUG 44677 --- [users-service] [HikariPool-1 housekeeper] com.zaxxer.hikari.pool.HikariPool        : HikariPool-1 - Fill pool skipped, pool has sufficient level or currently being filled.
2025-03-29T00:17:39.479+01:00 DEBUG 44677 --- [users-service] [HikariPool-1 housekeeper] com.zaxxer.hikari.pool.HikariPool        : HikariPool-1 - Pool stats (total=10, active=0, idle=10, waiting=0)
2025-03-29T00:17:39.480+01:00 DEBUG 44677 --- [users-service] [HikariPool-1 housekeeper] com.zaxxer.hikari.pool.HikariPool        : HikariPool-1 - Fill pool skipped, pool has sufficient level or currently being filled.
2025-03-29T00:18:09.486+01:00 DEBUG 44677 --- [users-service] [HikariPool-1 housekeeper] com.zaxxer.hikari.pool.HikariPool        : HikariPool-1 - Pool stats (total=10, active=0, idle=10, waiting=0)
2025-03-29T00:18:09.488+01:00 DEBUG 44677 --- [users-service] [HikariPool-1 housekeeper] com.zaxxer.hikari.pool.HikariPool        : HikariPool-1 - Fill pool skipped, pool has sufficient level or currently being filled.
2025-03-29T00:18:39.491+01:00 DEBUG 44677 --- [users-service] [HikariPool-1 housekeeper] com.zaxxer.hikari.pool.HikariPool        : HikariPool-1 - Pool stats (total=10, active=0, idle=10, waiting=0)
2025-03-29T00:18:39.493+01:00 DEBUG 44677 --- [users-service] [HikariPool-1 housekeeper] com.zaxxer.hikari.pool.HikariPool        : HikariPool-1 - Fill pool skipped, pool has sufficient level or currently being filled.
2025-03-29T00:19:09.497+01:00 DEBUG 44677 --- [users-service] [HikariPool-1 housekeeper] com.zaxxer.hikari.pool.HikariPool        : HikariPool-1 - Pool stats (total=10, active=0, idle=10, waiting=0)
2025-03-29T00:19:09.499+01:00 DEBUG 44677 --- [users-service] [HikariPool-1 housekeeper] com.zaxxer.hikari.pool.HikariPool        : HikariPool-1 - Fill pool skipped, pool has sufficient level or currently being filled.
2025-03-29T00:19:16.551+01:00 DEBUG 44677 --- [users-service] [tomcat-handler-30] o.s.web.servlet.DispatcherServlet        : POST "/api/users/notification/otp", parameters={}
2025-03-29T00:19:16.553+01:00 DEBUG 44677 --- [users-service] [tomcat-handler-30] s.w.s.m.m.a.RequestMappingHandlerMapping : Mapped to org.meristem.oneapp.usersservice.controllers.NotificationController#sendOtp(SendOtpRequest)
2025-03-29T00:19:16.557+01:00 DEBUG 44677 --- [users-service] [tomcat-handler-30] m.m.a.RequestResponseBodyMethodProcessor : Read "application/json;charset=UTF-8" to [SendOtpRequest[otpType=1, recipient=kingsleyog95@gmail.com]]
2025-03-29T00:19:16.562+01:00 DEBUG 44677 --- [users-service] [tomcat-handler-30] o.s.j.d.DataSourceTransactionManager     : Creating new transaction with name [org.meristem.oneapp.usersservice.services.NotificationService.sendOtp]: PROPAGATION_REQUIRED,ISOLATION_DEFAULT
2025-03-29T00:19:16.565+01:00 DEBUG 44677 --- [users-service] [tomcat-handler-30] o.s.j.d.DataSourceTransactionManager     : Acquired Connection [HikariProxyConnection@1236444112 wrapping conn0: url=jdbc:h2:mem:mydb user=SA] for JDBC transaction
2025-03-29T00:19:16.566+01:00 DEBUG 44677 --- [users-service] [tomcat-handler-30] o.s.j.d.DataSourceTransactionManager     : Switching JDBC Connection [HikariProxyConnection@1236444112 wrapping conn0: url=jdbc:h2:mem:mydb user=SA] to manual commit
2025-03-29T00:19:16.572+01:00 DEBUG 44677 --- [users-service] [tomcat-handler-30] o.s.j.d.DataSourceTransactionManager     : Participating in existing transaction
2025-03-29T00:19:16.578+01:00 DEBUG 44677 --- [users-service] [tomcat-handler-30] o.s.jdbc.core.JdbcTemplate               : Executing prepared SQL update
2025-03-29T00:19:16.579+01:00 DEBUG 44677 --- [users-service] [tomcat-handler-30] o.s.jdbc.core.JdbcTemplate               : Executing prepared SQL statement [UPDATE otp_verification SET expires_at = ? WHERE id = (SELECT id FROM otp_verification WHERE user_id = ? AND otp_type = ? ORDER BY expires_at DESC LIMIT 1)]
2025-03-29T00:19:16.584+01:00 DEBUG 44677 --- [users-service] [tomcat-handler-30] o.s.j.d.DataSourceTransactionManager     : Participating in existing transaction
2025-03-29T00:19:16.588+01:00 DEBUG 44677 --- [users-service] [tomcat-handler-30] o.s.jdbc.core.JdbcTemplate               : Executing SQL update and returning generated keys
2025-03-29T00:19:16.589+01:00 DEBUG 44677 --- [users-service] [tomcat-handler-30] o.s.jdbc.core.JdbcTemplate               : Executing prepared SQL statement [INSERT INTO "otp_verification" ("code", "CREATED_BY", "CREATED_DATE", "expires_at", "LAST_MODIFIED_BY", "LAST_MODIFIED_DATE", "otp_type", "user_id", "verified", "VERSION") VALUES (?, ?, ?, ?, ?, ?, ?, ?, ?, ?)]
2025-03-29T00:19:16.594+01:00 DEBUG 44677 --- [users-service] [tomcat-handler-30] o.s.j.d.DataSourceTransactionManager     : Initiating transaction commit
2025-03-29T00:19:16.594+01:00 DEBUG 44677 --- [users-service] [tomcat-handler-30] o.s.j.d.DataSourceTransactionManager     : Committing JDBC transaction on Connection [HikariProxyConnection@1236444112 wrapping conn0: url=jdbc:h2:mem:mydb user=SA]
2025-03-29T00:19:16.594+01:00 DEBUG 44677 --- [users-service] [tomcat-handler-30] o.s.j.d.DataSourceTransactionManager     : Releasing JDBC Connection [HikariProxyConnection@1236444112 wrapping conn0: url=jdbc:h2:mem:mydb user=SA] after transaction
2025-03-29T00:19:16.596+01:00 DEBUG 44677 --- [users-service] [tomcat-handler-30] o.s.w.s.m.m.a.HttpEntityMethodProcessor  : Using 'application/json', given [*/*] and supported [application/json]
2025-03-29T00:19:16.596+01:00 DEBUG 44677 --- [users-service] [tomcat-handler-30] o.s.w.s.m.m.a.HttpEntityMethodProcessor  : Writing [AppResponse[timestamp=2025-03-29T00:19:16.595833, status=200 OK, message=Otp sent to kingsleyog95@gm (truncated)...]
2025-03-29T00:19:16.598+01:00 DEBUG 44677 --- [users-service] [tomcat-handler-30] o.s.web.servlet.DispatcherServlet        : Completed 200 OK
2025-03-29T00:19:39.506+01:00 DEBUG 44677 --- [users-service] [HikariPool-1 housekeeper] com.zaxxer.hikari.pool.HikariPool        : HikariPool-1 - Pool stats (total=10, active=0, idle=10, waiting=0)
2025-03-29T00:19:39.509+01:00 DEBUG 44677 --- [users-service] [HikariPool-1 housekeeper] com.zaxxer.hikari.pool.HikariPool        : HikariPool-1 - Fill pool skipped, pool has sufficient level or currently being filled.
2025-03-29T00:20:09.513+01:00 DEBUG 44677 --- [users-service] [HikariPool-1 housekeeper] com.zaxxer.hikari.pool.HikariPool        : HikariPool-1 - Pool stats (total=10, active=0, idle=10, waiting=0)
2025-03-29T00:20:09.515+01:00 DEBUG 44677 --- [users-service] [HikariPool-1 housekeeper] com.zaxxer.hikari.pool.HikariPool        : HikariPool-1 - Fill pool skipped, pool has sufficient level or currently being filled.
2025-03-29T00:20:39.463+01:00 DEBUG 44677 --- [users-service] [HikariPool-1 housekeeper] com.zaxxer.hikari.pool.HikariPool        : HikariPool-1 - Pool stats (total=10, active=0, idle=10, waiting=0)
2025-03-29T00:20:39.465+01:00 DEBUG 44677 --- [users-service] [HikariPool-1 housekeeper] com.zaxxer.hikari.pool.HikariPool        : HikariPool-1 - Fill pool skipped, pool has sufficient level or currently being filled.
2025-03-29T00:20:46.580+01:00  INFO 44677 --- [users-service] [kafka-producer-network-thread | users-service-producer-1] org.apache.kafka.clients.NetworkClient   : [Producer clientId=users-service-producer-1] Node -1 disconnected.
2025-03-29T00:21:01.813+01:00 DEBUG 44677 --- [users-service] [tomcat-handler-32] o.s.web.servlet.DispatcherServlet        : POST "/api/users/notification/otp", parameters={}
2025-03-29T00:21:01.815+01:00 DEBUG 44677 --- [users-service] [tomcat-handler-32] s.w.s.m.m.a.RequestMappingHandlerMapping : Mapped to org.meristem.oneapp.usersservice.controllers.NotificationController#sendOtp(SendOtpRequest)
2025-03-29T00:21:01.817+01:00 DEBUG 44677 --- [users-service] [tomcat-handler-32] m.m.a.RequestResponseBodyMethodProcessor : Read "application/json;charset=UTF-8" to [SendOtpRequest[otpType=1, recipient=kingsleyog95@gmail.com]]
2025-03-29T00:21:01.819+01:00 DEBUG 44677 --- [users-service] [tomcat-handler-32] o.s.j.d.DataSourceTransactionManager     : Creating new transaction with name [org.meristem.oneapp.usersservice.services.NotificationService.sendOtp]: PROPAGATION_REQUIRED,ISOLATION_DEFAULT
2025-03-29T00:21:01.820+01:00 DEBUG 44677 --- [users-service] [tomcat-handler-32] o.s.j.d.DataSourceTransactionManager     : Acquired Connection [HikariProxyConnection@814092222 wrapping conn0: url=jdbc:h2:mem:mydb user=SA] for JDBC transaction
2025-03-29T00:21:01.820+01:00 DEBUG 44677 --- [users-service] [tomcat-handler-32] o.s.j.d.DataSourceTransactionManager     : Switching JDBC Connection [HikariProxyConnection@814092222 wrapping conn0: url=jdbc:h2:mem:mydb user=SA] to manual commit
2025-03-29T00:21:01.820+01:00 DEBUG 44677 --- [users-service] [tomcat-handler-32] o.s.j.d.DataSourceTransactionManager     : Participating in existing transaction
2025-03-29T00:21:01.821+01:00 DEBUG 44677 --- [users-service] [tomcat-handler-32] o.s.jdbc.core.JdbcTemplate               : Executing prepared SQL update
2025-03-29T00:21:01.821+01:00 DEBUG 44677 --- [users-service] [tomcat-handler-32] o.s.jdbc.core.JdbcTemplate               : Executing prepared SQL statement [UPDATE otp_verification SET expires_at = ? WHERE id = (SELECT id FROM otp_verification WHERE user_id = ? AND otp_type = ? ORDER BY expires_at DESC LIMIT 1)]
2025-03-29T00:21:01.822+01:00 DEBUG 44677 --- [users-service] [tomcat-handler-32] o.s.j.d.DataSourceTransactionManager     : Participating in existing transaction
2025-03-29T00:21:01.825+01:00 DEBUG 44677 --- [users-service] [tomcat-handler-32] o.s.jdbc.core.JdbcTemplate               : Executing SQL update and returning generated keys
2025-03-29T00:21:01.825+01:00 DEBUG 44677 --- [users-service] [tomcat-handler-32] o.s.jdbc.core.JdbcTemplate               : Executing prepared SQL statement [INSERT INTO "otp_verification" ("code", "CREATED_BY", "CREATED_DATE", "expires_at", "LAST_MODIFIED_BY", "LAST_MODIFIED_DATE", "otp_type", "user_id", "verified", "VERSION") VALUES (?, ?, ?, ?, ?, ?, ?, ?, ?, ?)]
2025-03-29T00:21:01.827+01:00 DEBUG 44677 --- [users-service] [tomcat-handler-32] o.s.j.d.DataSourceTransactionManager     : Initiating transaction commit
2025-03-29T00:21:01.827+01:00 DEBUG 44677 --- [users-service] [tomcat-handler-32] o.s.j.d.DataSourceTransactionManager     : Committing JDBC transaction on Connection [HikariProxyConnection@814092222 wrapping conn0: url=jdbc:h2:mem:mydb user=SA]
2025-03-29T00:21:01.828+01:00 DEBUG 44677 --- [users-service] [tomcat-handler-32] o.s.j.d.DataSourceTransactionManager     : Releasing JDBC Connection [HikariProxyConnection@814092222 wrapping conn0: url=jdbc:h2:mem:mydb user=SA] after transaction
2025-03-29T00:21:01.828+01:00 DEBUG 44677 --- [users-service] [tomcat-handler-32] o.s.w.s.m.m.a.HttpEntityMethodProcessor  : Using 'application/json', given [*/*] and supported [application/json]
2025-03-29T00:21:01.828+01:00 DEBUG 44677 --- [users-service] [tomcat-handler-32] o.s.w.s.m.m.a.HttpEntityMethodProcessor  : Writing [AppResponse[timestamp=2025-03-29T00:21:01.828200, status=200 OK, message=Otp sent to kingsleyog95@gm (truncated)...]
2025-03-29T00:21:01.829+01:00 DEBUG 44677 --- [users-service] [tomcat-handler-32] o.s.web.servlet.DispatcherServlet        : Completed 200 OK
2025-03-29T00:21:09.466+01:00 DEBUG 44677 --- [users-service] [HikariPool-1 housekeeper] com.zaxxer.hikari.pool.HikariPool        : HikariPool-1 - Pool stats (total=10, active=0, idle=10, waiting=0)
2025-03-29T00:21:09.468+01:00 DEBUG 44677 --- [users-service] [HikariPool-1 housekeeper] com.zaxxer.hikari.pool.HikariPool        : HikariPool-1 - Fill pool skipped, pool has sufficient level or currently being filled.
2025-03-29T00:21:39.472+01:00 DEBUG 44677 --- [users-service] [HikariPool-1 housekeeper] com.zaxxer.hikari.pool.HikariPool        : HikariPool-1 - Pool stats (total=10, active=0, idle=10, waiting=0)
2025-03-29T00:21:39.474+01:00 DEBUG 44677 --- [users-service] [HikariPool-1 housekeeper] com.zaxxer.hikari.pool.HikariPool        : HikariPool-1 - Fill pool skipped, pool has sufficient level or currently being filled.
2025-03-29T00:22:09.482+01:00 DEBUG 44677 --- [users-service] [HikariPool-1 housekeeper] com.zaxxer.hikari.pool.HikariPool        : HikariPool-1 - Pool stats (total=10, active=0, idle=10, waiting=0)
2025-03-29T00:22:09.484+01:00 DEBUG 44677 --- [users-service] [HikariPool-1 housekeeper] com.zaxxer.hikari.pool.HikariPool        : HikariPool-1 - Fill pool skipped, pool has sufficient level or currently being filled.
2025-03-29T00:22:39.490+01:00 DEBUG 44677 --- [users-service] [HikariPool-1 housekeeper] com.zaxxer.hikari.pool.HikariPool        : HikariPool-1 - Pool stats (total=10, active=0, idle=10, waiting=0)
2025-03-29T00:22:39.491+01:00 DEBUG 44677 --- [users-service] [HikariPool-1 housekeeper] com.zaxxer.hikari.pool.HikariPool        : HikariPool-1 - Fill pool skipped, pool has sufficient level or currently being filled.
2025-03-29T00:23:09.497+01:00 DEBUG 44677 --- [users-service] [HikariPool-1 housekeeper] com.zaxxer.hikari.pool.HikariPool        : HikariPool-1 - Pool stats (total=10, active=0, idle=10, waiting=0)
2025-03-29T00:23:09.499+01:00 DEBUG 44677 --- [users-service] [HikariPool-1 housekeeper] com.zaxxer.hikari.pool.HikariPool        : HikariPool-1 - Fill pool skipped, pool has sufficient level or currently being filled.
2025-03-29T00:23:39.504+01:00 DEBUG 44677 --- [users-service] [HikariPool-1 housekeeper] com.zaxxer.hikari.pool.HikariPool        : HikariPool-1 - Pool stats (total=10, active=0, idle=10, waiting=0)
2025-03-29T00:23:39.506+01:00 DEBUG 44677 --- [users-service] [HikariPool-1 housekeeper] com.zaxxer.hikari.pool.HikariPool        : HikariPool-1 - Fill pool skipped, pool has sufficient level or currently being filled.
2025-03-29T00:24:09.507+01:00 DEBUG 44677 --- [users-service] [HikariPool-1 housekeeper] com.zaxxer.hikari.pool.HikariPool        : HikariPool-1 - Pool stats (total=10, active=0, idle=10, waiting=0)
2025-03-29T00:24:09.510+01:00 DEBUG 44677 --- [users-service] [HikariPool-1 housekeeper] com.zaxxer.hikari.pool.HikariPool        : HikariPool-1 - Fill pool skipped, pool has sufficient level or currently being filled.
2025-03-29T00:24:36.710+01:00 DEBUG 44677 --- [users-service] [tomcat-handler-34] o.s.web.servlet.DispatcherServlet        : POST "/api/users/notification/otp", parameters={}
2025-03-29T00:24:36.715+01:00 DEBUG 44677 --- [users-service] [tomcat-handler-34] s.w.s.m.m.a.RequestMappingHandlerMapping : Mapped to org.meristem.oneapp.usersservice.controllers.NotificationController#sendOtp(SendOtpRequest)
2025-03-29T00:24:36.730+01:00 DEBUG 44677 --- [users-service] [tomcat-handler-34] m.m.a.RequestResponseBodyMethodProcessor : Read "application/json;charset=UTF-8" to [SendOtpRequest[otpType=1, recipient=kingsleyog95@gmail.com]]
2025-03-29T00:24:36.734+01:00 DEBUG 44677 --- [users-service] [tomcat-handler-34] o.s.j.d.DataSourceTransactionManager     : Creating new transaction with name [org.meristem.oneapp.usersservice.services.NotificationService.sendOtp]: PROPAGATION_REQUIRED,ISOLATION_DEFAULT
2025-03-29T00:24:36.736+01:00 DEBUG 44677 --- [users-service] [tomcat-handler-34] o.s.j.d.DataSourceTransactionManager     : Acquired Connection [HikariProxyConnection@1526358343 wrapping conn0: url=jdbc:h2:mem:mydb user=SA] for JDBC transaction
2025-03-29T00:24:36.736+01:00 DEBUG 44677 --- [users-service] [tomcat-handler-34] o.s.j.d.DataSourceTransactionManager     : Switching JDBC Connection [HikariProxyConnection@1526358343 wrapping conn0: url=jdbc:h2:mem:mydb user=SA] to manual commit
2025-03-29T00:24:36.738+01:00 DEBUG 44677 --- [users-service] [tomcat-handler-34] o.s.j.d.DataSourceTransactionManager     : Participating in existing transaction
2025-03-29T00:24:36.739+01:00 DEBUG 44677 --- [users-service] [tomcat-handler-34] o.s.jdbc.core.JdbcTemplate               : Executing prepared SQL update
2025-03-29T00:24:36.739+01:00 DEBUG 44677 --- [users-service] [tomcat-handler-34] o.s.jdbc.core.JdbcTemplate               : Executing prepared SQL statement [UPDATE otp_verification SET expires_at = ? WHERE id = (SELECT id FROM otp_verification WHERE user_id = ? AND otp_type = ? ORDER BY expires_at DESC LIMIT 1)]
2025-03-29T00:24:36.746+01:00 DEBUG 44677 --- [users-service] [tomcat-handler-34] o.s.j.d.DataSourceTransactionManager     : Participating in existing transaction
2025-03-29T00:24:36.752+01:00 DEBUG 44677 --- [users-service] [tomcat-handler-34] o.s.jdbc.core.JdbcTemplate               : Executing SQL update and returning generated keys
2025-03-29T00:24:36.752+01:00 DEBUG 44677 --- [users-service] [tomcat-handler-34] o.s.jdbc.core.JdbcTemplate               : Executing prepared SQL statement [INSERT INTO "otp_verification" ("code", "CREATED_BY", "CREATED_DATE", "expires_at", "LAST_MODIFIED_BY", "LAST_MODIFIED_DATE", "otp_type", "user_id", "verified", "VERSION") VALUES (?, ?, ?, ?, ?, ?, ?, ?, ?, ?)]
2025-03-29T00:24:36.756+01:00 DEBUG 44677 --- [users-service] [tomcat-handler-34] o.s.j.d.DataSourceTransactionManager     : Initiating transaction commit
2025-03-29T00:24:36.756+01:00 DEBUG 44677 --- [users-service] [tomcat-handler-34] o.s.j.d.DataSourceTransactionManager     : Committing JDBC transaction on Connection [HikariProxyConnection@1526358343 wrapping conn0: url=jdbc:h2:mem:mydb user=SA]
2025-03-29T00:24:36.757+01:00 DEBUG 44677 --- [users-service] [tomcat-handler-34] o.s.j.d.DataSourceTransactionManager     : Releasing JDBC Connection [HikariProxyConnection@1526358343 wrapping conn0: url=jdbc:h2:mem:mydb user=SA] after transaction
2025-03-29T00:24:36.758+01:00 DEBUG 44677 --- [users-service] [tomcat-handler-34] o.s.w.s.m.m.a.HttpEntityMethodProcessor  : Using 'application/json', given [*/*] and supported [application/json]
2025-03-29T00:24:36.759+01:00 DEBUG 44677 --- [users-service] [tomcat-handler-34] o.s.w.s.m.m.a.HttpEntityMethodProcessor  : Writing [AppResponse[timestamp=2025-03-29T00:24:36.757981, status=200 OK, message=Otp sent to kingsleyog95@gm (truncated)...]
2025-03-29T00:24:36.760+01:00 DEBUG 44677 --- [users-service] [tomcat-handler-34] o.s.web.servlet.DispatcherServlet        : Completed 200 OK
2025-03-29T00:24:39.514+01:00 DEBUG 44677 --- [users-service] [HikariPool-1 housekeeper] com.zaxxer.hikari.pool.HikariPool        : HikariPool-1 - Pool stats (total=10, active=0, idle=10, waiting=0)
2025-03-29T00:24:39.514+01:00 DEBUG 44677 --- [users-service] [HikariPool-1 housekeeper] com.zaxxer.hikari.pool.HikariPool        : HikariPool-1 - Fill pool skipped, pool has sufficient level or currently being filled.
2025-03-29T00:25:09.520+01:00 DEBUG 44677 --- [users-service] [HikariPool-1 housekeeper] com.zaxxer.hikari.pool.HikariPool        : HikariPool-1 - Pool stats (total=10, active=0, idle=10, waiting=0)
2025-03-29T00:25:09.521+01:00 DEBUG 44677 --- [users-service] [HikariPool-1 housekeeper] com.zaxxer.hikari.pool.HikariPool        : HikariPool-1 - Fill pool skipped, pool has sufficient level or currently being filled.
2025-03-29T00:25:17.163+01:00 DEBUG 44677 --- [users-service] [tomcat-handler-35] o.s.web.servlet.DispatcherServlet        : POST "/api/users/notification/otp", parameters={}
2025-03-29T00:25:17.165+01:00 DEBUG 44677 --- [users-service] [tomcat-handler-35] s.w.s.m.m.a.RequestMappingHandlerMapping : Mapped to org.meristem.oneapp.usersservice.controllers.NotificationController#sendOtp(SendOtpRequest)
2025-03-29T00:25:17.173+01:00 DEBUG 44677 --- [users-service] [tomcat-handler-35] m.m.a.RequestResponseBodyMethodProcessor : Read "application/json;charset=UTF-8" to [SendOtpRequest[otpType=1, recipient=kingsleyog95@gmail.com]]
2025-03-29T00:25:17.181+01:00 DEBUG 44677 --- [users-service] [tomcat-handler-35] o.s.j.d.DataSourceTransactionManager     : Creating new transaction with name [org.meristem.oneapp.usersservice.services.NotificationService.sendOtp]: PROPAGATION_REQUIRED,ISOLATION_DEFAULT
2025-03-29T00:25:17.182+01:00 DEBUG 44677 --- [users-service] [tomcat-handler-35] o.s.j.d.DataSourceTransactionManager     : Acquired Connection [HikariProxyConnection@578894350 wrapping conn0: url=jdbc:h2:mem:mydb user=SA] for JDBC transaction
2025-03-29T00:25:17.182+01:00 DEBUG 44677 --- [users-service] [tomcat-handler-35] o.s.j.d.DataSourceTransactionManager     : Switching JDBC Connection [HikariProxyConnection@578894350 wrapping conn0: url=jdbc:h2:mem:mydb user=SA] to manual commit
2025-03-29T00:25:17.195+01:00 DEBUG 44677 --- [users-service] [tomcat-handler-35] o.s.j.d.DataSourceTransactionManager     : Participating in existing transaction
2025-03-29T00:25:17.195+01:00 DEBUG 44677 --- [users-service] [tomcat-handler-35] o.s.jdbc.core.JdbcTemplate               : Executing prepared SQL update
2025-03-29T00:25:17.196+01:00 DEBUG 44677 --- [users-service] [tomcat-handler-35] o.s.jdbc.core.JdbcTemplate               : Executing prepared SQL statement [UPDATE otp_verification SET expires_at = ? WHERE id = (SELECT id FROM otp_verification WHERE user_id = ? AND otp_type = ? ORDER BY expires_at DESC LIMIT 1)]
2025-03-29T00:25:17.198+01:00 DEBUG 44677 --- [users-service] [tomcat-handler-35] o.s.j.d.DataSourceTransactionManager     : Participating in existing transaction
2025-03-29T00:25:17.200+01:00 DEBUG 44677 --- [users-service] [tomcat-handler-35] o.s.jdbc.core.JdbcTemplate               : Executing SQL update and returning generated keys
2025-03-29T00:25:17.200+01:00 DEBUG 44677 --- [users-service] [tomcat-handler-35] o.s.jdbc.core.JdbcTemplate               : Executing prepared SQL statement [INSERT INTO "otp_verification" ("code", "CREATED_BY", "CREATED_DATE", "expires_at", "LAST_MODIFIED_BY", "LAST_MODIFIED_DATE", "otp_type", "user_id", "verified", "VERSION") VALUES (?, ?, ?, ?, ?, ?, ?, ?, ?, ?)]
2025-03-29T00:25:17.203+01:00 DEBUG 44677 --- [users-service] [tomcat-handler-35] o.s.j.d.DataSourceTransactionManager     : Initiating transaction commit
2025-03-29T00:25:17.203+01:00 DEBUG 44677 --- [users-service] [tomcat-handler-35] o.s.j.d.DataSourceTransactionManager     : Committing JDBC transaction on Connection [HikariProxyConnection@578894350 wrapping conn0: url=jdbc:h2:mem:mydb user=SA]
2025-03-29T00:25:17.204+01:00 DEBUG 44677 --- [users-service] [tomcat-handler-35] o.s.j.d.DataSourceTransactionManager     : Releasing JDBC Connection [HikariProxyConnection@578894350 wrapping conn0: url=jdbc:h2:mem:mydb user=SA] after transaction
2025-03-29T00:25:17.205+01:00 DEBUG 44677 --- [users-service] [tomcat-handler-35] o.s.w.s.m.m.a.HttpEntityMethodProcessor  : Using 'application/json', given [*/*] and supported [application/json]
2025-03-29T00:25:17.205+01:00 DEBUG 44677 --- [users-service] [tomcat-handler-35] o.s.w.s.m.m.a.HttpEntityMethodProcessor  : Writing [AppResponse[timestamp=2025-03-29T00:25:17.204521, status=200 OK, message=Otp sent to kingsleyog95@gm (truncated)...]
2025-03-29T00:25:17.207+01:00 DEBUG 44677 --- [users-service] [tomcat-handler-35] o.s.web.servlet.DispatcherServlet        : Completed 200 OK
2025-03-29T00:25:39.527+01:00 DEBUG 44677 --- [users-service] [HikariPool-1 housekeeper] com.zaxxer.hikari.pool.HikariPool        : HikariPool-1 - Pool stats (total=10, active=0, idle=10, waiting=0)
2025-03-29T00:25:39.529+01:00 DEBUG 44677 --- [users-service] [HikariPool-1 housekeeper] com.zaxxer.hikari.pool.HikariPool        : HikariPool-1 - Fill pool skipped, pool has sufficient level or currently being filled.
2025-03-29T00:26:09.535+01:00 DEBUG 44677 --- [users-service] [HikariPool-1 housekeeper] com.zaxxer.hikari.pool.HikariPool        : HikariPool-1 - Pool stats (total=10, active=0, idle=10, waiting=0)
2025-03-29T00:26:09.536+01:00 DEBUG 44677 --- [users-service] [HikariPool-1 housekeeper] com.zaxxer.hikari.pool.HikariPool        : HikariPool-1 - Fill pool skipped, pool has sufficient level or currently being filled.
2025-03-29T00:26:39.539+01:00 DEBUG 44677 --- [users-service] [HikariPool-1 housekeeper] com.zaxxer.hikari.pool.HikariPool        : HikariPool-1 - Pool stats (total=10, active=0, idle=10, waiting=0)
2025-03-29T00:26:39.540+01:00 DEBUG 44677 --- [users-service] [HikariPool-1 housekeeper] com.zaxxer.hikari.pool.HikariPool        : HikariPool-1 - Fill pool skipped, pool has sufficient level or currently being filled.
2025-03-29T00:27:09.542+01:00 DEBUG 44677 --- [users-service] [HikariPool-1 housekeeper] com.zaxxer.hikari.pool.HikariPool        : HikariPool-1 - Pool stats (total=10, active=0, idle=10, waiting=0)
2025-03-29T00:27:09.545+01:00 DEBUG 44677 --- [users-service] [HikariPool-1 housekeeper] com.zaxxer.hikari.pool.HikariPool        : HikariPool-1 - Fill pool skipped, pool has sufficient level or currently being filled.
2025-03-29T00:27:39.555+01:00 DEBUG 44677 --- [users-service] [HikariPool-1 housekeeper] com.zaxxer.hikari.pool.HikariPool        : HikariPool-1 - Pool stats (total=10, active=0, idle=10, waiting=0)
2025-03-29T00:27:39.557+01:00 DEBUG 44677 --- [users-service] [HikariPool-1 housekeeper] com.zaxxer.hikari.pool.HikariPool        : HikariPool-1 - Fill pool skipped, pool has sufficient level or currently being filled.
2025-03-29T00:28:09.563+01:00 DEBUG 44677 --- [users-service] [HikariPool-1 housekeeper] com.zaxxer.hikari.pool.HikariPool        : HikariPool-1 - Pool stats (total=10, active=0, idle=10, waiting=0)
2025-03-29T00:28:09.565+01:00 DEBUG 44677 --- [users-service] [HikariPool-1 housekeeper] com.zaxxer.hikari.pool.HikariPool        : HikariPool-1 - Fill pool skipped, pool has sufficient level or currently being filled.
2025-03-29T00:28:39.571+01:00 DEBUG 44677 --- [users-service] [HikariPool-1 housekeeper] com.zaxxer.hikari.pool.HikariPool        : HikariPool-1 - Pool stats (total=10, active=0, idle=10, waiting=0)
2025-03-29T00:28:39.576+01:00 DEBUG 44677 --- [users-service] [HikariPool-1 housekeeper] com.zaxxer.hikari.pool.HikariPool        : HikariPool-1 - Fill pool skipped, pool has sufficient level or currently being filled.
2025-03-29T00:29:09.582+01:00 DEBUG 44677 --- [users-service] [HikariPool-1 housekeeper] com.zaxxer.hikari.pool.HikariPool        : HikariPool-1 - Pool stats (total=10, active=0, idle=10, waiting=0)
2025-03-29T00:29:09.583+01:00 DEBUG 44677 --- [users-service] [HikariPool-1 housekeeper] com.zaxxer.hikari.pool.HikariPool        : HikariPool-1 - Fill pool skipped, pool has sufficient level or currently being filled.
2025-03-29T00:29:39.584+01:00 DEBUG 44677 --- [users-service] [HikariPool-1 housekeeper] com.zaxxer.hikari.pool.HikariPool        : HikariPool-1 - Pool stats (total=10, active=0, idle=10, waiting=0)
2025-03-29T00:29:39.587+01:00 DEBUG 44677 --- [users-service] [HikariPool-1 housekeeper] com.zaxxer.hikari.pool.HikariPool        : HikariPool-1 - Fill pool skipped, pool has sufficient level or currently being filled.
2025-03-29T00:30:09.592+01:00 DEBUG 44677 --- [users-service] [HikariPool-1 housekeeper] com.zaxxer.hikari.pool.HikariPool        : HikariPool-1 - Pool stats (total=10, active=0, idle=10, waiting=0)
2025-03-29T00:30:09.593+01:00 DEBUG 44677 --- [users-service] [HikariPool-1 housekeeper] com.zaxxer.hikari.pool.HikariPool        : HikariPool-1 - Fill pool skipped, pool has sufficient level or currently being filled.
2025-03-29T00:30:31.167+01:00 DEBUG 44677 --- [users-service] [HikariPool-1 connection closer] com.zaxxer.hikari.pool.PoolBase          : HikariPool-1 - Closing connection conn5: url=jdbc:h2:mem:mydb user=SA: (connection has passed maxLifetime)
2025-03-29T00:30:31.185+01:00 DEBUG 44677 --- [users-service] [HikariPool-1 connection adder] com.zaxxer.hikari.pool.HikariPool        : HikariPool-1 - Added connection conn10: url=jdbc:h2:mem:mydb user=SA
2025-03-29T00:30:31.216+01:00 DEBUG 44677 --- [users-service] [HikariPool-1 connection adder] com.zaxxer.hikari.pool.HikariPool        : HikariPool-1 - Connection not added, stats (total=10, active=0, idle=10, waiting=0)
2025-03-29T00:30:31.437+01:00 DEBUG 44677 --- [users-service] [HikariPool-1 connection closer] com.zaxxer.hikari.pool.PoolBase          : HikariPool-1 - Closing connection conn0: url=jdbc:h2:mem:mydb user=SA: (connection has passed maxLifetime)
2025-03-29T00:30:31.439+01:00 DEBUG 44677 --- [users-service] [HikariPool-1 connection adder] com.zaxxer.hikari.pool.HikariPool        : HikariPool-1 - Added connection conn11: url=jdbc:h2:mem:mydb user=SA
2025-03-29T00:30:31.473+01:00 DEBUG 44677 --- [users-service] [HikariPool-1 connection adder] com.zaxxer.hikari.pool.HikariPool        : HikariPool-1 - Connection not added, stats (total=10, active=0, idle=10, waiting=0)
2025-03-29T00:30:33.104+01:00 DEBUG 44677 --- [users-service] [HikariPool-1 connection closer] com.zaxxer.hikari.pool.PoolBase          : HikariPool-1 - Closing connection conn7: url=jdbc:h2:mem:mydb user=SA: (connection has passed maxLifetime)
2025-03-29T00:30:33.108+01:00 DEBUG 44677 --- [users-service] [HikariPool-1 connection adder] com.zaxxer.hikari.pool.HikariPool        : HikariPool-1 - Added connection conn12: url=jdbc:h2:mem:mydb user=SA
2025-03-29T00:30:33.144+01:00 DEBUG 44677 --- [users-service] [HikariPool-1 connection adder] com.zaxxer.hikari.pool.HikariPool        : HikariPool-1 - Connection not added, stats (total=10, active=0, idle=10, waiting=0)
2025-03-29T00:30:35.053+01:00 DEBUG 44677 --- [users-service] [HikariPool-1 connection closer] com.zaxxer.hikari.pool.PoolBase          : HikariPool-1 - Closing connection conn8: url=jdbc:h2:mem:mydb user=SA: (connection has passed maxLifetime)
2025-03-29T00:30:35.054+01:00 DEBUG 44677 --- [users-service] [HikariPool-1 connection adder] com.zaxxer.hikari.pool.HikariPool        : HikariPool-1 - Added connection conn13: url=jdbc:h2:mem:mydb user=SA
2025-03-29T00:30:35.087+01:00 DEBUG 44677 --- [users-service] [HikariPool-1 connection adder] com.zaxxer.hikari.pool.HikariPool        : HikariPool-1 - Connection not added, stats (total=10, active=0, idle=10, waiting=0)
2025-03-29T00:30:36.703+01:00 DEBUG 44677 --- [users-service] [HikariPool-1 connection closer] com.zaxxer.hikari.pool.PoolBase          : HikariPool-1 - Closing connection conn9: url=jdbc:h2:mem:mydb user=SA: (connection has passed maxLifetime)
2025-03-29T00:30:36.706+01:00 DEBUG 44677 --- [users-service] [HikariPool-1 connection adder] com.zaxxer.hikari.pool.HikariPool        : HikariPool-1 - Added connection conn14: url=jdbc:h2:mem:mydb user=SA
2025-03-29T00:30:36.738+01:00 DEBUG 44677 --- [users-service] [HikariPool-1 connection adder] com.zaxxer.hikari.pool.HikariPool        : HikariPool-1 - Connection not added, stats (total=10, active=0, idle=10, waiting=0)
2025-03-29T00:30:39.599+01:00 DEBUG 44677 --- [users-service] [HikariPool-1 housekeeper] com.zaxxer.hikari.pool.HikariPool        : HikariPool-1 - Pool stats (total=10, active=0, idle=10, waiting=0)
2025-03-29T00:30:39.600+01:00 DEBUG 44677 --- [users-service] [HikariPool-1 housekeeper] com.zaxxer.hikari.pool.HikariPool        : HikariPool-1 - Fill pool skipped, pool has sufficient level or currently being filled.
2025-03-29T00:30:40.509+01:00 DEBUG 44677 --- [users-service] [HikariPool-1 connection closer] com.zaxxer.hikari.pool.PoolBase          : HikariPool-1 - Closing connection conn4: url=jdbc:h2:mem:mydb user=SA: (connection has passed maxLifetime)
2025-03-29T00:30:40.512+01:00 DEBUG 44677 --- [users-service] [HikariPool-1 connection adder] com.zaxxer.hikari.pool.HikariPool        : HikariPool-1 - Added connection conn15: url=jdbc:h2:mem:mydb user=SA
2025-03-29T00:30:40.546+01:00 DEBUG 44677 --- [users-service] [HikariPool-1 connection adder] com.zaxxer.hikari.pool.HikariPool        : HikariPool-1 - Connection not added, stats (total=10, active=0, idle=10, waiting=0)
2025-03-29T00:30:41.025+01:00 DEBUG 44677 --- [users-service] [HikariPool-1 connection closer] com.zaxxer.hikari.pool.PoolBase          : HikariPool-1 - Closing connection conn1: url=jdbc:h2:mem:mydb user=SA: (connection has passed maxLifetime)
2025-03-29T00:30:41.025+01:00 DEBUG 44677 --- [users-service] [HikariPool-1 connection adder] com.zaxxer.hikari.pool.HikariPool        : HikariPool-1 - Added connection conn16: url=jdbc:h2:mem:mydb user=SA
2025-03-29T00:30:41.061+01:00 DEBUG 44677 --- [users-service] [HikariPool-1 connection adder] com.zaxxer.hikari.pool.HikariPool        : HikariPool-1 - Connection not added, stats (total=10, active=0, idle=10, waiting=0)
2025-03-29T00:30:52.334+01:00 DEBUG 44677 --- [users-service] [HikariPool-1 connection closer] com.zaxxer.hikari.pool.PoolBase          : HikariPool-1 - Closing connection conn2: url=jdbc:h2:mem:mydb user=SA: (connection has passed maxLifetime)
2025-03-29T00:30:52.340+01:00 DEBUG 44677 --- [users-service] [HikariPool-1 connection adder] com.zaxxer.hikari.pool.HikariPool        : HikariPool-1 - Added connection conn17: url=jdbc:h2:mem:mydb user=SA
2025-03-29T00:30:52.372+01:00 DEBUG 44677 --- [users-service] [HikariPool-1 connection adder] com.zaxxer.hikari.pool.HikariPool        : HikariPool-1 - Connection not added, stats (total=10, active=0, idle=10, waiting=0)
2025-03-29T00:31:01.813+01:00 DEBUG 44677 --- [users-service] [HikariPool-1 connection closer] com.zaxxer.hikari.pool.PoolBase          : HikariPool-1 - Closing connection conn3: url=jdbc:h2:mem:mydb user=SA: (connection has passed maxLifetime)
2025-03-29T00:31:01.816+01:00 DEBUG 44677 --- [users-service] [HikariPool-1 connection adder] com.zaxxer.hikari.pool.HikariPool        : HikariPool-1 - Added connection conn18: url=jdbc:h2:mem:mydb user=SA
2025-03-29T00:31:01.848+01:00 DEBUG 44677 --- [users-service] [HikariPool-1 connection adder] com.zaxxer.hikari.pool.HikariPool        : HikariPool-1 - Connection not added, stats (total=10, active=0, idle=10, waiting=0)
2025-03-29T00:31:05.817+01:00 DEBUG 44677 --- [users-service] [HikariPool-1 connection closer] com.zaxxer.hikari.pool.PoolBase          : HikariPool-1 - Closing connection conn6: url=jdbc:h2:mem:mydb user=SA: (connection has passed maxLifetime)
2025-03-29T00:31:05.821+01:00 DEBUG 44677 --- [users-service] [HikariPool-1 connection adder] com.zaxxer.hikari.pool.HikariPool        : HikariPool-1 - Added connection conn19: url=jdbc:h2:mem:mydb user=SA
2025-03-29T00:31:05.857+01:00 DEBUG 44677 --- [users-service] [HikariPool-1 connection adder] com.zaxxer.hikari.pool.HikariPool        : HikariPool-1 - Connection not added, stats (total=10, active=0, idle=10, waiting=0)
2025-03-29T00:31:09.605+01:00 DEBUG 44677 --- [users-service] [HikariPool-1 housekeeper] com.zaxxer.hikari.pool.HikariPool        : HikariPool-1 - Pool stats (total=10, active=0, idle=10, waiting=0)
2025-03-29T00:31:09.606+01:00 DEBUG 44677 --- [users-service] [HikariPool-1 housekeeper] com.zaxxer.hikari.pool.HikariPool        : HikariPool-1 - Fill pool skipped, pool has sufficient level or currently being filled.
2025-03-29T00:31:39.612+01:00 DEBUG 44677 --- [users-service] [HikariPool-1 housekeeper] com.zaxxer.hikari.pool.HikariPool        : HikariPool-1 - Pool stats (total=10, active=0, idle=10, waiting=0)
2025-03-29T00:31:39.615+01:00 DEBUG 44677 --- [users-service] [HikariPool-1 housekeeper] com.zaxxer.hikari.pool.HikariPool        : HikariPool-1 - Fill pool skipped, pool has sufficient level or currently being filled.
2025-03-29T00:32:09.620+01:00 DEBUG 44677 --- [users-service] [HikariPool-1 housekeeper] com.zaxxer.hikari.pool.HikariPool        : HikariPool-1 - Pool stats (total=10, active=0, idle=10, waiting=0)
2025-03-29T00:32:09.623+01:00 DEBUG 44677 --- [users-service] [HikariPool-1 housekeeper] com.zaxxer.hikari.pool.HikariPool        : HikariPool-1 - Fill pool skipped, pool has sufficient level or currently being filled.
2025-03-29T00:32:39.626+01:00 DEBUG 44677 --- [users-service] [HikariPool-1 housekeeper] com.zaxxer.hikari.pool.HikariPool        : HikariPool-1 - Pool stats (total=10, active=0, idle=10, waiting=0)
2025-03-29T00:32:39.628+01:00 DEBUG 44677 --- [users-service] [HikariPool-1 housekeeper] com.zaxxer.hikari.pool.HikariPool        : HikariPool-1 - Fill pool skipped, pool has sufficient level or currently being filled.
2025-03-29T00:33:09.631+01:00 DEBUG 44677 --- [users-service] [HikariPool-1 housekeeper] com.zaxxer.hikari.pool.HikariPool        : HikariPool-1 - Pool stats (total=10, active=0, idle=10, waiting=0)
2025-03-29T00:33:09.631+01:00 DEBUG 44677 --- [users-service] [HikariPool-1 housekeeper] com.zaxxer.hikari.pool.HikariPool        : HikariPool-1 - Fill pool skipped, pool has sufficient level or currently being filled.
2025-03-29T00:33:39.638+01:00 DEBUG 44677 --- [users-service] [HikariPool-1 housekeeper] com.zaxxer.hikari.pool.HikariPool        : HikariPool-1 - Pool stats (total=10, active=0, idle=10, waiting=0)
2025-03-29T00:33:39.639+01:00 DEBUG 44677 --- [users-service] [HikariPool-1 housekeeper] com.zaxxer.hikari.pool.HikariPool        : HikariPool-1 - Fill pool skipped, pool has sufficient level or currently being filled.
2025-03-29T00:34:09.642+01:00 DEBUG 44677 --- [users-service] [HikariPool-1 housekeeper] com.zaxxer.hikari.pool.HikariPool        : HikariPool-1 - Pool stats (total=10, active=0, idle=10, waiting=0)
2025-03-29T00:34:09.644+01:00 DEBUG 44677 --- [users-service] [HikariPool-1 housekeeper] com.zaxxer.hikari.pool.HikariPool        : HikariPool-1 - Fill pool skipped, pool has sufficient level or currently being filled.
2025-03-29T00:34:39.649+01:00 DEBUG 44677 --- [users-service] [HikariPool-1 housekeeper] com.zaxxer.hikari.pool.HikariPool        : HikariPool-1 - Pool stats (total=10, active=0, idle=10, waiting=0)
2025-03-29T00:34:39.652+01:00 DEBUG 44677 --- [users-service] [HikariPool-1 housekeeper] com.zaxxer.hikari.pool.HikariPool        : HikariPool-1 - Fill pool skipped, pool has sufficient level or currently being filled.
2025-03-29T00:35:09.654+01:00 DEBUG 44677 --- [users-service] [HikariPool-1 housekeeper] com.zaxxer.hikari.pool.HikariPool        : HikariPool-1 - Pool stats (total=10, active=0, idle=10, waiting=0)
2025-03-29T00:35:09.655+01:00 DEBUG 44677 --- [users-service] [HikariPool-1 housekeeper] com.zaxxer.hikari.pool.HikariPool        : HikariPool-1 - Fill pool skipped, pool has sufficient level or currently being filled.
2025-03-29T00:35:39.672+01:00 DEBUG 44677 --- [users-service] [HikariPool-1 housekeeper] com.zaxxer.hikari.pool.HikariPool        : HikariPool-1 - Pool stats (total=10, active=0, idle=10, waiting=0)
2025-03-29T00:35:39.673+01:00 DEBUG 44677 --- [users-service] [HikariPool-1 housekeeper] com.zaxxer.hikari.pool.HikariPool        : HikariPool-1 - Fill pool skipped, pool has sufficient level or currently being filled.
2025-03-29T00:36:09.695+01:00 DEBUG 44677 --- [users-service] [HikariPool-1 housekeeper] com.zaxxer.hikari.pool.HikariPool        : HikariPool-1 - Pool stats (total=10, active=0, idle=10, waiting=0)
2025-03-29T00:36:09.695+01:00 DEBUG 44677 --- [users-service] [HikariPool-1 housekeeper] com.zaxxer.hikari.pool.HikariPool        : HikariPool-1 - Fill pool skipped, pool has sufficient level or currently being filled.
2025-03-29T00:36:39.704+01:00 DEBUG 44677 --- [users-service] [HikariPool-1 housekeeper] com.zaxxer.hikari.pool.HikariPool        : HikariPool-1 - Pool stats (total=10, active=0, idle=10, waiting=0)
2025-03-29T00:36:39.706+01:00 DEBUG 44677 --- [users-service] [HikariPool-1 housekeeper] com.zaxxer.hikari.pool.HikariPool        : HikariPool-1 - Fill pool skipped, pool has sufficient level or currently being filled.
2025-03-29T00:37:09.709+01:00 DEBUG 44677 --- [users-service] [HikariPool-1 housekeeper] com.zaxxer.hikari.pool.HikariPool        : HikariPool-1 - Pool stats (total=10, active=0, idle=10, waiting=0)
2025-03-29T00:37:09.710+01:00 DEBUG 44677 --- [users-service] [HikariPool-1 housekeeper] com.zaxxer.hikari.pool.HikariPool        : HikariPool-1 - Fill pool skipped, pool has sufficient level or currently being filled.
2025-03-29T00:37:39.715+01:00 DEBUG 44677 --- [users-service] [HikariPool-1 housekeeper] com.zaxxer.hikari.pool.HikariPool        : HikariPool-1 - Pool stats (total=10, active=0, idle=10, waiting=0)
2025-03-29T00:37:39.716+01:00 DEBUG 44677 --- [users-service] [HikariPool-1 housekeeper] com.zaxxer.hikari.pool.HikariPool        : HikariPool-1 - Fill pool skipped, pool has sufficient level or currently being filled.
2025-03-29T00:38:09.721+01:00 DEBUG 44677 --- [users-service] [HikariPool-1 housekeeper] com.zaxxer.hikari.pool.HikariPool        : HikariPool-1 - Pool stats (total=10, active=0, idle=10, waiting=0)
2025-03-29T00:38:09.722+01:00 DEBUG 44677 --- [users-service] [HikariPool-1 housekeeper] com.zaxxer.hikari.pool.HikariPool        : HikariPool-1 - Fill pool skipped, pool has sufficient level or currently being filled.
2025-03-29T00:38:39.727+01:00 DEBUG 44677 --- [users-service] [HikariPool-1 housekeeper] com.zaxxer.hikari.pool.HikariPool        : HikariPool-1 - Pool stats (total=10, active=0, idle=10, waiting=0)
2025-03-29T00:38:39.729+01:00 DEBUG 44677 --- [users-service] [HikariPool-1 housekeeper] com.zaxxer.hikari.pool.HikariPool        : HikariPool-1 - Fill pool skipped, pool has sufficient level or currently being filled.
2025-03-29T00:39:09.734+01:00 DEBUG 44677 --- [users-service] [HikariPool-1 housekeeper] com.zaxxer.hikari.pool.HikariPool        : HikariPool-1 - Pool stats (total=10, active=0, idle=10, waiting=0)
2025-03-29T00:39:09.734+01:00 DEBUG 44677 --- [users-service] [HikariPool-1 housekeeper] com.zaxxer.hikari.pool.HikariPool        : HikariPool-1 - Fill pool skipped, pool has sufficient level or currently being filled.
2025-03-29T00:39:39.741+01:00 DEBUG 44677 --- [users-service] [HikariPool-1 housekeeper] com.zaxxer.hikari.pool.HikariPool        : HikariPool-1 - Pool stats (total=10, active=0, idle=10, waiting=0)
2025-03-29T00:39:39.744+01:00 DEBUG 44677 --- [users-service] [HikariPool-1 housekeeper] com.zaxxer.hikari.pool.HikariPool        : HikariPool-1 - Fill pool skipped, pool has sufficient level or currently being filled.
2025-03-29T00:40:09.748+01:00 DEBUG 44677 --- [users-service] [HikariPool-1 housekeeper] com.zaxxer.hikari.pool.HikariPool        : HikariPool-1 - Pool stats (total=10, active=0, idle=10, waiting=0)
2025-03-29T00:40:09.753+01:00 DEBUG 44677 --- [users-service] [HikariPool-1 housekeeper] com.zaxxer.hikari.pool.HikariPool        : HikariPool-1 - Fill pool skipped, pool has sufficient level or currently being filled.
2025-03-29T00:40:39.759+01:00 DEBUG 44677 --- [users-service] [HikariPool-1 housekeeper] com.zaxxer.hikari.pool.HikariPool        : HikariPool-1 - Pool stats (total=10, active=0, idle=10, waiting=0)
2025-03-29T00:40:39.760+01:00 DEBUG 44677 --- [users-service] [HikariPool-1 housekeeper] com.zaxxer.hikari.pool.HikariPool        : HikariPool-1 - Fill pool skipped, pool has sufficient level or currently being filled.
2025-03-29T00:41:09.767+01:00 DEBUG 44677 --- [users-service] [HikariPool-1 housekeeper] com.zaxxer.hikari.pool.HikariPool        : HikariPool-1 - Pool stats (total=10, active=0, idle=10, waiting=0)
2025-03-29T00:41:09.770+01:00 DEBUG 44677 --- [users-service] [HikariPool-1 housekeeper] com.zaxxer.hikari.pool.HikariPool        : HikariPool-1 - Fill pool skipped, pool has sufficient level or currently being filled.
2025-03-29T00:41:39.776+01:00 DEBUG 44677 --- [users-service] [HikariPool-1 housekeeper] com.zaxxer.hikari.pool.HikariPool        : HikariPool-1 - Pool stats (total=10, active=0, idle=10, waiting=0)
2025-03-29T00:41:39.778+01:00 DEBUG 44677 --- [users-service] [HikariPool-1 housekeeper] com.zaxxer.hikari.pool.HikariPool        : HikariPool-1 - Fill pool skipped, pool has sufficient level or currently being filled.
2025-03-29T00:42:09.784+01:00 DEBUG 44677 --- [users-service] [HikariPool-1 housekeeper] com.zaxxer.hikari.pool.HikariPool        : HikariPool-1 - Pool stats (total=10, active=0, idle=10, waiting=0)
2025-03-29T00:42:09.786+01:00 DEBUG 44677 --- [users-service] [HikariPool-1 housekeeper] com.zaxxer.hikari.pool.HikariPool        : HikariPool-1 - Fill pool skipped, pool has sufficient level or currently being filled.
2025-03-29T00:42:39.788+01:00 DEBUG 44677 --- [users-service] [HikariPool-1 housekeeper] com.zaxxer.hikari.pool.HikariPool        : HikariPool-1 - Pool stats (total=10, active=0, idle=10, waiting=0)
2025-03-29T00:42:39.789+01:00 DEBUG 44677 --- [users-service] [HikariPool-1 housekeeper] com.zaxxer.hikari.pool.HikariPool        : HikariPool-1 - Fill pool skipped, pool has sufficient level or currently being filled.
2025-03-29T00:43:09.796+01:00 DEBUG 44677 --- [users-service] [HikariPool-1 housekeeper] com.zaxxer.hikari.pool.HikariPool        : HikariPool-1 - Pool stats (total=10, active=0, idle=10, waiting=0)
2025-03-29T00:43:09.798+01:00 DEBUG 44677 --- [users-service] [HikariPool-1 housekeeper] com.zaxxer.hikari.pool.HikariPool        : HikariPool-1 - Fill pool skipped, pool has sufficient level or currently being filled.
2025-03-29T00:43:39.801+01:00 DEBUG 44677 --- [users-service] [HikariPool-1 housekeeper] com.zaxxer.hikari.pool.HikariPool        : HikariPool-1 - Pool stats (total=10, active=0, idle=10, waiting=0)
2025-03-29T00:43:39.802+01:00 DEBUG 44677 --- [users-service] [HikariPool-1 housekeeper] com.zaxxer.hikari.pool.HikariPool        : HikariPool-1 - Fill pool skipped, pool has sufficient level or currently being filled.
2025-03-29T00:44:09.810+01:00 DEBUG 44677 --- [users-service] [HikariPool-1 housekeeper] com.zaxxer.hikari.pool.HikariPool        : HikariPool-1 - Pool stats (total=10, active=0, idle=10, waiting=0)
2025-03-29T00:44:09.812+01:00 DEBUG 44677 --- [users-service] [HikariPool-1 housekeeper] com.zaxxer.hikari.pool.HikariPool        : HikariPool-1 - Fill pool skipped, pool has sufficient level or currently being filled.
2025-03-29T00:44:39.815+01:00 DEBUG 44677 --- [users-service] [HikariPool-1 housekeeper] com.zaxxer.hikari.pool.HikariPool        : HikariPool-1 - Pool stats (total=10, active=0, idle=10, waiting=0)
2025-03-29T00:44:39.817+01:00 DEBUG 44677 --- [users-service] [HikariPool-1 housekeeper] com.zaxxer.hikari.pool.HikariPool        : HikariPool-1 - Fill pool skipped, pool has sufficient level or currently being filled.
2025-03-29T00:45:09.824+01:00 DEBUG 44677 --- [users-service] [HikariPool-1 housekeeper] com.zaxxer.hikari.pool.HikariPool        : HikariPool-1 - Pool stats (total=10, active=0, idle=10, waiting=0)
2025-03-29T00:45:09.825+01:00 DEBUG 44677 --- [users-service] [HikariPool-1 housekeeper] com.zaxxer.hikari.pool.HikariPool        : HikariPool-1 - Fill pool skipped, pool has sufficient level or currently being filled.
2025-03-29T00:45:39.831+01:00 DEBUG 44677 --- [users-service] [HikariPool-1 housekeeper] com.zaxxer.hikari.pool.HikariPool        : HikariPool-1 - Pool stats (total=10, active=0, idle=10, waiting=0)
2025-03-29T00:45:39.832+01:00 DEBUG 44677 --- [users-service] [HikariPool-1 housekeeper] com.zaxxer.hikari.pool.HikariPool        : HikariPool-1 - Fill pool skipped, pool has sufficient level or currently being filled.
2025-03-29T00:45:46.601+01:00  INFO 44677 --- [users-service] [SpringApplicationShutdownHook] o.s.b.w.e.tomcat.GracefulShutdown        : Commencing graceful shutdown. Waiting for active requests to complete
2025-03-29T00:45:46.613+01:00  INFO 44677 --- [users-service] [tomcat-shutdown] o.s.b.w.e.tomcat.GracefulShutdown        : Graceful shutdown complete
2025-03-29T00:45:46.630+01:00  INFO 44677 --- [users-service] [SpringApplicationShutdownHook] o.a.k.clients.producer.KafkaProducer     : [Producer clientId=users-service-producer-1] Closing the Kafka producer with timeoutMillis = 30000 ms.
2025-03-29T00:45:46.641+01:00  INFO 44677 --- [users-service] [SpringApplicationShutdownHook] o.apache.kafka.common.metrics.Metrics    : Metrics scheduler closed
2025-03-29T00:45:46.641+01:00  INFO 44677 --- [users-service] [SpringApplicationShutdownHook] o.apache.kafka.common.metrics.Metrics    : Closing reporter org.apache.kafka.common.metrics.JmxReporter
2025-03-29T00:45:46.641+01:00  INFO 44677 --- [users-service] [SpringApplicationShutdownHook] o.apache.kafka.common.metrics.Metrics    : Closing reporter org.apache.kafka.common.telemetry.internals.ClientTelemetryReporter
2025-03-29T00:45:46.641+01:00  INFO 44677 --- [users-service] [SpringApplicationShutdownHook] o.apache.kafka.common.metrics.Metrics    : Metrics reporters closed
2025-03-29T00:45:46.642+01:00  INFO 44677 --- [users-service] [SpringApplicationShutdownHook] o.a.kafka.common.utils.AppInfoParser     : App info kafka.producer for users-service-producer-1 unregistered
2025-03-29T00:45:46.661+01:00  WARN 44677 --- [users-service] [SpringApplicationShutdownHook] o.s.b.f.support.DisposableBeanAdapter    : Invocation of destroy method failed on bean with name 'inMemoryDatabaseShutdownExecutor': org.h2.jdbc.JdbcSQLNonTransientConnectionException: Database is already closed (to disable automatic closing at VM shutdown, add ";DB_CLOSE_ON_EXIT=FALSE" to the db URL) [90121-232]
2025-03-29T00:45:46.682+01:00  INFO 44677 --- [users-service] [SpringApplicationShutdownHook] com.zaxxer.hikari.HikariDataSource       : HikariPool-1 - Shutdown initiated...
2025-03-29T00:45:46.682+01:00 DEBUG 44677 --- [users-service] [SpringApplicationShutdownHook] com.zaxxer.hikari.pool.HikariPool        : HikariPool-1 - Before shutdown stats (total=10, active=0, idle=10, waiting=0)
2025-03-29T00:45:46.683+01:00 DEBUG 44677 --- [users-service] [HikariPool-1 connection closer] com.zaxxer.hikari.pool.PoolBase          : HikariPool-1 - Closing connection conn10: url=jdbc:h2:mem:mydb user=SA: (connection evicted)
2025-03-29T00:45:46.683+01:00 DEBUG 44677 --- [users-service] [HikariPool-1 connection closer] com.zaxxer.hikari.pool.PoolBase          : HikariPool-1 - Closing connection conn11: url=jdbc:h2:mem:mydb user=SA: (connection evicted)
2025-03-29T00:45:46.683+01:00 DEBUG 44677 --- [users-service] [HikariPool-1 connection closer] com.zaxxer.hikari.pool.PoolBase          : HikariPool-1 - Closing connection conn12: url=jdbc:h2:mem:mydb user=SA: (connection evicted)
2025-03-29T00:45:46.683+01:00 DEBUG 44677 --- [users-service] [HikariPool-1 connection closer] com.zaxxer.hikari.pool.PoolBase          : HikariPool-1 - Closing connection conn13: url=jdbc:h2:mem:mydb user=SA: (connection evicted)
2025-03-29T00:45:46.683+01:00 DEBUG 44677 --- [users-service] [HikariPool-1 connection closer] com.zaxxer.hikari.pool.PoolBase          : HikariPool-1 - Closing connection conn14: url=jdbc:h2:mem:mydb user=SA: (connection evicted)
2025-03-29T00:45:46.684+01:00 DEBUG 44677 --- [users-service] [HikariPool-1 connection closer] com.zaxxer.hikari.pool.PoolBase          : HikariPool-1 - Closing connection conn15: url=jdbc:h2:mem:mydb user=SA: (connection evicted)
2025-03-29T00:45:46.684+01:00 DEBUG 44677 --- [users-service] [HikariPool-1 connection closer] com.zaxxer.hikari.pool.PoolBase          : HikariPool-1 - Closing connection conn16: url=jdbc:h2:mem:mydb user=SA: (connection evicted)
2025-03-29T00:45:46.684+01:00 DEBUG 44677 --- [users-service] [HikariPool-1 connection closer] com.zaxxer.hikari.pool.PoolBase          : HikariPool-1 - Closing connection conn17: url=jdbc:h2:mem:mydb user=SA: (connection evicted)
2025-03-29T00:45:46.684+01:00 DEBUG 44677 --- [users-service] [HikariPool-1 connection closer] com.zaxxer.hikari.pool.PoolBase          : HikariPool-1 - Closing connection conn18: url=jdbc:h2:mem:mydb user=SA: (connection evicted)
2025-03-29T00:45:46.685+01:00 DEBUG 44677 --- [users-service] [HikariPool-1 connection closer] com.zaxxer.hikari.pool.PoolBase          : HikariPool-1 - Closing connection conn19: url=jdbc:h2:mem:mydb user=SA: (connection evicted)
2025-03-29T00:45:46.685+01:00 DEBUG 44677 --- [users-service] [SpringApplicationShutdownHook] com.zaxxer.hikari.pool.HikariPool        : HikariPool-1 - After shutdown stats (total=0, active=0, idle=0, waiting=0)
2025-03-29T00:45:46.685+01:00  INFO 44677 --- [users-service] [SpringApplicationShutdownHook] com.zaxxer.hikari.HikariDataSource       : HikariPool-1 - Shutdown completed.
2025-03-29T01:26:07.441+01:00  INFO 57444 --- [users-service] [restartedMain] o.m.o.u.UsersServiceApplication          : Starting UsersServiceApplication using Java 21.0.6 with PID 57444 (/Users/kingsleygodwin/one-mersitem-app/users-service/target/classes started by kingsleygodwin in /Users/kingsleygodwin/one-mersitem-app/users-service)
2025-03-29T01:26:07.442+01:00  INFO 57444 --- [users-service] [restartedMain] o.m.o.u.UsersServiceApplication          : No active profile set, falling back to 1 default profile: "default"
2025-03-29T01:26:07.460+01:00  INFO 57444 --- [users-service] [restartedMain] o.s.c.c.c.ConfigServerConfigDataLoader   : Fetching config from server at : http://localhost:20000/config
2025-03-29T01:26:07.460+01:00  INFO 57444 --- [users-service] [restartedMain] o.s.c.c.c.ConfigServerConfigDataLoader   : Located environment: name=users-service, profiles=[local], label=dev, version=98ef23b254b1a1a6e3d08c6d69e16d0839d190b0, state=
2025-03-29T01:26:07.462+01:00  INFO 57444 --- [users-service] [restartedMain] .e.DevToolsPropertyDefaultsPostProcessor : Devtools property defaults active! Set 'spring.devtools.add-properties' to 'false' to disable
2025-03-29T01:26:07.462+01:00  INFO 57444 --- [users-service] [restartedMain] .e.DevToolsPropertyDefaultsPostProcessor : For additional web related logging consider setting the 'logging.level.web' property to 'DEBUG'
2025-03-29T01:26:07.826+01:00  INFO 57444 --- [users-service] [restartedMain] .s.d.r.c.RepositoryConfigurationDelegate : Multiple Spring Data modules found, entering strict repository configuration mode
2025-03-29T01:26:07.827+01:00  INFO 57444 --- [users-service] [restartedMain] .s.d.r.c.RepositoryConfigurationDelegate : Bootstrapping Spring Data JDBC repositories in DEFAULT mode.
2025-03-29T01:26:07.838+01:00  INFO 57444 --- [users-service] [restartedMain] .RepositoryConfigurationExtensionSupport : Spring Data JDBC - Could not safely identify store assignment for repository candidate interface org.meristem.oneapp.usersservice.repositories.FeatureTypeRepository; If you want this repository to be a JDBC repository, consider annotating your entities with one of these annotations: org.springframework.data.relational.core.mapping.Table.
2025-03-29T01:26:07.876+01:00  INFO 57444 --- [users-service] [restartedMain] .s.d.r.c.RepositoryConfigurationDelegate : Finished Spring Data repository scanning in 46 ms. Found 3 JDBC repository interfaces.
2025-03-29T01:26:07.881+01:00  INFO 57444 --- [users-service] [restartedMain] .s.d.r.c.RepositoryConfigurationDelegate : Multiple Spring Data modules found, entering strict repository configuration mode
2025-03-29T01:26:07.882+01:00  INFO 57444 --- [users-service] [restartedMain] .s.d.r.c.RepositoryConfigurationDelegate : Bootstrapping Spring Data Redis repositories in DEFAULT mode.
2025-03-29T01:26:07.887+01:00  INFO 57444 --- [users-service] [restartedMain] .RepositoryConfigurationExtensionSupport : Spring Data Redis - Could not safely identify store assignment for repository candidate interface org.meristem.oneapp.usersservice.repositories.FeatureTypeRepository; If you want this repository to be a Redis repository, consider annotating your entities with one of these annotations: org.springframework.data.redis.core.RedisHash (preferred), or consider extending one of the following types with your repository: org.springframework.data.keyvalue.repository.KeyValueRepository
2025-03-29T01:26:07.887+01:00  INFO 57444 --- [users-service] [restartedMain] .RepositoryConfigurationExtensionSupport : Spring Data Redis - Could not safely identify store assignment for repository candidate interface org.meristem.oneapp.usersservice.repositories.OtpVerificationRepository; If you want this repository to be a Redis repository, consider annotating your entities with one of these annotations: org.springframework.data.redis.core.RedisHash (preferred), or consider extending one of the following types with your repository: org.springframework.data.keyvalue.repository.KeyValueRepository
2025-03-29T01:26:07.887+01:00  INFO 57444 --- [users-service] [restartedMain] .RepositoryConfigurationExtensionSupport : Spring Data Redis - Could not safely identify store assignment for repository candidate interface org.meristem.oneapp.usersservice.repositories.RequirementsRepository; If you want this repository to be a Redis repository, consider annotating your entities with one of these annotations: org.springframework.data.redis.core.RedisHash (preferred), or consider extending one of the following types with your repository: org.springframework.data.keyvalue.repository.KeyValueRepository
2025-03-29T01:26:07.889+01:00  INFO 57444 --- [users-service] [restartedMain] .RepositoryConfigurationExtensionSupport : Spring Data Redis - Could not safely identify store assignment for repository candidate interface org.meristem.oneapp.usersservice.repositories.UsersRepository; If you want this repository to be a Redis repository, consider annotating your entities with one of these annotations: org.springframework.data.redis.core.RedisHash (preferred), or consider extending one of the following types with your repository: org.springframework.data.keyvalue.repository.KeyValueRepository
2025-03-29T01:26:07.889+01:00  INFO 57444 --- [users-service] [restartedMain] .s.d.r.c.RepositoryConfigurationDelegate : Finished Spring Data repository scanning in 3 ms. Found 0 Redis repository interfaces.
2025-03-29T01:26:07.964+01:00  INFO 57444 --- [users-service] [restartedMain] o.s.cloud.context.scope.GenericScope     : BeanFactory id=d6ec3857-a403-3e6e-b928-937e8f3a93d9
2025-03-29T01:26:08.133+01:00  INFO 57444 --- [users-service] [restartedMain] o.s.b.w.embedded.tomcat.TomcatWebServer  : Tomcat initialized with port 20020 (http)
2025-03-29T01:26:08.138+01:00  INFO 57444 --- [users-service] [restartedMain] o.apache.catalina.core.StandardService   : Starting service [Tomcat]
2025-03-29T01:26:08.138+01:00  INFO 57444 --- [users-service] [restartedMain] o.apache.catalina.core.StandardEngine    : Starting Servlet engine: [Apache Tomcat/10.1.39]
2025-03-29T01:26:08.154+01:00  INFO 57444 --- [users-service] [restartedMain] o.a.c.c.C.[.[localhost].[/api/users]     : Initializing Spring embedded WebApplicationContext
2025-03-29T01:26:08.154+01:00  INFO 57444 --- [users-service] [restartedMain] w.s.c.ServletWebServerApplicationContext : Root WebApplicationContext: initialization completed in 691 ms
2025-03-29T01:26:08.204+01:00 DEBUG 57444 --- [users-service] [restartedMain] o.s.w.f.ServerHttpObservationFilter      : Filter 'webMvcObservationFilter' configured for use
2025-03-29T01:26:08.212+01:00 DEBUG 57444 --- [users-service] [restartedMain] com.zaxxer.hikari.HikariConfig           : Driver class org.h2.Driver found in Thread context class loader org.springframework.boot.devtools.restart.classloader.RestartClassLoader@657dfb69
2025-03-29T01:26:08.281+01:00 DEBUG 57444 --- [users-service] [restartedMain] com.zaxxer.hikari.HikariConfig           : HikariPool-1 - configuration:
2025-03-29T01:26:08.283+01:00 DEBUG 57444 --- [users-service] [restartedMain] com.zaxxer.hikari.HikariConfig           : allowPoolSuspension.............false
2025-03-29T01:26:08.283+01:00 DEBUG 57444 --- [users-service] [restartedMain] com.zaxxer.hikari.HikariConfig           : autoCommit......................true
2025-03-29T01:26:08.283+01:00 DEBUG 57444 --- [users-service] [restartedMain] com.zaxxer.hikari.HikariConfig           : catalog.........................none
2025-03-29T01:26:08.283+01:00 DEBUG 57444 --- [users-service] [restartedMain] com.zaxxer.hikari.HikariConfig           : connectionInitSql...............none
2025-03-29T01:26:08.283+01:00 DEBUG 57444 --- [users-service] [restartedMain] com.zaxxer.hikari.HikariConfig           : connectionTestQuery.............none
2025-03-29T01:26:08.283+01:00 DEBUG 57444 --- [users-service] [restartedMain] com.zaxxer.hikari.HikariConfig           : connectionTimeout...............30000
2025-03-29T01:26:08.283+01:00 DEBUG 57444 --- [users-service] [restartedMain] com.zaxxer.hikari.HikariConfig           : dataSource......................none
2025-03-29T01:26:08.283+01:00 DEBUG 57444 --- [users-service] [restartedMain] com.zaxxer.hikari.HikariConfig           : dataSourceClassName.............none
2025-03-29T01:26:08.283+01:00 DEBUG 57444 --- [users-service] [restartedMain] com.zaxxer.hikari.HikariConfig           : dataSourceJNDI..................none
2025-03-29T01:26:08.283+01:00 DEBUG 57444 --- [users-service] [restartedMain] com.zaxxer.hikari.HikariConfig           : dataSourceProperties............{password=<masked>, logUnclosedConnections=true}
2025-03-29T01:26:08.285+01:00 DEBUG 57444 --- [users-service] [restartedMain] com.zaxxer.hikari.HikariConfig           : driverClassName................."org.h2.Driver"
2025-03-29T01:26:08.285+01:00 DEBUG 57444 --- [users-service] [restartedMain] com.zaxxer.hikari.HikariConfig           : exceptionOverrideClassName......none
2025-03-29T01:26:08.285+01:00 DEBUG 57444 --- [users-service] [restartedMain] com.zaxxer.hikari.HikariConfig           : healthCheckProperties...........{}
2025-03-29T01:26:08.285+01:00 DEBUG 57444 --- [users-service] [restartedMain] com.zaxxer.hikari.HikariConfig           : healthCheckRegistry.............none
2025-03-29T01:26:08.287+01:00 DEBUG 57444 --- [users-service] [restartedMain] com.zaxxer.hikari.HikariConfig           : idleTimeout.....................600000
2025-03-29T01:26:08.287+01:00 DEBUG 57444 --- [users-service] [restartedMain] com.zaxxer.hikari.HikariConfig           : initializationFailTimeout.......1
2025-03-29T01:26:08.287+01:00 DEBUG 57444 --- [users-service] [restartedMain] com.zaxxer.hikari.HikariConfig           : isolateInternalQueries..........false
2025-03-29T01:26:08.287+01:00 DEBUG 57444 --- [users-service] [restartedMain] com.zaxxer.hikari.HikariConfig           : jdbcUrl.........................jdbc:h2:mem:mydb;DATABASE_TO_UPPER=FALSE;CASE_INSENSITIVE_IDENTIFIERS=TRUE
2025-03-29T01:26:08.289+01:00 DEBUG 57444 --- [users-service] [restartedMain] com.zaxxer.hikari.HikariConfig           : keepaliveTime...................0
2025-03-29T01:26:08.289+01:00 DEBUG 57444 --- [users-service] [restartedMain] com.zaxxer.hikari.HikariConfig           : leakDetectionThreshold..........0
2025-03-29T01:26:08.289+01:00 DEBUG 57444 --- [users-service] [restartedMain] com.zaxxer.hikari.HikariConfig           : maxLifetime.....................1800000
2025-03-29T01:26:08.289+01:00 DEBUG 57444 --- [users-service] [restartedMain] com.zaxxer.hikari.HikariConfig           : maximumPoolSize.................10
2025-03-29T01:26:08.289+01:00 DEBUG 57444 --- [users-service] [restartedMain] com.zaxxer.hikari.HikariConfig           : metricRegistry..................none
2025-03-29T01:26:08.290+01:00 DEBUG 57444 --- [users-service] [restartedMain] com.zaxxer.hikari.HikariConfig           : metricsTrackerFactory...........none
2025-03-29T01:26:08.290+01:00 DEBUG 57444 --- [users-service] [restartedMain] com.zaxxer.hikari.HikariConfig           : minimumIdle.....................10
2025-03-29T01:26:08.290+01:00 DEBUG 57444 --- [users-service] [restartedMain] com.zaxxer.hikari.HikariConfig           : password........................<masked>
2025-03-29T01:26:08.290+01:00 DEBUG 57444 --- [users-service] [restartedMain] com.zaxxer.hikari.HikariConfig           : poolName........................"HikariPool-1"
2025-03-29T01:26:08.292+01:00 DEBUG 57444 --- [users-service] [restartedMain] com.zaxxer.hikari.HikariConfig           : readOnly........................false
2025-03-29T01:26:08.292+01:00 DEBUG 57444 --- [users-service] [restartedMain] com.zaxxer.hikari.HikariConfig           : registerMbeans..................false
2025-03-29T01:26:08.292+01:00 DEBUG 57444 --- [users-service] [restartedMain] com.zaxxer.hikari.HikariConfig           : scheduledExecutor...............none
2025-03-29T01:26:08.292+01:00 DEBUG 57444 --- [users-service] [restartedMain] com.zaxxer.hikari.HikariConfig           : schema..........................none
2025-03-29T01:26:08.292+01:00 DEBUG 57444 --- [users-service] [restartedMain] com.zaxxer.hikari.HikariConfig           : threadFactory...................internal
2025-03-29T01:26:08.293+01:00 DEBUG 57444 --- [users-service] [restartedMain] com.zaxxer.hikari.HikariConfig           : transactionIsolation............default
2025-03-29T01:26:08.293+01:00 DEBUG 57444 --- [users-service] [restartedMain] com.zaxxer.hikari.HikariConfig           : username........................"sa"
2025-03-29T01:26:08.293+01:00 DEBUG 57444 --- [users-service] [restartedMain] com.zaxxer.hikari.HikariConfig           : validationTimeout...............5000
2025-03-29T01:26:08.293+01:00  INFO 57444 --- [users-service] [restartedMain] com.zaxxer.hikari.HikariDataSource       : HikariPool-1 - Starting...
2025-03-29T01:26:08.379+01:00  INFO 57444 --- [users-service] [restartedMain] com.zaxxer.hikari.pool.HikariPool        : HikariPool-1 - Added connection conn0: url=jdbc:h2:mem:mydb user=SA
2025-03-29T01:26:08.380+01:00  INFO 57444 --- [users-service] [restartedMain] com.zaxxer.hikari.HikariDataSource       : HikariPool-1 - Start completed.
2025-03-29T01:26:08.396+01:00  INFO 57444 --- [users-service] [restartedMain] org.flywaydb.core.FlywayExecutor         : Database: jdbc:h2:mem:mydb (H2 2.3)
2025-03-29T01:26:08.398+01:00  WARN 57444 --- [users-service] [restartedMain] o.f.c.internal.database.base.Database    : Flyway upgrade recommended: H2 2.3.232 is newer than this version of Flyway and support has not been tested. The latest supported version of H2 is 2.2.224.
2025-03-29T01:26:08.406+01:00  INFO 57444 --- [users-service] [restartedMain] o.f.c.i.s.JdbcTableSchemaHistory         : Schema history table "PUBLIC"."flyway_schema_history" does not exist yet
2025-03-29T01:26:08.407+01:00  INFO 57444 --- [users-service] [restartedMain] o.f.core.internal.command.DbValidate     : Successfully validated 1 migration (execution time 00:00.005s)
2025-03-29T01:26:08.409+01:00  INFO 57444 --- [users-service] [restartedMain] o.f.c.i.s.JdbcTableSchemaHistory         : Creating Schema History table "PUBLIC"."flyway_schema_history" ...
2025-03-29T01:26:08.416+01:00 DEBUG 57444 --- [users-service] [HikariPool-1 connection adder] com.zaxxer.hikari.pool.HikariPool        : HikariPool-1 - Added connection conn1: url=jdbc:h2:mem:mydb user=SA
2025-03-29T01:26:08.419+01:00  INFO 57444 --- [users-service] [restartedMain] o.f.core.internal.command.DbMigrate      : Current version of schema "PUBLIC": << Empty Schema >>
2025-03-29T01:26:08.424+01:00  INFO 57444 --- [users-service] [restartedMain] o.f.core.internal.command.DbMigrate      : Migrating schema "PUBLIC" to version "1 - DB INIT H2"
2025-03-29T01:26:08.444+01:00  INFO 57444 --- [users-service] [restartedMain] o.f.core.internal.command.DbMigrate      : Successfully applied 1 migration to schema "PUBLIC", now at version v1 (execution time 00:00.016s)
2025-03-29T01:26:08.446+01:00 DEBUG 57444 --- [users-service] [HikariPool-1 connection adder] com.zaxxer.hikari.pool.HikariPool        : HikariPool-1 - Connection not added, stats (total=2, active=0, idle=2, waiting=0)
2025-03-29T01:26:08.455+01:00 DEBUG 57444 --- [users-service] [restartedMain] o.s.jdbc.datasource.DataSourceUtils      : Fetching JDBC Connection from DataSource
2025-03-29T01:26:08.485+01:00 DEBUG 57444 --- [users-service] [HikariPool-1 housekeeper] com.zaxxer.hikari.pool.HikariPool        : HikariPool-1 - Pool stats (total=2, active=0, idle=2, waiting=0)
2025-03-29T01:26:08.485+01:00 DEBUG 57444 --- [users-service] [HikariPool-1 connection adder] com.zaxxer.hikari.pool.HikariPool        : HikariPool-1 - Added connection conn2: url=jdbc:h2:mem:mydb user=SA
2025-03-29T01:26:08.487+01:00  WARN 57444 --- [users-service] [restartedMain] o.s.b.d.a.OptionalLiveReloadServer       : Unable to start LiveReload server
2025-03-29T01:26:08.520+01:00 DEBUG 57444 --- [users-service] [HikariPool-1 connection adder] com.zaxxer.hikari.pool.HikariPool        : HikariPool-1 - After adding stats (total=3, active=0, idle=3, waiting=0)
2025-03-29T01:26:08.521+01:00 DEBUG 57444 --- [users-service] [HikariPool-1 connection adder] com.zaxxer.hikari.pool.HikariPool        : HikariPool-1 - Added connection conn3: url=jdbc:h2:mem:mydb user=SA
2025-03-29T01:26:08.551+01:00 DEBUG 57444 --- [users-service] [HikariPool-1 connection adder] com.zaxxer.hikari.pool.HikariPool        : HikariPool-1 - After adding stats (total=4, active=0, idle=4, waiting=0)
2025-03-29T01:26:08.552+01:00 DEBUG 57444 --- [users-service] [HikariPool-1 connection adder] com.zaxxer.hikari.pool.HikariPool        : HikariPool-1 - Added connection conn4: url=jdbc:h2:mem:mydb user=SA
2025-03-29T01:26:08.587+01:00 DEBUG 57444 --- [users-service] [HikariPool-1 connection adder] com.zaxxer.hikari.pool.HikariPool        : HikariPool-1 - After adding stats (total=5, active=0, idle=5, waiting=0)
2025-03-29T01:26:08.587+01:00 DEBUG 57444 --- [users-service] [HikariPool-1 connection adder] com.zaxxer.hikari.pool.HikariPool        : HikariPool-1 - Added connection conn5: url=jdbc:h2:mem:mydb user=SA
2025-03-29T01:26:08.622+01:00 DEBUG 57444 --- [users-service] [HikariPool-1 connection adder] com.zaxxer.hikari.pool.HikariPool        : HikariPool-1 - After adding stats (total=6, active=0, idle=6, waiting=0)
2025-03-29T01:26:08.623+01:00 DEBUG 57444 --- [users-service] [HikariPool-1 connection adder] com.zaxxer.hikari.pool.HikariPool        : HikariPool-1 - Added connection conn6: url=jdbc:h2:mem:mydb user=SA
2025-03-29T01:26:08.642+01:00 DEBUG 57444 --- [users-service] [restartedMain] s.w.s.m.m.a.RequestMappingHandlerMapping : 9 mappings in 'requestMappingHandlerMapping'
2025-03-29T01:26:08.654+01:00 DEBUG 57444 --- [users-service] [HikariPool-1 connection adder] com.zaxxer.hikari.pool.HikariPool        : HikariPool-1 - After adding stats (total=7, active=0, idle=7, waiting=0)
2025-03-29T01:26:08.654+01:00 DEBUG 57444 --- [users-service] [HikariPool-1 connection adder] com.zaxxer.hikari.pool.HikariPool        : HikariPool-1 - Added connection conn7: url=jdbc:h2:mem:mydb user=SA
2025-03-29T01:26:08.660+01:00 DEBUG 57444 --- [users-service] [restartedMain] o.s.w.s.handler.SimpleUrlHandlerMapping  : Patterns [/webjars/**, /**, /swagger-ui*/*swagger-initializer.js, /swagger-ui*/**] in 'resourceHandlerMapping'
2025-03-29T01:26:08.671+01:00 DEBUG 57444 --- [users-service] [restartedMain] s.w.s.m.m.a.RequestMappingHandlerAdapter : ControllerAdvice beans: 0 @ModelAttribute, 0 @InitBinder, 1 RequestBodyAdvice, 1 ResponseBodyAdvice
2025-03-29T01:26:08.689+01:00 DEBUG 57444 --- [users-service] [HikariPool-1 connection adder] com.zaxxer.hikari.pool.HikariPool        : HikariPool-1 - After adding stats (total=8, active=0, idle=8, waiting=0)
2025-03-29T01:26:08.690+01:00 DEBUG 57444 --- [users-service] [HikariPool-1 connection adder] com.zaxxer.hikari.pool.HikariPool        : HikariPool-1 - Added connection conn8: url=jdbc:h2:mem:mydb user=SA
2025-03-29T01:26:08.691+01:00 DEBUG 57444 --- [users-service] [restartedMain] .m.m.a.ExceptionHandlerExceptionResolver : ControllerAdvice beans: 2 @ExceptionHandler, 1 ResponseBodyAdvice
2025-03-29T01:26:08.725+01:00 DEBUG 57444 --- [users-service] [HikariPool-1 connection adder] com.zaxxer.hikari.pool.HikariPool        : HikariPool-1 - After adding stats (total=9, active=0, idle=9, waiting=0)
2025-03-29T01:26:08.725+01:00 DEBUG 57444 --- [users-service] [HikariPool-1 connection adder] com.zaxxer.hikari.pool.HikariPool        : HikariPool-1 - Added connection conn9: url=jdbc:h2:mem:mydb user=SA
2025-03-29T01:26:08.760+01:00 DEBUG 57444 --- [users-service] [HikariPool-1 connection adder] com.zaxxer.hikari.pool.HikariPool        : HikariPool-1 - After adding stats (total=10, active=0, idle=10, waiting=0)
2025-03-29T01:26:08.902+01:00  INFO 57444 --- [users-service] [restartedMain] o.s.b.a.h2.H2ConsoleAutoConfiguration    : H2 console available at '/h2-console'. Database available at 'jdbc:h2:mem:mydb'
2025-03-29T01:26:08.953+01:00  INFO 57444 --- [users-service] [restartedMain] o.s.b.a.e.web.EndpointLinksResolver      : Exposing 2 endpoints beneath base path '/actuator'
2025-03-29T01:26:08.985+01:00  INFO 57444 --- [users-service] [restartedMain] o.s.b.w.embedded.tomcat.TomcatWebServer  : Tomcat started on port 20020 (http) with context path '/api/users'
2025-03-29T01:26:08.995+01:00  INFO 57444 --- [users-service] [restartedMain] o.m.o.u.UsersServiceApplication          : Started UsersServiceApplication in 4.376 seconds (process running for 4.576)
2025-03-29T01:26:38.492+01:00 DEBUG 57444 --- [users-service] [HikariPool-1 housekeeper] com.zaxxer.hikari.pool.HikariPool        : HikariPool-1 - Pool stats (total=10, active=0, idle=10, waiting=0)
2025-03-29T01:26:38.495+01:00 DEBUG 57444 --- [users-service] [HikariPool-1 housekeeper] com.zaxxer.hikari.pool.HikariPool        : HikariPool-1 - Fill pool skipped, pool has sufficient level or currently being filled.
2025-03-29T01:27:08.499+01:00 DEBUG 57444 --- [users-service] [HikariPool-1 housekeeper] com.zaxxer.hikari.pool.HikariPool        : HikariPool-1 - Pool stats (total=10, active=0, idle=10, waiting=0)
2025-03-29T01:27:08.503+01:00 DEBUG 57444 --- [users-service] [HikariPool-1 housekeeper] com.zaxxer.hikari.pool.HikariPool        : HikariPool-1 - Fill pool skipped, pool has sufficient level or currently being filled.
2025-03-29T01:27:38.509+01:00 DEBUG 57444 --- [users-service] [HikariPool-1 housekeeper] com.zaxxer.hikari.pool.HikariPool        : HikariPool-1 - Pool stats (total=10, active=0, idle=10, waiting=0)
2025-03-29T01:27:38.513+01:00 DEBUG 57444 --- [users-service] [HikariPool-1 housekeeper] com.zaxxer.hikari.pool.HikariPool        : HikariPool-1 - Fill pool skipped, pool has sufficient level or currently being filled.
2025-03-29T01:28:08.518+01:00 DEBUG 57444 --- [users-service] [HikariPool-1 housekeeper] com.zaxxer.hikari.pool.HikariPool        : HikariPool-1 - Pool stats (total=10, active=0, idle=10, waiting=0)
2025-03-29T01:28:08.521+01:00 DEBUG 57444 --- [users-service] [HikariPool-1 housekeeper] com.zaxxer.hikari.pool.HikariPool        : HikariPool-1 - Fill pool skipped, pool has sufficient level or currently being filled.
2025-03-29T01:28:38.528+01:00 DEBUG 57444 --- [users-service] [HikariPool-1 housekeeper] com.zaxxer.hikari.pool.HikariPool        : HikariPool-1 - Pool stats (total=10, active=0, idle=10, waiting=0)
2025-03-29T01:28:38.532+01:00 DEBUG 57444 --- [users-service] [HikariPool-1 housekeeper] com.zaxxer.hikari.pool.HikariPool        : HikariPool-1 - Fill pool skipped, pool has sufficient level or currently being filled.
2025-03-29T01:29:08.538+01:00 DEBUG 57444 --- [users-service] [HikariPool-1 housekeeper] com.zaxxer.hikari.pool.HikariPool        : HikariPool-1 - Pool stats (total=10, active=0, idle=10, waiting=0)
2025-03-29T01:29:08.539+01:00 DEBUG 57444 --- [users-service] [HikariPool-1 housekeeper] com.zaxxer.hikari.pool.HikariPool        : HikariPool-1 - Fill pool skipped, pool has sufficient level or currently being filled.
2025-03-29T01:29:38.541+01:00 DEBUG 57444 --- [users-service] [HikariPool-1 housekeeper] com.zaxxer.hikari.pool.HikariPool        : HikariPool-1 - Pool stats (total=10, active=0, idle=10, waiting=0)
2025-03-29T01:29:38.543+01:00 DEBUG 57444 --- [users-service] [HikariPool-1 housekeeper] com.zaxxer.hikari.pool.HikariPool        : HikariPool-1 - Fill pool skipped, pool has sufficient level or currently being filled.
2025-03-29T01:30:08.550+01:00 DEBUG 57444 --- [users-service] [HikariPool-1 housekeeper] com.zaxxer.hikari.pool.HikariPool        : HikariPool-1 - Pool stats (total=10, active=0, idle=10, waiting=0)
2025-03-29T01:30:08.553+01:00 DEBUG 57444 --- [users-service] [HikariPool-1 housekeeper] com.zaxxer.hikari.pool.HikariPool        : HikariPool-1 - Fill pool skipped, pool has sufficient level or currently being filled.
2025-03-29T02:04:38.423+01:00  WARN 57444 --- [users-service] [HikariPool-1 housekeeper] com.zaxxer.hikari.pool.HikariPool        : HikariPool-1 - Thread starvation or clock leap detected (housekeeper delta=34m29s873ms).
2025-03-29T02:04:38.426+01:00 DEBUG 57444 --- [users-service] [HikariPool-1 housekeeper] com.zaxxer.hikari.pool.HikariPool        : HikariPool-1 - Pool stats (total=10, active=0, idle=10, waiting=0)
2025-03-29T02:04:38.426+01:00 DEBUG 57444 --- [users-service] [HikariPool-1 housekeeper] com.zaxxer.hikari.pool.HikariPool        : HikariPool-1 - Fill pool skipped, pool has sufficient level or currently being filled.
2025-03-29T03:31:23.906+01:00  WARN 57444 --- [users-service] [HikariPool-1 housekeeper] com.zaxxer.hikari.pool.HikariPool        : HikariPool-1 - Thread starvation or clock leap detected (housekeeper delta=1h26m45s484ms).
2025-03-29T03:31:23.909+01:00 DEBUG 57444 --- [users-service] [HikariPool-1 housekeeper] com.zaxxer.hikari.pool.HikariPool        : HikariPool-1 - Pool stats (total=10, active=0, idle=10, waiting=0)
2025-03-29T03:31:23.909+01:00 DEBUG 57444 --- [users-service] [HikariPool-1 housekeeper] com.zaxxer.hikari.pool.HikariPool        : HikariPool-1 - Fill pool skipped, pool has sufficient level or currently being filled.
2025-03-29T04:21:50.838+01:00  WARN 57444 --- [users-service] [HikariPool-1 housekeeper] com.zaxxer.hikari.pool.HikariPool        : HikariPool-1 - Thread starvation or clock leap detected (housekeeper delta=50m26s932ms).
2025-03-29T04:21:50.841+01:00 DEBUG 57444 --- [users-service] [HikariPool-1 housekeeper] com.zaxxer.hikari.pool.HikariPool        : HikariPool-1 - Pool stats (total=10, active=0, idle=10, waiting=0)
2025-03-29T04:21:50.842+01:00 DEBUG 57444 --- [users-service] [HikariPool-1 housekeeper] com.zaxxer.hikari.pool.HikariPool        : HikariPool-1 - Fill pool skipped, pool has sufficient level or currently being filled.
2025-03-29T04:24:00.544+01:00  WARN 57444 --- [users-service] [HikariPool-1 housekeeper] com.zaxxer.hikari.pool.HikariPool        : HikariPool-1 - Thread starvation or clock leap detected (housekeeper delta=2m9s706ms).
2025-03-29T04:24:00.547+01:00 DEBUG 57444 --- [users-service] [HikariPool-1 housekeeper] com.zaxxer.hikari.pool.HikariPool        : HikariPool-1 - Pool stats (total=10, active=0, idle=10, waiting=0)
2025-03-29T04:24:00.547+01:00 DEBUG 57444 --- [users-service] [HikariPool-1 housekeeper] com.zaxxer.hikari.pool.HikariPool        : HikariPool-1 - Fill pool skipped, pool has sufficient level or currently being filled.
2025-03-29T04:50:02.823+01:00  WARN 57444 --- [users-service] [HikariPool-1 housekeeper] com.zaxxer.hikari.pool.HikariPool        : HikariPool-1 - Thread starvation or clock leap detected (housekeeper delta=26m2s274ms).
2025-03-29T04:50:02.826+01:00 DEBUG 57444 --- [users-service] [HikariPool-1 housekeeper] com.zaxxer.hikari.pool.HikariPool        : HikariPool-1 - Pool stats (total=10, active=0, idle=10, waiting=0)
2025-03-29T04:50:02.826+01:00 DEBUG 57444 --- [users-service] [HikariPool-1 housekeeper] com.zaxxer.hikari.pool.HikariPool        : HikariPool-1 - Fill pool skipped, pool has sufficient level or currently being filled.
2025-03-29T04:52:12.509+01:00  WARN 57444 --- [users-service] [HikariPool-1 housekeeper] com.zaxxer.hikari.pool.HikariPool        : HikariPool-1 - Thread starvation or clock leap detected (housekeeper delta=2m9s690ms).
2025-03-29T04:52:12.513+01:00 DEBUG 57444 --- [users-service] [HikariPool-1 housekeeper] com.zaxxer.hikari.pool.HikariPool        : HikariPool-1 - Pool stats (total=10, active=0, idle=10, waiting=0)
2025-03-29T04:52:12.514+01:00 DEBUG 57444 --- [users-service] [HikariPool-1 housekeeper] com.zaxxer.hikari.pool.HikariPool        : HikariPool-1 - Fill pool skipped, pool has sufficient level or currently being filled.
2025-03-29T05:10:38.674+01:00  WARN 57444 --- [users-service] [HikariPool-1 housekeeper] com.zaxxer.hikari.pool.HikariPool        : HikariPool-1 - Thread starvation or clock leap detected (housekeeper delta=18m26s165ms).
2025-03-29T05:10:38.676+01:00 DEBUG 57444 --- [users-service] [HikariPool-1 housekeeper] com.zaxxer.hikari.pool.HikariPool        : HikariPool-1 - Pool stats (total=10, active=0, idle=10, waiting=0)
2025-03-29T05:10:38.677+01:00 DEBUG 57444 --- [users-service] [HikariPool-1 housekeeper] com.zaxxer.hikari.pool.HikariPool        : HikariPool-1 - Fill pool skipped, pool has sufficient level or currently being filled.
2025-03-29T05:27:47.767+01:00  WARN 57444 --- [users-service] [HikariPool-1 housekeeper] com.zaxxer.hikari.pool.HikariPool        : HikariPool-1 - Thread starvation or clock leap detected (housekeeper delta=17m9s95ms).
2025-03-29T05:27:47.769+01:00 DEBUG 57444 --- [users-service] [HikariPool-1 housekeeper] com.zaxxer.hikari.pool.HikariPool        : HikariPool-1 - Pool stats (total=10, active=0, idle=10, waiting=0)
2025-03-29T05:27:47.769+01:00 DEBUG 57444 --- [users-service] [HikariPool-1 housekeeper] com.zaxxer.hikari.pool.HikariPool        : HikariPool-1 - Fill pool skipped, pool has sufficient level or currently being filled.
2025-03-29T06:23:06.130+01:00  WARN 57444 --- [users-service] [HikariPool-1 housekeeper] com.zaxxer.hikari.pool.HikariPool        : HikariPool-1 - Thread starvation or clock leap detected (housekeeper delta=55m18s362ms).
2025-03-29T06:23:06.131+01:00 DEBUG 57444 --- [users-service] [HikariPool-1 housekeeper] com.zaxxer.hikari.pool.HikariPool        : HikariPool-1 - Pool stats (total=10, active=0, idle=10, waiting=0)
2025-03-29T06:23:06.131+01:00 DEBUG 57444 --- [users-service] [HikariPool-1 housekeeper] com.zaxxer.hikari.pool.HikariPool        : HikariPool-1 - Fill pool skipped, pool has sufficient level or currently being filled.
2025-03-29T07:07:53.517+01:00  WARN 57444 --- [users-service] [HikariPool-1 housekeeper] com.zaxxer.hikari.pool.HikariPool        : HikariPool-1 - Thread starvation or clock leap detected (housekeeper delta=44m47s387ms).
2025-03-29T07:07:53.518+01:00 DEBUG 57444 --- [users-service] [HikariPool-1 housekeeper] com.zaxxer.hikari.pool.HikariPool        : HikariPool-1 - Pool stats (total=10, active=0, idle=10, waiting=0)
2025-03-29T07:07:53.519+01:00 DEBUG 57444 --- [users-service] [HikariPool-1 housekeeper] com.zaxxer.hikari.pool.HikariPool        : HikariPool-1 - Fill pool skipped, pool has sufficient level or currently being filled.
2025-03-29T08:25:08.818+01:00  WARN 57444 --- [users-service] [HikariPool-1 housekeeper] com.zaxxer.hikari.pool.HikariPool        : HikariPool-1 - Thread starvation or clock leap detected (housekeeper delta=1h17m15s301ms).
2025-03-29T08:25:08.821+01:00 DEBUG 57444 --- [users-service] [HikariPool-1 housekeeper] com.zaxxer.hikari.pool.HikariPool        : HikariPool-1 - Pool stats (total=10, active=0, idle=10, waiting=0)
2025-03-29T08:25:08.822+01:00 DEBUG 57444 --- [users-service] [HikariPool-1 housekeeper] com.zaxxer.hikari.pool.HikariPool        : HikariPool-1 - Fill pool skipped, pool has sufficient level or currently being filled.
2025-03-29T09:07:34.975+01:00  WARN 57444 --- [users-service] [HikariPool-1 housekeeper] com.zaxxer.hikari.pool.HikariPool        : HikariPool-1 - Thread starvation or clock leap detected (housekeeper delta=42m26s157ms).
2025-03-29T09:07:34.980+01:00 DEBUG 57444 --- [users-service] [HikariPool-1 housekeeper] com.zaxxer.hikari.pool.HikariPool        : HikariPool-1 - Pool stats (total=10, active=0, idle=10, waiting=0)
2025-03-29T09:07:34.980+01:00 DEBUG 57444 --- [users-service] [HikariPool-1 housekeeper] com.zaxxer.hikari.pool.HikariPool        : HikariPool-1 - Fill pool skipped, pool has sufficient level or currently being filled.
2025-03-29T09:55:16.908+01:00  WARN 57444 --- [users-service] [HikariPool-1 housekeeper] com.zaxxer.hikari.pool.HikariPool        : HikariPool-1 - Thread starvation or clock leap detected (housekeeper delta=47m41s913ms).
2025-03-29T09:55:16.974+01:00 DEBUG 57444 --- [users-service] [HikariPool-1 housekeeper] com.zaxxer.hikari.pool.HikariPool        : HikariPool-1 - Pool stats (total=10, active=0, idle=10, waiting=0)
2025-03-29T09:55:16.975+01:00 DEBUG 57444 --- [users-service] [HikariPool-1 housekeeper] com.zaxxer.hikari.pool.HikariPool        : HikariPool-1 - Fill pool skipped, pool has sufficient level or currently being filled.
2025-03-29T10:25:08.759+01:00  WARN 57444 --- [users-service] [HikariPool-1 housekeeper] com.zaxxer.hikari.pool.HikariPool        : HikariPool-1 - Thread starvation or clock leap detected (housekeeper delta=29m51s870ms).
2025-03-29T10:25:08.763+01:00 DEBUG 57444 --- [users-service] [HikariPool-1 housekeeper] com.zaxxer.hikari.pool.HikariPool        : HikariPool-1 - Pool stats (total=10, active=0, idle=10, waiting=0)
2025-03-29T10:25:08.763+01:00 DEBUG 57444 --- [users-service] [HikariPool-1 housekeeper] com.zaxxer.hikari.pool.HikariPool        : HikariPool-1 - Fill pool skipped, pool has sufficient level or currently being filled.
2025-03-29T10:25:38.773+01:00 DEBUG 57444 --- [users-service] [HikariPool-1 housekeeper] com.zaxxer.hikari.pool.HikariPool        : HikariPool-1 - Pool stats (total=10, active=0, idle=10, waiting=0)
2025-03-29T10:25:38.776+01:00 DEBUG 57444 --- [users-service] [HikariPool-1 housekeeper] com.zaxxer.hikari.pool.HikariPool        : HikariPool-1 - Fill pool skipped, pool has sufficient level or currently being filled.
2025-03-29T10:26:08.783+01:00 DEBUG 57444 --- [users-service] [HikariPool-1 housekeeper] com.zaxxer.hikari.pool.HikariPool        : HikariPool-1 - Pool stats (total=10, active=0, idle=10, waiting=0)
2025-03-29T10:26:08.786+01:00 DEBUG 57444 --- [users-service] [HikariPool-1 housekeeper] com.zaxxer.hikari.pool.HikariPool        : HikariPool-1 - Fill pool skipped, pool has sufficient level or currently being filled.
2025-03-29T10:26:38.789+01:00 DEBUG 57444 --- [users-service] [HikariPool-1 housekeeper] com.zaxxer.hikari.pool.HikariPool        : HikariPool-1 - Pool stats (total=10, active=0, idle=10, waiting=0)
2025-03-29T10:26:38.790+01:00 DEBUG 57444 --- [users-service] [HikariPool-1 housekeeper] com.zaxxer.hikari.pool.HikariPool        : HikariPool-1 - Fill pool skipped, pool has sufficient level or currently being filled.
2025-03-29T10:27:08.795+01:00 DEBUG 57444 --- [users-service] [HikariPool-1 housekeeper] com.zaxxer.hikari.pool.HikariPool        : HikariPool-1 - Pool stats (total=10, active=0, idle=10, waiting=0)
2025-03-29T10:27:08.796+01:00 DEBUG 57444 --- [users-service] [HikariPool-1 housekeeper] com.zaxxer.hikari.pool.HikariPool        : HikariPool-1 - Fill pool skipped, pool has sufficient level or currently being filled.
2025-03-29T10:27:38.853+01:00 DEBUG 57444 --- [users-service] [HikariPool-1 housekeeper] com.zaxxer.hikari.pool.HikariPool        : HikariPool-1 - Pool stats (total=10, active=0, idle=10, waiting=0)
2025-03-29T10:27:38.857+01:00 DEBUG 57444 --- [users-service] [HikariPool-1 housekeeper] com.zaxxer.hikari.pool.HikariPool        : HikariPool-1 - Fill pool skipped, pool has sufficient level or currently being filled.
2025-03-29T10:28:08.860+01:00 DEBUG 57444 --- [users-service] [HikariPool-1 housekeeper] com.zaxxer.hikari.pool.HikariPool        : HikariPool-1 - Pool stats (total=10, active=0, idle=10, waiting=0)
2025-03-29T10:28:08.862+01:00 DEBUG 57444 --- [users-service] [HikariPool-1 housekeeper] com.zaxxer.hikari.pool.HikariPool        : HikariPool-1 - Fill pool skipped, pool has sufficient level or currently being filled.
2025-03-29T10:28:38.868+01:00 DEBUG 57444 --- [users-service] [HikariPool-1 housekeeper] com.zaxxer.hikari.pool.HikariPool        : HikariPool-1 - Pool stats (total=10, active=0, idle=10, waiting=0)
2025-03-29T10:28:38.869+01:00 DEBUG 57444 --- [users-service] [HikariPool-1 housekeeper] com.zaxxer.hikari.pool.HikariPool        : HikariPool-1 - Fill pool skipped, pool has sufficient level or currently being filled.
2025-03-29T10:29:08.875+01:00 DEBUG 57444 --- [users-service] [HikariPool-1 housekeeper] com.zaxxer.hikari.pool.HikariPool        : HikariPool-1 - Pool stats (total=10, active=0, idle=10, waiting=0)
2025-03-29T10:29:08.878+01:00 DEBUG 57444 --- [users-service] [HikariPool-1 housekeeper] com.zaxxer.hikari.pool.HikariPool        : HikariPool-1 - Fill pool skipped, pool has sufficient level or currently being filled.
2025-03-29T10:29:38.882+01:00 DEBUG 57444 --- [users-service] [HikariPool-1 housekeeper] com.zaxxer.hikari.pool.HikariPool        : HikariPool-1 - Pool stats (total=10, active=0, idle=10, waiting=0)
2025-03-29T10:29:38.884+01:00 DEBUG 57444 --- [users-service] [HikariPool-1 housekeeper] com.zaxxer.hikari.pool.HikariPool        : HikariPool-1 - Fill pool skipped, pool has sufficient level or currently being filled.
2025-03-29T10:30:08.890+01:00 DEBUG 57444 --- [users-service] [HikariPool-1 housekeeper] com.zaxxer.hikari.pool.HikariPool        : HikariPool-1 - Pool stats (total=10, active=0, idle=10, waiting=0)
2025-03-29T10:30:08.893+01:00 DEBUG 57444 --- [users-service] [HikariPool-1 housekeeper] com.zaxxer.hikari.pool.HikariPool        : HikariPool-1 - Fill pool skipped, pool has sufficient level or currently being filled.
2025-03-29T10:30:38.904+01:00 DEBUG 57444 --- [users-service] [HikariPool-1 housekeeper] com.zaxxer.hikari.pool.HikariPool        : HikariPool-1 - Pool stats (total=10, active=0, idle=10, waiting=0)
2025-03-29T10:30:38.907+01:00 DEBUG 57444 --- [users-service] [HikariPool-1 housekeeper] com.zaxxer.hikari.pool.HikariPool        : HikariPool-1 - Fill pool skipped, pool has sufficient level or currently being filled.
2025-03-29T10:31:08.913+01:00 DEBUG 57444 --- [users-service] [HikariPool-1 housekeeper] com.zaxxer.hikari.pool.HikariPool        : HikariPool-1 - Pool stats (total=10, active=0, idle=10, waiting=0)
2025-03-29T10:31:08.915+01:00 DEBUG 57444 --- [users-service] [HikariPool-1 housekeeper] com.zaxxer.hikari.pool.HikariPool        : HikariPool-1 - Fill pool skipped, pool has sufficient level or currently being filled.
2025-03-29T10:31:38.920+01:00 DEBUG 57444 --- [users-service] [HikariPool-1 housekeeper] com.zaxxer.hikari.pool.HikariPool        : HikariPool-1 - Pool stats (total=10, active=0, idle=10, waiting=0)
2025-03-29T10:31:38.923+01:00 DEBUG 57444 --- [users-service] [HikariPool-1 housekeeper] com.zaxxer.hikari.pool.HikariPool        : HikariPool-1 - Fill pool skipped, pool has sufficient level or currently being filled.
2025-03-29T10:32:08.927+01:00 DEBUG 57444 --- [users-service] [HikariPool-1 housekeeper] com.zaxxer.hikari.pool.HikariPool        : HikariPool-1 - Pool stats (total=10, active=0, idle=10, waiting=0)
2025-03-29T10:32:08.930+01:00 DEBUG 57444 --- [users-service] [HikariPool-1 housekeeper] com.zaxxer.hikari.pool.HikariPool        : HikariPool-1 - Fill pool skipped, pool has sufficient level or currently being filled.
2025-03-29T10:32:38.931+01:00 DEBUG 57444 --- [users-service] [HikariPool-1 housekeeper] com.zaxxer.hikari.pool.HikariPool        : HikariPool-1 - Pool stats (total=10, active=0, idle=10, waiting=0)
2025-03-29T10:32:38.934+01:00 DEBUG 57444 --- [users-service] [HikariPool-1 housekeeper] com.zaxxer.hikari.pool.HikariPool        : HikariPool-1 - Fill pool skipped, pool has sufficient level or currently being filled.
2025-03-29T10:33:08.939+01:00 DEBUG 57444 --- [users-service] [HikariPool-1 housekeeper] com.zaxxer.hikari.pool.HikariPool        : HikariPool-1 - Pool stats (total=10, active=0, idle=10, waiting=0)
2025-03-29T10:33:08.942+01:00 DEBUG 57444 --- [users-service] [HikariPool-1 housekeeper] com.zaxxer.hikari.pool.HikariPool        : HikariPool-1 - Fill pool skipped, pool has sufficient level or currently being filled.
2025-03-29T10:33:38.943+01:00 DEBUG 57444 --- [users-service] [HikariPool-1 housekeeper] com.zaxxer.hikari.pool.HikariPool        : HikariPool-1 - Pool stats (total=10, active=0, idle=10, waiting=0)
2025-03-29T10:33:38.944+01:00 DEBUG 57444 --- [users-service] [HikariPool-1 housekeeper] com.zaxxer.hikari.pool.HikariPool        : HikariPool-1 - Fill pool skipped, pool has sufficient level or currently being filled.
2025-03-29T10:34:08.946+01:00 DEBUG 57444 --- [users-service] [HikariPool-1 housekeeper] com.zaxxer.hikari.pool.HikariPool        : HikariPool-1 - Pool stats (total=10, active=0, idle=10, waiting=0)
2025-03-29T10:34:08.949+01:00 DEBUG 57444 --- [users-service] [HikariPool-1 housekeeper] com.zaxxer.hikari.pool.HikariPool        : HikariPool-1 - Fill pool skipped, pool has sufficient level or currently being filled.
2025-03-29T10:34:38.955+01:00 DEBUG 57444 --- [users-service] [HikariPool-1 housekeeper] com.zaxxer.hikari.pool.HikariPool        : HikariPool-1 - Pool stats (total=10, active=0, idle=10, waiting=0)
2025-03-29T10:34:38.957+01:00 DEBUG 57444 --- [users-service] [HikariPool-1 housekeeper] com.zaxxer.hikari.pool.HikariPool        : HikariPool-1 - Fill pool skipped, pool has sufficient level or currently being filled.
2025-03-29T10:35:08.963+01:00 DEBUG 57444 --- [users-service] [HikariPool-1 housekeeper] com.zaxxer.hikari.pool.HikariPool        : HikariPool-1 - Pool stats (total=10, active=0, idle=10, waiting=0)
2025-03-29T10:35:08.964+01:00 DEBUG 57444 --- [users-service] [HikariPool-1 housekeeper] com.zaxxer.hikari.pool.HikariPool        : HikariPool-1 - Fill pool skipped, pool has sufficient level or currently being filled.
2025-03-29T10:35:38.970+01:00 DEBUG 57444 --- [users-service] [HikariPool-1 housekeeper] com.zaxxer.hikari.pool.HikariPool        : HikariPool-1 - Pool stats (total=10, active=0, idle=10, waiting=0)
2025-03-29T10:35:38.973+01:00 DEBUG 57444 --- [users-service] [HikariPool-1 housekeeper] com.zaxxer.hikari.pool.HikariPool        : HikariPool-1 - Fill pool skipped, pool has sufficient level or currently being filled.
2025-03-29T10:36:08.975+01:00 DEBUG 57444 --- [users-service] [HikariPool-1 housekeeper] com.zaxxer.hikari.pool.HikariPool        : HikariPool-1 - Pool stats (total=10, active=0, idle=10, waiting=0)
2025-03-29T10:36:08.978+01:00 DEBUG 57444 --- [users-service] [HikariPool-1 housekeeper] com.zaxxer.hikari.pool.HikariPool        : HikariPool-1 - Fill pool skipped, pool has sufficient level or currently being filled.
2025-03-29T10:36:38.980+01:00 DEBUG 57444 --- [users-service] [HikariPool-1 housekeeper] com.zaxxer.hikari.pool.HikariPool        : HikariPool-1 - Pool stats (total=10, active=0, idle=10, waiting=0)
2025-03-29T10:36:38.981+01:00 DEBUG 57444 --- [users-service] [HikariPool-1 housekeeper] com.zaxxer.hikari.pool.HikariPool        : HikariPool-1 - Fill pool skipped, pool has sufficient level or currently being filled.
2025-03-29T10:37:08.985+01:00 DEBUG 57444 --- [users-service] [HikariPool-1 housekeeper] com.zaxxer.hikari.pool.HikariPool        : HikariPool-1 - Pool stats (total=10, active=0, idle=10, waiting=0)
2025-03-29T10:37:08.986+01:00 DEBUG 57444 --- [users-service] [HikariPool-1 housekeeper] com.zaxxer.hikari.pool.HikariPool        : HikariPool-1 - Fill pool skipped, pool has sufficient level or currently being filled.
2025-03-29T10:37:38.992+01:00 DEBUG 57444 --- [users-service] [HikariPool-1 housekeeper] com.zaxxer.hikari.pool.HikariPool        : HikariPool-1 - Pool stats (total=10, active=0, idle=10, waiting=0)
2025-03-29T10:37:38.994+01:00 DEBUG 57444 --- [users-service] [HikariPool-1 housekeeper] com.zaxxer.hikari.pool.HikariPool        : HikariPool-1 - Fill pool skipped, pool has sufficient level or currently being filled.
2025-03-29T10:38:08.997+01:00 DEBUG 57444 --- [users-service] [HikariPool-1 housekeeper] com.zaxxer.hikari.pool.HikariPool        : HikariPool-1 - Pool stats (total=10, active=0, idle=10, waiting=0)
2025-03-29T10:38:09.000+01:00 DEBUG 57444 --- [users-service] [HikariPool-1 housekeeper] com.zaxxer.hikari.pool.HikariPool        : HikariPool-1 - Fill pool skipped, pool has sufficient level or currently being filled.
2025-03-29T10:38:39.006+01:00 DEBUG 57444 --- [users-service] [HikariPool-1 housekeeper] com.zaxxer.hikari.pool.HikariPool        : HikariPool-1 - Pool stats (total=10, active=0, idle=10, waiting=0)
2025-03-29T10:38:39.008+01:00 DEBUG 57444 --- [users-service] [HikariPool-1 housekeeper] com.zaxxer.hikari.pool.HikariPool        : HikariPool-1 - Fill pool skipped, pool has sufficient level or currently being filled.
2025-03-29T10:39:09.013+01:00 DEBUG 57444 --- [users-service] [HikariPool-1 housekeeper] com.zaxxer.hikari.pool.HikariPool        : HikariPool-1 - Pool stats (total=10, active=0, idle=10, waiting=0)
2025-03-29T10:39:09.016+01:00 DEBUG 57444 --- [users-service] [HikariPool-1 housekeeper] com.zaxxer.hikari.pool.HikariPool        : HikariPool-1 - Fill pool skipped, pool has sufficient level or currently being filled.
2025-03-29T10:39:39.023+01:00 DEBUG 57444 --- [users-service] [HikariPool-1 housekeeper] com.zaxxer.hikari.pool.HikariPool        : HikariPool-1 - Pool stats (total=10, active=0, idle=10, waiting=0)
2025-03-29T10:39:39.025+01:00 DEBUG 57444 --- [users-service] [HikariPool-1 housekeeper] com.zaxxer.hikari.pool.HikariPool        : HikariPool-1 - Fill pool skipped, pool has sufficient level or currently being filled.
2025-03-29T10:40:09.031+01:00 DEBUG 57444 --- [users-service] [HikariPool-1 housekeeper] com.zaxxer.hikari.pool.HikariPool        : HikariPool-1 - Pool stats (total=10, active=0, idle=10, waiting=0)
2025-03-29T10:40:09.034+01:00 DEBUG 57444 --- [users-service] [HikariPool-1 housekeeper] com.zaxxer.hikari.pool.HikariPool        : HikariPool-1 - Fill pool skipped, pool has sufficient level or currently being filled.
2025-03-29T10:40:39.040+01:00 DEBUG 57444 --- [users-service] [HikariPool-1 housekeeper] com.zaxxer.hikari.pool.HikariPool        : HikariPool-1 - Pool stats (total=10, active=0, idle=10, waiting=0)
2025-03-29T10:40:39.043+01:00 DEBUG 57444 --- [users-service] [HikariPool-1 housekeeper] com.zaxxer.hikari.pool.HikariPool        : HikariPool-1 - Fill pool skipped, pool has sufficient level or currently being filled.
2025-03-29T10:41:09.047+01:00 DEBUG 57444 --- [users-service] [HikariPool-1 housekeeper] com.zaxxer.hikari.pool.HikariPool        : HikariPool-1 - Pool stats (total=10, active=0, idle=10, waiting=0)
2025-03-29T10:41:09.049+01:00 DEBUG 57444 --- [users-service] [HikariPool-1 housekeeper] com.zaxxer.hikari.pool.HikariPool        : HikariPool-1 - Fill pool skipped, pool has sufficient level or currently being filled.
2025-03-29T10:41:39.055+01:00 DEBUG 57444 --- [users-service] [HikariPool-1 housekeeper] com.zaxxer.hikari.pool.HikariPool        : HikariPool-1 - Pool stats (total=10, active=0, idle=10, waiting=0)
2025-03-29T10:41:39.057+01:00 DEBUG 57444 --- [users-service] [HikariPool-1 housekeeper] com.zaxxer.hikari.pool.HikariPool        : HikariPool-1 - Fill pool skipped, pool has sufficient level or currently being filled.
2025-03-29T10:42:09.064+01:00 DEBUG 57444 --- [users-service] [HikariPool-1 housekeeper] com.zaxxer.hikari.pool.HikariPool        : HikariPool-1 - Pool stats (total=10, active=0, idle=10, waiting=0)
2025-03-29T10:42:09.071+01:00 DEBUG 57444 --- [users-service] [HikariPool-1 housekeeper] com.zaxxer.hikari.pool.HikariPool        : HikariPool-1 - Fill pool skipped, pool has sufficient level or currently being filled.
2025-03-29T10:42:39.077+01:00 DEBUG 57444 --- [users-service] [HikariPool-1 housekeeper] com.zaxxer.hikari.pool.HikariPool        : HikariPool-1 - Pool stats (total=10, active=0, idle=10, waiting=0)
2025-03-29T10:42:39.078+01:00 DEBUG 57444 --- [users-service] [HikariPool-1 housekeeper] com.zaxxer.hikari.pool.HikariPool        : HikariPool-1 - Fill pool skipped, pool has sufficient level or currently being filled.
2025-03-29T10:43:09.060+01:00 DEBUG 57444 --- [users-service] [HikariPool-1 housekeeper] com.zaxxer.hikari.pool.HikariPool        : HikariPool-1 - Pool stats (total=10, active=0, idle=10, waiting=0)
2025-03-29T10:43:09.063+01:00 DEBUG 57444 --- [users-service] [HikariPool-1 housekeeper] com.zaxxer.hikari.pool.HikariPool        : HikariPool-1 - Fill pool skipped, pool has sufficient level or currently being filled.
2025-03-29T10:43:24.305+01:00 DEBUG 57444 --- [users-service] [HikariPool-1 connection closer] com.zaxxer.hikari.pool.PoolBase          : HikariPool-1 - Closing connection conn9: url=jdbc:h2:mem:mydb user=SA: (connection has passed maxLifetime)
2025-03-29T10:43:24.328+01:00 DEBUG 57444 --- [users-service] [HikariPool-1 connection adder] com.zaxxer.hikari.pool.HikariPool        : HikariPool-1 - Added connection conn10: url=jdbc:h2:mem:mydb user=SA
2025-03-29T10:43:24.363+01:00 DEBUG 57444 --- [users-service] [HikariPool-1 connection adder] com.zaxxer.hikari.pool.HikariPool        : HikariPool-1 - Connection not added, stats (total=10, active=0, idle=10, waiting=0)
2025-03-29T10:43:25.724+01:00 DEBUG 57444 --- [users-service] [HikariPool-1 connection closer] com.zaxxer.hikari.pool.PoolBase          : HikariPool-1 - Closing connection conn1: url=jdbc:h2:mem:mydb user=SA: (connection has passed maxLifetime)
2025-03-29T10:43:25.726+01:00 DEBUG 57444 --- [users-service] [HikariPool-1 connection adder] com.zaxxer.hikari.pool.HikariPool        : HikariPool-1 - Added connection conn11: url=jdbc:h2:mem:mydb user=SA
2025-03-29T10:43:25.758+01:00 DEBUG 57444 --- [users-service] [HikariPool-1 connection adder] com.zaxxer.hikari.pool.HikariPool        : HikariPool-1 - Connection not added, stats (total=10, active=0, idle=10, waiting=0)
2025-03-29T10:43:27.976+01:00 DEBUG 57444 --- [users-service] [HikariPool-1 connection closer] com.zaxxer.hikari.pool.PoolBase          : HikariPool-1 - Closing connection conn6: url=jdbc:h2:mem:mydb user=SA: (connection has passed maxLifetime)
2025-03-29T10:43:27.976+01:00 DEBUG 57444 --- [users-service] [HikariPool-1 connection adder] com.zaxxer.hikari.pool.HikariPool        : HikariPool-1 - Added connection conn12: url=jdbc:h2:mem:mydb user=SA
2025-03-29T10:43:28.011+01:00 DEBUG 57444 --- [users-service] [HikariPool-1 connection adder] com.zaxxer.hikari.pool.HikariPool        : HikariPool-1 - Connection not added, stats (total=10, active=0, idle=10, waiting=0)
2025-03-29T10:43:29.604+01:00 DEBUG 57444 --- [users-service] [HikariPool-1 connection closer] com.zaxxer.hikari.pool.PoolBase          : HikariPool-1 - Closing connection conn4: url=jdbc:h2:mem:mydb user=SA: (connection has passed maxLifetime)
2025-03-29T10:43:29.606+01:00 DEBUG 57444 --- [users-service] [HikariPool-1 connection adder] com.zaxxer.hikari.pool.HikariPool        : HikariPool-1 - Added connection conn13: url=jdbc:h2:mem:mydb user=SA
2025-03-29T10:43:29.641+01:00 DEBUG 57444 --- [users-service] [HikariPool-1 connection adder] com.zaxxer.hikari.pool.HikariPool        : HikariPool-1 - Connection not added, stats (total=10, active=0, idle=10, waiting=0)
2025-03-29T10:43:31.999+01:00 DEBUG 57444 --- [users-service] [HikariPool-1 connection closer] com.zaxxer.hikari.pool.PoolBase          : HikariPool-1 - Closing connection conn0: url=jdbc:h2:mem:mydb user=SA: (connection has passed maxLifetime)
2025-03-29T10:43:32.001+01:00 DEBUG 57444 --- [users-service] [HikariPool-1 connection adder] com.zaxxer.hikari.pool.HikariPool        : HikariPool-1 - Added connection conn14: url=jdbc:h2:mem:mydb user=SA
2025-03-29T10:43:32.037+01:00 DEBUG 57444 --- [users-service] [HikariPool-1 connection adder] com.zaxxer.hikari.pool.HikariPool        : HikariPool-1 - Connection not added, stats (total=10, active=0, idle=10, waiting=0)
2025-03-29T10:43:36.724+01:00 DEBUG 57444 --- [users-service] [HikariPool-1 connection closer] com.zaxxer.hikari.pool.PoolBase          : HikariPool-1 - Closing connection conn3: url=jdbc:h2:mem:mydb user=SA: (connection has passed maxLifetime)
2025-03-29T10:43:36.727+01:00 DEBUG 57444 --- [users-service] [HikariPool-1 connection adder] com.zaxxer.hikari.pool.HikariPool        : HikariPool-1 - Added connection conn15: url=jdbc:h2:mem:mydb user=SA
2025-03-29T10:43:36.758+01:00 DEBUG 57444 --- [users-service] [HikariPool-1 connection adder] com.zaxxer.hikari.pool.HikariPool        : HikariPool-1 - Connection not added, stats (total=10, active=0, idle=10, waiting=0)
2025-03-29T10:43:39.062+01:00 DEBUG 57444 --- [users-service] [HikariPool-1 housekeeper] com.zaxxer.hikari.pool.HikariPool        : HikariPool-1 - Pool stats (total=10, active=0, idle=10, waiting=0)
2025-03-29T10:43:39.063+01:00 DEBUG 57444 --- [users-service] [HikariPool-1 housekeeper] com.zaxxer.hikari.pool.HikariPool        : HikariPool-1 - Fill pool skipped, pool has sufficient level or currently being filled.
2025-03-29T10:43:47.821+01:00 DEBUG 57444 --- [users-service] [HikariPool-1 connection closer] com.zaxxer.hikari.pool.PoolBase          : HikariPool-1 - Closing connection conn2: url=jdbc:h2:mem:mydb user=SA: (connection has passed maxLifetime)
2025-03-29T10:43:47.824+01:00 DEBUG 57444 --- [users-service] [HikariPool-1 connection adder] com.zaxxer.hikari.pool.HikariPool        : HikariPool-1 - Added connection conn16: url=jdbc:h2:mem:mydb user=SA
2025-03-29T10:43:47.858+01:00 DEBUG 57444 --- [users-service] [HikariPool-1 connection adder] com.zaxxer.hikari.pool.HikariPool        : HikariPool-1 - Connection not added, stats (total=10, active=0, idle=10, waiting=0)
2025-03-29T10:43:58.934+01:00 DEBUG 57444 --- [users-service] [HikariPool-1 connection closer] com.zaxxer.hikari.pool.PoolBase          : HikariPool-1 - Closing connection conn7: url=jdbc:h2:mem:mydb user=SA: (connection has passed maxLifetime)
2025-03-29T10:43:58.942+01:00 DEBUG 57444 --- [users-service] [HikariPool-1 connection adder] com.zaxxer.hikari.pool.HikariPool        : HikariPool-1 - Added connection conn17: url=jdbc:h2:mem:mydb user=SA
2025-03-29T10:43:58.974+01:00 DEBUG 57444 --- [users-service] [HikariPool-1 connection adder] com.zaxxer.hikari.pool.HikariPool        : HikariPool-1 - Connection not added, stats (total=10, active=0, idle=10, waiting=0)
2025-03-29T10:44:02.573+01:00 DEBUG 57444 --- [users-service] [HikariPool-1 connection closer] com.zaxxer.hikari.pool.PoolBase          : HikariPool-1 - Closing connection conn5: url=jdbc:h2:mem:mydb user=SA: (connection has passed maxLifetime)
2025-03-29T10:44:02.575+01:00 DEBUG 57444 --- [users-service] [HikariPool-1 connection adder] com.zaxxer.hikari.pool.HikariPool        : HikariPool-1 - Added connection conn18: url=jdbc:h2:mem:mydb user=SA
2025-03-29T10:44:02.607+01:00 DEBUG 57444 --- [users-service] [HikariPool-1 connection adder] com.zaxxer.hikari.pool.HikariPool        : HikariPool-1 - Connection not added, stats (total=10, active=0, idle=10, waiting=0)
2025-03-29T10:44:02.763+01:00 DEBUG 57444 --- [users-service] [HikariPool-1 connection closer] com.zaxxer.hikari.pool.PoolBase          : HikariPool-1 - Closing connection conn8: url=jdbc:h2:mem:mydb user=SA: (connection has passed maxLifetime)
2025-03-29T10:44:02.765+01:00 DEBUG 57444 --- [users-service] [HikariPool-1 connection adder] com.zaxxer.hikari.pool.HikariPool        : HikariPool-1 - Added connection conn19: url=jdbc:h2:mem:mydb user=SA
2025-03-29T10:44:02.799+01:00 DEBUG 57444 --- [users-service] [HikariPool-1 connection adder] com.zaxxer.hikari.pool.HikariPool        : HikariPool-1 - Connection not added, stats (total=10, active=0, idle=10, waiting=0)
2025-03-29T10:44:09.067+01:00 DEBUG 57444 --- [users-service] [HikariPool-1 housekeeper] com.zaxxer.hikari.pool.HikariPool        : HikariPool-1 - Pool stats (total=10, active=0, idle=10, waiting=0)
2025-03-29T10:44:09.068+01:00 DEBUG 57444 --- [users-service] [HikariPool-1 housekeeper] com.zaxxer.hikari.pool.HikariPool        : HikariPool-1 - Fill pool skipped, pool has sufficient level or currently being filled.
2025-03-29T10:44:39.074+01:00 DEBUG 57444 --- [users-service] [HikariPool-1 housekeeper] com.zaxxer.hikari.pool.HikariPool        : HikariPool-1 - Pool stats (total=10, active=0, idle=10, waiting=0)
2025-03-29T10:44:39.079+01:00 DEBUG 57444 --- [users-service] [HikariPool-1 housekeeper] com.zaxxer.hikari.pool.HikariPool        : HikariPool-1 - Fill pool skipped, pool has sufficient level or currently being filled.
2025-03-29T10:45:09.086+01:00 DEBUG 57444 --- [users-service] [HikariPool-1 housekeeper] com.zaxxer.hikari.pool.HikariPool        : HikariPool-1 - Pool stats (total=10, active=0, idle=10, waiting=0)
2025-03-29T10:45:09.088+01:00 DEBUG 57444 --- [users-service] [HikariPool-1 housekeeper] com.zaxxer.hikari.pool.HikariPool        : HikariPool-1 - Fill pool skipped, pool has sufficient level or currently being filled.
2025-03-29T10:45:39.090+01:00 DEBUG 57444 --- [users-service] [HikariPool-1 housekeeper] com.zaxxer.hikari.pool.HikariPool        : HikariPool-1 - Pool stats (total=10, active=0, idle=10, waiting=0)
2025-03-29T10:45:39.091+01:00 DEBUG 57444 --- [users-service] [HikariPool-1 housekeeper] com.zaxxer.hikari.pool.HikariPool        : HikariPool-1 - Fill pool skipped, pool has sufficient level or currently being filled.
2025-03-29T10:46:09.096+01:00 DEBUG 57444 --- [users-service] [HikariPool-1 housekeeper] com.zaxxer.hikari.pool.HikariPool        : HikariPool-1 - Pool stats (total=10, active=0, idle=10, waiting=0)
2025-03-29T10:46:09.099+01:00 DEBUG 57444 --- [users-service] [HikariPool-1 housekeeper] com.zaxxer.hikari.pool.HikariPool        : HikariPool-1 - Fill pool skipped, pool has sufficient level or currently being filled.
2025-03-29T10:46:39.101+01:00 DEBUG 57444 --- [users-service] [HikariPool-1 housekeeper] com.zaxxer.hikari.pool.HikariPool        : HikariPool-1 - Pool stats (total=10, active=0, idle=10, waiting=0)
2025-03-29T10:46:39.102+01:00 DEBUG 57444 --- [users-service] [HikariPool-1 housekeeper] com.zaxxer.hikari.pool.HikariPool        : HikariPool-1 - Fill pool skipped, pool has sufficient level or currently being filled.
2025-03-29T10:47:09.107+01:00 DEBUG 57444 --- [users-service] [HikariPool-1 housekeeper] com.zaxxer.hikari.pool.HikariPool        : HikariPool-1 - Pool stats (total=10, active=0, idle=10, waiting=0)
2025-03-29T10:47:09.110+01:00 DEBUG 57444 --- [users-service] [HikariPool-1 housekeeper] com.zaxxer.hikari.pool.HikariPool        : HikariPool-1 - Fill pool skipped, pool has sufficient level or currently being filled.
2025-03-29T10:47:39.115+01:00 DEBUG 57444 --- [users-service] [HikariPool-1 housekeeper] com.zaxxer.hikari.pool.HikariPool        : HikariPool-1 - Pool stats (total=10, active=0, idle=10, waiting=0)
2025-03-29T10:47:39.116+01:00 DEBUG 57444 --- [users-service] [HikariPool-1 housekeeper] com.zaxxer.hikari.pool.HikariPool        : HikariPool-1 - Fill pool skipped, pool has sufficient level or currently being filled.
2025-03-29T10:48:09.122+01:00 DEBUG 57444 --- [users-service] [HikariPool-1 housekeeper] com.zaxxer.hikari.pool.HikariPool        : HikariPool-1 - Pool stats (total=10, active=0, idle=10, waiting=0)
2025-03-29T10:48:09.125+01:00 DEBUG 57444 --- [users-service] [HikariPool-1 housekeeper] com.zaxxer.hikari.pool.HikariPool        : HikariPool-1 - Fill pool skipped, pool has sufficient level or currently being filled.
2025-03-29T10:48:39.126+01:00 DEBUG 57444 --- [users-service] [HikariPool-1 housekeeper] com.zaxxer.hikari.pool.HikariPool        : HikariPool-1 - Pool stats (total=10, active=0, idle=10, waiting=0)
2025-03-29T10:48:39.127+01:00 DEBUG 57444 --- [users-service] [HikariPool-1 housekeeper] com.zaxxer.hikari.pool.HikariPool        : HikariPool-1 - Fill pool skipped, pool has sufficient level or currently being filled.
2025-03-29T10:49:09.132+01:00 DEBUG 57444 --- [users-service] [HikariPool-1 housekeeper] com.zaxxer.hikari.pool.HikariPool        : HikariPool-1 - Pool stats (total=10, active=0, idle=10, waiting=0)
2025-03-29T10:49:09.134+01:00 DEBUG 57444 --- [users-service] [HikariPool-1 housekeeper] com.zaxxer.hikari.pool.HikariPool        : HikariPool-1 - Fill pool skipped, pool has sufficient level or currently being filled.
2025-03-29T10:49:39.135+01:00 DEBUG 57444 --- [users-service] [HikariPool-1 housekeeper] com.zaxxer.hikari.pool.HikariPool        : HikariPool-1 - Pool stats (total=10, active=0, idle=10, waiting=0)
2025-03-29T10:49:39.136+01:00 DEBUG 57444 --- [users-service] [HikariPool-1 housekeeper] com.zaxxer.hikari.pool.HikariPool        : HikariPool-1 - Fill pool skipped, pool has sufficient level or currently being filled.
2025-03-29T10:50:09.138+01:00 DEBUG 57444 --- [users-service] [HikariPool-1 housekeeper] com.zaxxer.hikari.pool.HikariPool        : HikariPool-1 - Pool stats (total=10, active=0, idle=10, waiting=0)
2025-03-29T10:50:09.139+01:00 DEBUG 57444 --- [users-service] [HikariPool-1 housekeeper] com.zaxxer.hikari.pool.HikariPool        : HikariPool-1 - Fill pool skipped, pool has sufficient level or currently being filled.
2025-03-29T10:50:39.144+01:00 DEBUG 57444 --- [users-service] [HikariPool-1 housekeeper] com.zaxxer.hikari.pool.HikariPool        : HikariPool-1 - Pool stats (total=10, active=0, idle=10, waiting=0)
2025-03-29T10:50:39.145+01:00 DEBUG 57444 --- [users-service] [HikariPool-1 housekeeper] com.zaxxer.hikari.pool.HikariPool        : HikariPool-1 - Fill pool skipped, pool has sufficient level or currently being filled.
2025-03-29T10:51:09.150+01:00 DEBUG 57444 --- [users-service] [HikariPool-1 housekeeper] com.zaxxer.hikari.pool.HikariPool        : HikariPool-1 - Pool stats (total=10, active=0, idle=10, waiting=0)
2025-03-29T10:51:09.152+01:00 DEBUG 57444 --- [users-service] [HikariPool-1 housekeeper] com.zaxxer.hikari.pool.HikariPool        : HikariPool-1 - Fill pool skipped, pool has sufficient level or currently being filled.
2025-03-29T10:51:14.353+01:00  INFO 57444 --- [users-service] [SpringApplicationShutdownHook] o.s.b.w.e.tomcat.GracefulShutdown        : Commencing graceful shutdown. Waiting for active requests to complete
2025-03-29T10:51:14.384+01:00  INFO 57444 --- [users-service] [tomcat-shutdown] o.s.b.w.e.tomcat.GracefulShutdown        : Graceful shutdown complete
2025-03-29T10:51:14.424+01:00  WARN 57444 --- [users-service] [SpringApplicationShutdownHook] o.s.b.f.support.DisposableBeanAdapter    : Invocation of destroy method failed on bean with name 'inMemoryDatabaseShutdownExecutor': org.h2.jdbc.JdbcSQLNonTransientConnectionException: Database is already closed (to disable automatic closing at VM shutdown, add ";DB_CLOSE_ON_EXIT=FALSE" to the db URL) [90121-232]
2025-03-29T10:51:14.438+01:00  INFO 57444 --- [users-service] [SpringApplicationShutdownHook] com.zaxxer.hikari.HikariDataSource       : HikariPool-1 - Shutdown initiated...
2025-03-29T10:51:14.438+01:00 DEBUG 57444 --- [users-service] [SpringApplicationShutdownHook] com.zaxxer.hikari.pool.HikariPool        : HikariPool-1 - Before shutdown stats (total=10, active=0, idle=10, waiting=0)
2025-03-29T10:51:14.439+01:00 DEBUG 57444 --- [users-service] [HikariPool-1 connection closer] com.zaxxer.hikari.pool.PoolBase          : HikariPool-1 - Closing connection conn10: url=jdbc:h2:mem:mydb user=SA: (connection evicted)
2025-03-29T10:51:14.440+01:00 DEBUG 57444 --- [users-service] [HikariPool-1 connection closer] com.zaxxer.hikari.pool.PoolBase          : HikariPool-1 - Closing connection conn11: url=jdbc:h2:mem:mydb user=SA: (connection evicted)
2025-03-29T10:51:14.440+01:00 DEBUG 57444 --- [users-service] [HikariPool-1 connection closer] com.zaxxer.hikari.pool.PoolBase          : HikariPool-1 - Closing connection conn12: url=jdbc:h2:mem:mydb user=SA: (connection evicted)
2025-03-29T10:51:14.440+01:00 DEBUG 57444 --- [users-service] [HikariPool-1 connection closer] com.zaxxer.hikari.pool.PoolBase          : HikariPool-1 - Closing connection conn13: url=jdbc:h2:mem:mydb user=SA: (connection evicted)
2025-03-29T10:51:14.440+01:00 DEBUG 57444 --- [users-service] [HikariPool-1 connection closer] com.zaxxer.hikari.pool.PoolBase          : HikariPool-1 - Closing connection conn14: url=jdbc:h2:mem:mydb user=SA: (connection evicted)
2025-03-29T10:51:14.440+01:00 DEBUG 57444 --- [users-service] [HikariPool-1 connection closer] com.zaxxer.hikari.pool.PoolBase          : HikariPool-1 - Closing connection conn15: url=jdbc:h2:mem:mydb user=SA: (connection evicted)
2025-03-29T10:51:14.440+01:00 DEBUG 57444 --- [users-service] [HikariPool-1 connection closer] com.zaxxer.hikari.pool.PoolBase          : HikariPool-1 - Closing connection conn16: url=jdbc:h2:mem:mydb user=SA: (connection evicted)
2025-03-29T10:51:14.440+01:00 DEBUG 57444 --- [users-service] [HikariPool-1 connection closer] com.zaxxer.hikari.pool.PoolBase          : HikariPool-1 - Closing connection conn17: url=jdbc:h2:mem:mydb user=SA: (connection evicted)
2025-03-29T10:51:14.440+01:00 DEBUG 57444 --- [users-service] [HikariPool-1 connection closer] com.zaxxer.hikari.pool.PoolBase          : HikariPool-1 - Closing connection conn18: url=jdbc:h2:mem:mydb user=SA: (connection evicted)
2025-03-29T10:51:14.440+01:00 DEBUG 57444 --- [users-service] [HikariPool-1 connection closer] com.zaxxer.hikari.pool.PoolBase          : HikariPool-1 - Closing connection conn19: url=jdbc:h2:mem:mydb user=SA: (connection evicted)
2025-03-29T10:51:14.440+01:00 DEBUG 57444 --- [users-service] [SpringApplicationShutdownHook] com.zaxxer.hikari.pool.HikariPool        : HikariPool-1 - After shutdown stats (total=0, active=0, idle=0, waiting=0)
2025-03-29T10:51:14.440+01:00  INFO 57444 --- [users-service] [SpringApplicationShutdownHook] com.zaxxer.hikari.HikariDataSource       : HikariPool-1 - Shutdown completed.
2025-03-29T11:22:34.648+01:00  INFO 66871 --- [users-service] [restartedMain] o.m.o.u.UsersServiceApplication          : Starting UsersServiceApplication using Java 21.0.6 with PID 66871 (/Users/kingsleygodwin/one-mersitem-app/users-service/target/classes started by kingsleygodwin in /Users/kingsleygodwin/one-mersitem-app/users-service)
2025-03-29T11:22:34.649+01:00  INFO 66871 --- [users-service] [restartedMain] o.m.o.u.UsersServiceApplication          : No active profile set, falling back to 1 default profile: "default"
2025-03-29T11:22:34.668+01:00  INFO 66871 --- [users-service] [restartedMain] o.s.c.c.c.ConfigServerConfigDataLoader   : Fetching config from server at : http://localhost:20000/config
2025-03-29T11:22:34.668+01:00  INFO 66871 --- [users-service] [restartedMain] o.s.c.c.c.ConfigServerConfigDataLoader   : Located environment: name=users-service, profiles=[local], label=dev, version=98ef23b254b1a1a6e3d08c6d69e16d0839d190b0, state=
2025-03-29T11:22:34.669+01:00  INFO 66871 --- [users-service] [restartedMain] .e.DevToolsPropertyDefaultsPostProcessor : Devtools property defaults active! Set 'spring.devtools.add-properties' to 'false' to disable
2025-03-29T11:22:34.669+01:00  INFO 66871 --- [users-service] [restartedMain] .e.DevToolsPropertyDefaultsPostProcessor : For additional web related logging consider setting the 'logging.level.web' property to 'DEBUG'
2025-03-29T11:22:35.037+01:00  INFO 66871 --- [users-service] [restartedMain] .s.d.r.c.RepositoryConfigurationDelegate : Multiple Spring Data modules found, entering strict repository configuration mode
2025-03-29T11:22:35.038+01:00  INFO 66871 --- [users-service] [restartedMain] .s.d.r.c.RepositoryConfigurationDelegate : Bootstrapping Spring Data JDBC repositories in DEFAULT mode.
2025-03-29T11:22:35.047+01:00  INFO 66871 --- [users-service] [restartedMain] .RepositoryConfigurationExtensionSupport : Spring Data JDBC - Could not safely identify store assignment for repository candidate interface org.meristem.oneapp.usersservice.repositories.FeatureTypeRepository; If you want this repository to be a JDBC repository, consider annotating your entities with one of these annotations: org.springframework.data.relational.core.mapping.Table.
2025-03-29T11:22:35.085+01:00  INFO 66871 --- [users-service] [restartedMain] .s.d.r.c.RepositoryConfigurationDelegate : Finished Spring Data repository scanning in 45 ms. Found 3 JDBC repository interfaces.
2025-03-29T11:22:35.091+01:00  INFO 66871 --- [users-service] [restartedMain] .s.d.r.c.RepositoryConfigurationDelegate : Multiple Spring Data modules found, entering strict repository configuration mode
2025-03-29T11:22:35.091+01:00  INFO 66871 --- [users-service] [restartedMain] .s.d.r.c.RepositoryConfigurationDelegate : Bootstrapping Spring Data Redis repositories in DEFAULT mode.
2025-03-29T11:22:35.097+01:00  INFO 66871 --- [users-service] [restartedMain] .RepositoryConfigurationExtensionSupport : Spring Data Redis - Could not safely identify store assignment for repository candidate interface org.meristem.oneapp.usersservice.repositories.FeatureTypeRepository; If you want this repository to be a Redis repository, consider annotating your entities with one of these annotations: org.springframework.data.redis.core.RedisHash (preferred), or consider extending one of the following types with your repository: org.springframework.data.keyvalue.repository.KeyValueRepository
2025-03-29T11:22:35.097+01:00  INFO 66871 --- [users-service] [restartedMain] .RepositoryConfigurationExtensionSupport : Spring Data Redis - Could not safely identify store assignment for repository candidate interface org.meristem.oneapp.usersservice.repositories.OtpVerificationRepository; If you want this repository to be a Redis repository, consider annotating your entities with one of these annotations: org.springframework.data.redis.core.RedisHash (preferred), or consider extending one of the following types with your repository: org.springframework.data.keyvalue.repository.KeyValueRepository
2025-03-29T11:22:35.097+01:00  INFO 66871 --- [users-service] [restartedMain] .RepositoryConfigurationExtensionSupport : Spring Data Redis - Could not safely identify store assignment for repository candidate interface org.meristem.oneapp.usersservice.repositories.RequirementsRepository; If you want this repository to be a Redis repository, consider annotating your entities with one of these annotations: org.springframework.data.redis.core.RedisHash (preferred), or consider extending one of the following types with your repository: org.springframework.data.keyvalue.repository.KeyValueRepository
2025-03-29T11:22:35.098+01:00  INFO 66871 --- [users-service] [restartedMain] .RepositoryConfigurationExtensionSupport : Spring Data Redis - Could not safely identify store assignment for repository candidate interface org.meristem.oneapp.usersservice.repositories.UsersRepository; If you want this repository to be a Redis repository, consider annotating your entities with one of these annotations: org.springframework.data.redis.core.RedisHash (preferred), or consider extending one of the following types with your repository: org.springframework.data.keyvalue.repository.KeyValueRepository
2025-03-29T11:22:35.098+01:00  INFO 66871 --- [users-service] [restartedMain] .s.d.r.c.RepositoryConfigurationDelegate : Finished Spring Data repository scanning in 3 ms. Found 0 Redis repository interfaces.
2025-03-29T11:22:35.170+01:00  INFO 66871 --- [users-service] [restartedMain] o.s.cloud.context.scope.GenericScope     : BeanFactory id=d6ec3857-a403-3e6e-b928-937e8f3a93d9
2025-03-29T11:22:35.338+01:00  INFO 66871 --- [users-service] [restartedMain] o.s.b.w.embedded.tomcat.TomcatWebServer  : Tomcat initialized with port 20020 (http)
2025-03-29T11:22:35.343+01:00  INFO 66871 --- [users-service] [restartedMain] o.apache.catalina.core.StandardService   : Starting service [Tomcat]
2025-03-29T11:22:35.343+01:00  INFO 66871 --- [users-service] [restartedMain] o.apache.catalina.core.StandardEngine    : Starting Servlet engine: [Apache Tomcat/10.1.39]
2025-03-29T11:22:35.358+01:00  INFO 66871 --- [users-service] [restartedMain] o.a.c.c.C.[.[localhost].[/api/users]     : Initializing Spring embedded WebApplicationContext
2025-03-29T11:22:35.358+01:00  INFO 66871 --- [users-service] [restartedMain] w.s.c.ServletWebServerApplicationContext : Root WebApplicationContext: initialization completed in 689 ms
2025-03-29T11:22:35.403+01:00 DEBUG 66871 --- [users-service] [restartedMain] o.s.w.f.ServerHttpObservationFilter      : Filter 'webMvcObservationFilter' configured for use
2025-03-29T11:22:35.415+01:00 DEBUG 66871 --- [users-service] [restartedMain] com.zaxxer.hikari.HikariConfig           : Driver class org.h2.Driver found in Thread context class loader org.springframework.boot.devtools.restart.classloader.RestartClassLoader@290b5913
2025-03-29T11:22:35.502+01:00 DEBUG 66871 --- [users-service] [restartedMain] com.zaxxer.hikari.HikariConfig           : HikariPool-1 - configuration:
2025-03-29T11:22:35.504+01:00 DEBUG 66871 --- [users-service] [restartedMain] com.zaxxer.hikari.HikariConfig           : allowPoolSuspension.............false
2025-03-29T11:22:35.504+01:00 DEBUG 66871 --- [users-service] [restartedMain] com.zaxxer.hikari.HikariConfig           : autoCommit......................true
2025-03-29T11:22:35.504+01:00 DEBUG 66871 --- [users-service] [restartedMain] com.zaxxer.hikari.HikariConfig           : catalog.........................none
2025-03-29T11:22:35.504+01:00 DEBUG 66871 --- [users-service] [restartedMain] com.zaxxer.hikari.HikariConfig           : connectionInitSql...............none
2025-03-29T11:22:35.504+01:00 DEBUG 66871 --- [users-service] [restartedMain] com.zaxxer.hikari.HikariConfig           : connectionTestQuery.............none
2025-03-29T11:22:35.504+01:00 DEBUG 66871 --- [users-service] [restartedMain] com.zaxxer.hikari.HikariConfig           : connectionTimeout...............30000
2025-03-29T11:22:35.504+01:00 DEBUG 66871 --- [users-service] [restartedMain] com.zaxxer.hikari.HikariConfig           : dataSource......................none
2025-03-29T11:22:35.504+01:00 DEBUG 66871 --- [users-service] [restartedMain] com.zaxxer.hikari.HikariConfig           : dataSourceClassName.............none
2025-03-29T11:22:35.504+01:00 DEBUG 66871 --- [users-service] [restartedMain] com.zaxxer.hikari.HikariConfig           : dataSourceJNDI..................none
2025-03-29T11:22:35.505+01:00 DEBUG 66871 --- [users-service] [restartedMain] com.zaxxer.hikari.HikariConfig           : dataSourceProperties............{password=<masked>, logUnclosedConnections=true}
2025-03-29T11:22:35.506+01:00 DEBUG 66871 --- [users-service] [restartedMain] com.zaxxer.hikari.HikariConfig           : driverClassName................."org.h2.Driver"
2025-03-29T11:22:35.506+01:00 DEBUG 66871 --- [users-service] [restartedMain] com.zaxxer.hikari.HikariConfig           : exceptionOverrideClassName......none
2025-03-29T11:22:35.506+01:00 DEBUG 66871 --- [users-service] [restartedMain] com.zaxxer.hikari.HikariConfig           : healthCheckProperties...........{}
2025-03-29T11:22:35.506+01:00 DEBUG 66871 --- [users-service] [restartedMain] com.zaxxer.hikari.HikariConfig           : healthCheckRegistry.............none
2025-03-29T11:22:35.506+01:00 DEBUG 66871 --- [users-service] [restartedMain] com.zaxxer.hikari.HikariConfig           : idleTimeout.....................600000
2025-03-29T11:22:35.508+01:00 DEBUG 66871 --- [users-service] [restartedMain] com.zaxxer.hikari.HikariConfig           : initializationFailTimeout.......1
2025-03-29T11:22:35.508+01:00 DEBUG 66871 --- [users-service] [restartedMain] com.zaxxer.hikari.HikariConfig           : isolateInternalQueries..........false
2025-03-29T11:22:35.508+01:00 DEBUG 66871 --- [users-service] [restartedMain] com.zaxxer.hikari.HikariConfig           : jdbcUrl.........................jdbc:h2:mem:mydb;DATABASE_TO_UPPER=FALSE;CASE_INSENSITIVE_IDENTIFIERS=TRUE
2025-03-29T11:22:35.508+01:00 DEBUG 66871 --- [users-service] [restartedMain] com.zaxxer.hikari.HikariConfig           : keepaliveTime...................0
2025-03-29T11:22:35.510+01:00 DEBUG 66871 --- [users-service] [restartedMain] com.zaxxer.hikari.HikariConfig           : leakDetectionThreshold..........0
2025-03-29T11:22:35.510+01:00 DEBUG 66871 --- [users-service] [restartedMain] com.zaxxer.hikari.HikariConfig           : maxLifetime.....................1800000
2025-03-29T11:22:35.510+01:00 DEBUG 66871 --- [users-service] [restartedMain] com.zaxxer.hikari.HikariConfig           : maximumPoolSize.................10
2025-03-29T11:22:35.510+01:00 DEBUG 66871 --- [users-service] [restartedMain] com.zaxxer.hikari.HikariConfig           : metricRegistry..................none
2025-03-29T11:22:35.512+01:00 DEBUG 66871 --- [users-service] [restartedMain] com.zaxxer.hikari.HikariConfig           : metricsTrackerFactory...........none
2025-03-29T11:22:35.512+01:00 DEBUG 66871 --- [users-service] [restartedMain] com.zaxxer.hikari.HikariConfig           : minimumIdle.....................10
2025-03-29T11:22:35.512+01:00 DEBUG 66871 --- [users-service] [restartedMain] com.zaxxer.hikari.HikariConfig           : password........................<masked>
2025-03-29T11:22:35.512+01:00 DEBUG 66871 --- [users-service] [restartedMain] com.zaxxer.hikari.HikariConfig           : poolName........................"HikariPool-1"
2025-03-29T11:22:35.512+01:00 DEBUG 66871 --- [users-service] [restartedMain] com.zaxxer.hikari.HikariConfig           : readOnly........................false
2025-03-29T11:22:35.513+01:00 DEBUG 66871 --- [users-service] [restartedMain] com.zaxxer.hikari.HikariConfig           : registerMbeans..................false
2025-03-29T11:22:35.513+01:00 DEBUG 66871 --- [users-service] [restartedMain] com.zaxxer.hikari.HikariConfig           : scheduledExecutor...............none
2025-03-29T11:22:35.513+01:00 DEBUG 66871 --- [users-service] [restartedMain] com.zaxxer.hikari.HikariConfig           : schema..........................none
2025-03-29T11:22:35.513+01:00 DEBUG 66871 --- [users-service] [restartedMain] com.zaxxer.hikari.HikariConfig           : threadFactory...................internal
2025-03-29T11:22:35.515+01:00 DEBUG 66871 --- [users-service] [restartedMain] com.zaxxer.hikari.HikariConfig           : transactionIsolation............default
2025-03-29T11:22:35.515+01:00 DEBUG 66871 --- [users-service] [restartedMain] com.zaxxer.hikari.HikariConfig           : username........................"sa"
2025-03-29T11:22:35.515+01:00 DEBUG 66871 --- [users-service] [restartedMain] com.zaxxer.hikari.HikariConfig           : validationTimeout...............5000
2025-03-29T11:22:35.515+01:00  INFO 66871 --- [users-service] [restartedMain] com.zaxxer.hikari.HikariDataSource       : HikariPool-1 - Starting...
2025-03-29T11:22:35.585+01:00  INFO 66871 --- [users-service] [restartedMain] com.zaxxer.hikari.pool.HikariPool        : HikariPool-1 - Added connection conn0: url=jdbc:h2:mem:mydb user=SA
2025-03-29T11:22:35.586+01:00  INFO 66871 --- [users-service] [restartedMain] com.zaxxer.hikari.HikariDataSource       : HikariPool-1 - Start completed.
2025-03-29T11:22:35.603+01:00  INFO 66871 --- [users-service] [restartedMain] org.flywaydb.core.FlywayExecutor         : Database: jdbc:h2:mem:mydb (H2 2.3)
2025-03-29T11:22:35.604+01:00  WARN 66871 --- [users-service] [restartedMain] o.f.c.internal.database.base.Database    : Flyway upgrade recommended: H2 2.3.232 is newer than this version of Flyway and support has not been tested. The latest supported version of H2 is 2.2.224.
2025-03-29T11:22:35.613+01:00  INFO 66871 --- [users-service] [restartedMain] o.f.c.i.s.JdbcTableSchemaHistory         : Schema history table "PUBLIC"."flyway_schema_history" does not exist yet
2025-03-29T11:22:35.614+01:00  INFO 66871 --- [users-service] [restartedMain] o.f.core.internal.command.DbValidate     : Successfully validated 1 migration (execution time 00:00.005s)
2025-03-29T11:22:35.617+01:00  INFO 66871 --- [users-service] [restartedMain] o.f.c.i.s.JdbcTableSchemaHistory         : Creating Schema History table "PUBLIC"."flyway_schema_history" ...
2025-03-29T11:22:35.624+01:00 DEBUG 66871 --- [users-service] [HikariPool-1 connection adder] com.zaxxer.hikari.pool.HikariPool        : HikariPool-1 - Added connection conn1: url=jdbc:h2:mem:mydb user=SA
2025-03-29T11:22:35.627+01:00  INFO 66871 --- [users-service] [restartedMain] o.f.core.internal.command.DbMigrate      : Current version of schema "PUBLIC": << Empty Schema >>
2025-03-29T11:22:35.632+01:00  INFO 66871 --- [users-service] [restartedMain] o.f.core.internal.command.DbMigrate      : Migrating schema "PUBLIC" to version "1 - DB INIT H2"
2025-03-29T11:22:35.651+01:00  INFO 66871 --- [users-service] [restartedMain] o.f.core.internal.command.DbMigrate      : Successfully applied 1 migration to schema "PUBLIC", now at version v1 (execution time 00:00.015s)
2025-03-29T11:22:35.657+01:00 DEBUG 66871 --- [users-service] [HikariPool-1 connection adder] com.zaxxer.hikari.pool.HikariPool        : HikariPool-1 - Connection not added, stats (total=2, active=0, idle=2, waiting=0)
2025-03-29T11:22:35.662+01:00 DEBUG 66871 --- [users-service] [restartedMain] o.s.jdbc.datasource.DataSourceUtils      : Fetching JDBC Connection from DataSource
2025-03-29T11:22:35.689+01:00 DEBUG 66871 --- [users-service] [HikariPool-1 housekeeper] com.zaxxer.hikari.pool.HikariPool        : HikariPool-1 - Pool stats (total=2, active=0, idle=2, waiting=0)
2025-03-29T11:22:35.690+01:00 DEBUG 66871 --- [users-service] [HikariPool-1 connection adder] com.zaxxer.hikari.pool.HikariPool        : HikariPool-1 - Added connection conn2: url=jdbc:h2:mem:mydb user=SA
2025-03-29T11:22:35.695+01:00  WARN 66871 --- [users-service] [restartedMain] o.s.b.d.a.OptionalLiveReloadServer       : Unable to start LiveReload server
2025-03-29T11:22:35.725+01:00 DEBUG 66871 --- [users-service] [HikariPool-1 connection adder] com.zaxxer.hikari.pool.HikariPool        : HikariPool-1 - After adding stats (total=3, active=0, idle=3, waiting=0)
2025-03-29T11:22:35.725+01:00 DEBUG 66871 --- [users-service] [HikariPool-1 connection adder] com.zaxxer.hikari.pool.HikariPool        : HikariPool-1 - Added connection conn3: url=jdbc:h2:mem:mydb user=SA
2025-03-29T11:22:35.760+01:00 DEBUG 66871 --- [users-service] [HikariPool-1 connection adder] com.zaxxer.hikari.pool.HikariPool        : HikariPool-1 - After adding stats (total=4, active=0, idle=4, waiting=0)
2025-03-29T11:22:35.761+01:00 DEBUG 66871 --- [users-service] [HikariPool-1 connection adder] com.zaxxer.hikari.pool.HikariPool        : HikariPool-1 - Added connection conn4: url=jdbc:h2:mem:mydb user=SA
2025-03-29T11:22:35.794+01:00 DEBUG 66871 --- [users-service] [HikariPool-1 connection adder] com.zaxxer.hikari.pool.HikariPool        : HikariPool-1 - After adding stats (total=5, active=0, idle=5, waiting=0)
2025-03-29T11:22:35.794+01:00 DEBUG 66871 --- [users-service] [HikariPool-1 connection adder] com.zaxxer.hikari.pool.HikariPool        : HikariPool-1 - Added connection conn5: url=jdbc:h2:mem:mydb user=SA
2025-03-29T11:22:35.830+01:00 DEBUG 66871 --- [users-service] [HikariPool-1 connection adder] com.zaxxer.hikari.pool.HikariPool        : HikariPool-1 - After adding stats (total=6, active=0, idle=6, waiting=0)
2025-03-29T11:22:35.830+01:00 DEBUG 66871 --- [users-service] [HikariPool-1 connection adder] com.zaxxer.hikari.pool.HikariPool        : HikariPool-1 - Added connection conn6: url=jdbc:h2:mem:mydb user=SA
2025-03-29T11:22:35.848+01:00 DEBUG 66871 --- [users-service] [restartedMain] s.w.s.m.m.a.RequestMappingHandlerMapping : 10 mappings in 'requestMappingHandlerMapping'
2025-03-29T11:22:35.865+01:00 DEBUG 66871 --- [users-service] [HikariPool-1 connection adder] com.zaxxer.hikari.pool.HikariPool        : HikariPool-1 - After adding stats (total=7, active=0, idle=7, waiting=0)
2025-03-29T11:22:35.865+01:00 DEBUG 66871 --- [users-service] [HikariPool-1 connection adder] com.zaxxer.hikari.pool.HikariPool        : HikariPool-1 - Added connection conn7: url=jdbc:h2:mem:mydb user=SA
2025-03-29T11:22:35.867+01:00 DEBUG 66871 --- [users-service] [restartedMain] o.s.w.s.handler.SimpleUrlHandlerMapping  : Patterns [/webjars/**, /**, /swagger-ui*/*swagger-initializer.js, /swagger-ui*/**] in 'resourceHandlerMapping'
2025-03-29T11:22:35.877+01:00 DEBUG 66871 --- [users-service] [restartedMain] s.w.s.m.m.a.RequestMappingHandlerAdapter : ControllerAdvice beans: 0 @ModelAttribute, 0 @InitBinder, 1 RequestBodyAdvice, 1 ResponseBodyAdvice
2025-03-29T11:22:35.896+01:00 DEBUG 66871 --- [users-service] [restartedMain] .m.m.a.ExceptionHandlerExceptionResolver : ControllerAdvice beans: 2 @ExceptionHandler, 1 ResponseBodyAdvice
2025-03-29T11:22:35.897+01:00 DEBUG 66871 --- [users-service] [HikariPool-1 connection adder] com.zaxxer.hikari.pool.HikariPool        : HikariPool-1 - After adding stats (total=8, active=0, idle=8, waiting=0)
2025-03-29T11:22:35.897+01:00 DEBUG 66871 --- [users-service] [HikariPool-1 connection adder] com.zaxxer.hikari.pool.HikariPool        : HikariPool-1 - Added connection conn8: url=jdbc:h2:mem:mydb user=SA
2025-03-29T11:22:35.932+01:00 DEBUG 66871 --- [users-service] [HikariPool-1 connection adder] com.zaxxer.hikari.pool.HikariPool        : HikariPool-1 - After adding stats (total=9, active=0, idle=9, waiting=0)
2025-03-29T11:22:35.933+01:00 DEBUG 66871 --- [users-service] [HikariPool-1 connection adder] com.zaxxer.hikari.pool.HikariPool        : HikariPool-1 - Added connection conn9: url=jdbc:h2:mem:mydb user=SA
2025-03-29T11:22:35.968+01:00 DEBUG 66871 --- [users-service] [HikariPool-1 connection adder] com.zaxxer.hikari.pool.HikariPool        : HikariPool-1 - After adding stats (total=10, active=0, idle=10, waiting=0)
2025-03-29T11:22:36.103+01:00  INFO 66871 --- [users-service] [restartedMain] o.s.b.a.h2.H2ConsoleAutoConfiguration    : H2 console available at '/h2-console'. Database available at 'jdbc:h2:mem:mydb'
2025-03-29T11:22:36.132+01:00  INFO 66871 --- [users-service] [restartedMain] o.s.b.a.e.web.EndpointLinksResolver      : Exposing 2 endpoints beneath base path '/actuator'
2025-03-29T11:22:36.161+01:00  INFO 66871 --- [users-service] [restartedMain] o.s.b.w.embedded.tomcat.TomcatWebServer  : Tomcat started on port 20020 (http) with context path '/api/users'
2025-03-29T11:22:36.170+01:00  INFO 66871 --- [users-service] [restartedMain] o.m.o.u.UsersServiceApplication          : Started UsersServiceApplication in 8.702 seconds (process running for 8.901)
2025-03-29T11:23:05.694+01:00 DEBUG 66871 --- [users-service] [HikariPool-1 housekeeper] com.zaxxer.hikari.pool.HikariPool        : HikariPool-1 - Pool stats (total=10, active=0, idle=10, waiting=0)
2025-03-29T11:23:05.697+01:00 DEBUG 66871 --- [users-service] [HikariPool-1 housekeeper] com.zaxxer.hikari.pool.HikariPool        : HikariPool-1 - Fill pool skipped, pool has sufficient level or currently being filled.
2025-03-29T11:23:35.702+01:00 DEBUG 66871 --- [users-service] [HikariPool-1 housekeeper] com.zaxxer.hikari.pool.HikariPool        : HikariPool-1 - Pool stats (total=10, active=0, idle=10, waiting=0)
2025-03-29T11:23:35.705+01:00 DEBUG 66871 --- [users-service] [HikariPool-1 housekeeper] com.zaxxer.hikari.pool.HikariPool        : HikariPool-1 - Fill pool skipped, pool has sufficient level or currently being filled.
2025-03-29T11:24:05.709+01:00 DEBUG 66871 --- [users-service] [HikariPool-1 housekeeper] com.zaxxer.hikari.pool.HikariPool        : HikariPool-1 - Pool stats (total=10, active=0, idle=10, waiting=0)
2025-03-29T11:24:05.715+01:00 DEBUG 66871 --- [users-service] [HikariPool-1 housekeeper] com.zaxxer.hikari.pool.HikariPool        : HikariPool-1 - Fill pool skipped, pool has sufficient level or currently being filled.
2025-03-29T11:24:35.719+01:00 DEBUG 66871 --- [users-service] [HikariPool-1 housekeeper] com.zaxxer.hikari.pool.HikariPool        : HikariPool-1 - Pool stats (total=10, active=0, idle=10, waiting=0)
2025-03-29T11:24:35.719+01:00 DEBUG 66871 --- [users-service] [HikariPool-1 housekeeper] com.zaxxer.hikari.pool.HikariPool        : HikariPool-1 - Fill pool skipped, pool has sufficient level or currently being filled.
2025-03-29T11:34:53.119+01:00  WARN 66871 --- [users-service] [HikariPool-1 housekeeper] com.zaxxer.hikari.pool.HikariPool        : HikariPool-1 - Thread starvation or clock leap detected (housekeeper delta=10m17s396ms).
2025-03-29T11:34:53.122+01:00 DEBUG 66871 --- [users-service] [HikariPool-1 housekeeper] com.zaxxer.hikari.pool.HikariPool        : HikariPool-1 - Pool stats (total=10, active=0, idle=10, waiting=0)
2025-03-29T11:34:53.123+01:00 DEBUG 66871 --- [users-service] [HikariPool-1 housekeeper] com.zaxxer.hikari.pool.HikariPool        : HikariPool-1 - Fill pool skipped, pool has sufficient level or currently being filled.
2025-03-29T11:35:18.908+01:00  INFO 66871 --- [users-service] [tomcat-handler-0] o.a.c.c.C.[.[localhost].[/api/users]     : Initializing Spring DispatcherServlet 'dispatcherServlet'
2025-03-29T11:35:18.910+01:00  INFO 66871 --- [users-service] [tomcat-handler-0] o.s.web.servlet.DispatcherServlet        : Initializing Servlet 'dispatcherServlet'
2025-03-29T11:35:18.911+01:00 DEBUG 66871 --- [users-service] [tomcat-handler-0] o.s.web.servlet.DispatcherServlet        : Detected StandardServletMultipartResolver
2025-03-29T11:35:18.911+01:00 DEBUG 66871 --- [users-service] [tomcat-handler-0] o.s.web.servlet.DispatcherServlet        : Detected AcceptHeaderLocaleResolver
2025-03-29T11:35:18.911+01:00 DEBUG 66871 --- [users-service] [tomcat-handler-0] o.s.web.servlet.DispatcherServlet        : Detected FixedThemeResolver
2025-03-29T11:35:18.935+01:00 DEBUG 66871 --- [users-service] [tomcat-handler-0] o.s.web.servlet.DispatcherServlet        : Detected org.springframework.web.servlet.view.DefaultRequestToViewNameTranslator@68569a85
2025-03-29T11:35:18.935+01:00 DEBUG 66871 --- [users-service] [tomcat-handler-0] o.s.web.servlet.DispatcherServlet        : Detected org.springframework.web.servlet.support.SessionFlashMapManager@12fd3e94
2025-03-29T11:35:18.936+01:00 DEBUG 66871 --- [users-service] [tomcat-handler-0] o.s.web.servlet.DispatcherServlet        : enableLoggingRequestDetails='false': request parameters and headers will be masked to prevent unsafe logging of potentially sensitive data
2025-03-29T11:35:18.936+01:00  INFO 66871 --- [users-service] [tomcat-handler-0] o.s.web.servlet.DispatcherServlet        : Completed initialization in 26 ms
2025-03-29T11:35:18.955+01:00 DEBUG 66871 --- [users-service] [tomcat-handler-0] o.s.web.servlet.DispatcherServlet        : POST "/api/users/notification/otp", parameters={}
2025-03-29T11:35:18.963+01:00 DEBUG 66871 --- [users-service] [tomcat-handler-0] s.w.s.m.m.a.RequestMappingHandlerMapping : Mapped to org.meristem.oneapp.usersservice.controllers.NotificationController#sendOtp(SendOtpRequest)
2025-03-29T11:35:18.992+01:00 DEBUG 66871 --- [users-service] [tomcat-handler-0] m.m.a.RequestResponseBodyMethodProcessor : Read "application/json;charset=UTF-8" to [SendOtpRequest[otpType=1, recipient=kingsleyog95@gmail.com]]
2025-03-29T11:35:19.031+01:00 DEBUG 66871 --- [users-service] [tomcat-handler-0] o.s.j.d.DataSourceTransactionManager     : Creating new transaction with name [org.meristem.oneapp.usersservice.services.NotificationService.sendOtp]: PROPAGATION_REQUIRED,ISOLATION_DEFAULT
2025-03-29T11:35:19.033+01:00 DEBUG 66871 --- [users-service] [tomcat-handler-0] o.s.j.d.DataSourceTransactionManager     : Acquired Connection [HikariProxyConnection@234958107 wrapping conn0: url=jdbc:h2:mem:mydb user=SA] for JDBC transaction
2025-03-29T11:35:19.034+01:00 DEBUG 66871 --- [users-service] [tomcat-handler-0] o.s.j.d.DataSourceTransactionManager     : Switching JDBC Connection [HikariProxyConnection@234958107 wrapping conn0: url=jdbc:h2:mem:mydb user=SA] to manual commit
2025-03-29T11:35:19.041+01:00 DEBUG 66871 --- [users-service] [tomcat-handler-0] o.s.j.d.DataSourceTransactionManager     : Participating in existing transaction
2025-03-29T11:35:19.047+01:00 DEBUG 66871 --- [users-service] [tomcat-handler-0] o.s.jdbc.core.JdbcTemplate               : Executing prepared SQL update
2025-03-29T11:35:19.051+01:00 DEBUG 66871 --- [users-service] [tomcat-handler-0] o.s.jdbc.core.JdbcTemplate               : Executing prepared SQL statement [UPDATE otp_verification SET expires_at = ? WHERE id = (SELECT id FROM otp_verification WHERE user_id = ? AND otp_type = ? ORDER BY expires_at DESC LIMIT 1)]
2025-03-29T11:35:19.063+01:00 DEBUG 66871 --- [users-service] [tomcat-handler-0] o.s.j.d.DataSourceTransactionManager     : Participating in existing transaction
2025-03-29T11:35:19.093+01:00 DEBUG 66871 --- [users-service] [tomcat-handler-0] o.s.jdbc.core.JdbcTemplate               : Executing SQL update and returning generated keys
2025-03-29T11:35:19.093+01:00 DEBUG 66871 --- [users-service] [tomcat-handler-0] o.s.jdbc.core.JdbcTemplate               : Executing prepared SQL statement [INSERT INTO "otp_verification" ("code", "CREATED_BY", "CREATED_DATE", "expires_at", "LAST_MODIFIED_BY", "LAST_MODIFIED_DATE", "otp_type", "user_id", "verified", "VERSION") VALUES (?, ?, ?, ?, ?, ?, ?, ?, ?, ?)]
2025-03-29T11:35:19.116+01:00  INFO 66871 --- [users-service] [tomcat-handler-0] o.a.k.clients.producer.ProducerConfig    : ProducerConfig values: 
	acks = -1
	auto.include.jmx.reporter = true
	batch.size = 1000
	bootstrap.servers = [http://localhost:9092]
	buffer.memory = 33554432
	client.dns.lookup = use_all_dns_ips
	client.id = users-service-producer-1
	compression.gzip.level = -1
	compression.lz4.level = 9
	compression.type = none
	compression.zstd.level = 3
	connections.max.idle.ms = 540000
	delivery.timeout.ms = 120000
	enable.idempotence = true
	enable.metrics.push = true
	interceptor.classes = []
	key.serializer = class org.apache.kafka.common.serialization.StringSerializer
	linger.ms = 0
	max.block.ms = 60000
	max.in.flight.requests.per.connection = 5
	max.request.size = 1048576
	metadata.max.age.ms = 300000
	metadata.max.idle.ms = 300000
	metadata.recovery.strategy = none
	metric.reporters = []
	metrics.num.samples = 2
	metrics.recording.level = INFO
	metrics.sample.window.ms = 30000
	partitioner.adaptive.partitioning.enable = true
	partitioner.availability.timeout.ms = 0
	partitioner.class = null
	partitioner.ignore.keys = false
	receive.buffer.bytes = 32768
	reconnect.backoff.max.ms = 1000
	reconnect.backoff.ms = 50
	request.timeout.ms = 30000
	retries = 2147483647
	retry.backoff.max.ms = 1000
	retry.backoff.ms = 100
	sasl.client.callback.handler.class = null
	sasl.jaas.config = null
	sasl.kerberos.kinit.cmd = /usr/bin/kinit
	sasl.kerberos.min.time.before.relogin = 60000
	sasl.kerberos.service.name = null
	sasl.kerberos.ticket.renew.jitter = 0.05
	sasl.kerberos.ticket.renew.window.factor = 0.8
	sasl.login.callback.handler.class = null
	sasl.login.class = null
	sasl.login.connect.timeout.ms = null
	sasl.login.read.timeout.ms = null
	sasl.login.refresh.buffer.seconds = 300
	sasl.login.refresh.min.period.seconds = 60
	sasl.login.refresh.window.factor = 0.8
	sasl.login.refresh.window.jitter = 0.05
	sasl.login.retry.backoff.max.ms = 10000
	sasl.login.retry.backoff.ms = 100
	sasl.mechanism = GSSAPI
	sasl.oauthbearer.clock.skew.seconds = 30
	sasl.oauthbearer.expected.audience = null
	sasl.oauthbearer.expected.issuer = null
	sasl.oauthbearer.jwks.endpoint.refresh.ms = 3600000
	sasl.oauthbearer.jwks.endpoint.retry.backoff.max.ms = 10000
	sasl.oauthbearer.jwks.endpoint.retry.backoff.ms = 100
	sasl.oauthbearer.jwks.endpoint.url = null
	sasl.oauthbearer.scope.claim.name = scope
	sasl.oauthbearer.sub.claim.name = sub
	sasl.oauthbearer.token.endpoint.url = null
	security.protocol = PLAINTEXT
	security.providers = null
	send.buffer.bytes = 131072
	socket.connection.setup.timeout.max.ms = 30000
	socket.connection.setup.timeout.ms = 10000
	ssl.cipher.suites = null
	ssl.enabled.protocols = [TLSv1.2, TLSv1.3]
	ssl.endpoint.identification.algorithm = https
	ssl.engine.factory.class = null
	ssl.key.password = null
	ssl.keymanager.algorithm = SunX509
	ssl.keystore.certificate.chain = null
	ssl.keystore.key = null
	ssl.keystore.location = null
	ssl.keystore.password = null
	ssl.keystore.type = JKS
	ssl.protocol = TLSv1.3
	ssl.provider = null
	ssl.secure.random.implementation = null
	ssl.trustmanager.algorithm = PKIX
	ssl.truststore.certificates = null
	ssl.truststore.location = null
	ssl.truststore.password = null
	ssl.truststore.type = JKS
	transaction.timeout.ms = 60000
	transactional.id = null
	value.serializer = class org.springframework.kafka.support.serializer.JsonSerializer

2025-03-29T11:35:19.154+01:00  INFO 66871 --- [users-service] [tomcat-handler-0] o.a.k.c.t.i.KafkaMetricsCollector        : initializing Kafka metrics collector
2025-03-29T11:35:19.165+01:00  INFO 66871 --- [users-service] [tomcat-handler-0] o.a.k.clients.producer.KafkaProducer     : [Producer clientId=users-service-producer-1] Instantiated an idempotent producer.
2025-03-29T11:35:19.183+01:00  INFO 66871 --- [users-service] [tomcat-handler-0] o.a.kafka.common.utils.AppInfoParser     : Kafka version: 3.8.1
2025-03-29T11:35:19.183+01:00  INFO 66871 --- [users-service] [tomcat-handler-0] o.a.kafka.common.utils.AppInfoParser     : Kafka commitId: 70d6ff42debf7e17
2025-03-29T11:35:19.183+01:00  INFO 66871 --- [users-service] [tomcat-handler-0] o.a.kafka.common.utils.AppInfoParser     : Kafka startTimeMs: 1743244519182
2025-03-29T11:35:19.308+01:00  INFO 66871 --- [users-service] [kafka-producer-network-thread | users-service-producer-1] org.apache.kafka.clients.Metadata        : [Producer clientId=users-service-producer-1] Cluster ID: 5L6g3nShT-eMCtK--X86sw
2025-03-29T11:35:19.319+01:00 DEBUG 66871 --- [users-service] [tomcat-handler-0] o.s.j.d.DataSourceTransactionManager     : Initiating transaction commit
2025-03-29T11:35:19.319+01:00 DEBUG 66871 --- [users-service] [tomcat-handler-0] o.s.j.d.DataSourceTransactionManager     : Committing JDBC transaction on Connection [HikariProxyConnection@234958107 wrapping conn0: url=jdbc:h2:mem:mydb user=SA]
2025-03-29T11:35:19.320+01:00 DEBUG 66871 --- [users-service] [tomcat-handler-0] o.s.j.d.DataSourceTransactionManager     : Releasing JDBC Connection [HikariProxyConnection@234958107 wrapping conn0: url=jdbc:h2:mem:mydb user=SA] after transaction
2025-03-29T11:35:19.323+01:00 DEBUG 66871 --- [users-service] [tomcat-handler-0] o.s.w.s.m.m.a.HttpEntityMethodProcessor  : Using 'application/json', given [*/*] and supported [application/json]
2025-03-29T11:35:19.325+01:00  INFO 66871 --- [users-service] [kafka-producer-network-thread | users-service-producer-1] o.a.k.c.p.internals.TransactionManager   : [Producer clientId=users-service-producer-1] ProducerId set to 1 with epoch 0
2025-03-29T11:35:19.326+01:00 DEBUG 66871 --- [users-service] [tomcat-handler-0] o.s.w.s.m.m.a.HttpEntityMethodProcessor  : Writing [AppResponse[timestamp=2025-03-29T11:35:19.321264, status=200 OK, message=Otp sent to kingsleyog95@gm (truncated)...]
2025-03-29T11:35:19.329+01:00 DEBUG 66871 --- [users-service] [tomcat-handler-0] o.s.web.servlet.DispatcherServlet        : Completed 200 OK
2025-03-29T11:35:23.113+01:00 DEBUG 66871 --- [users-service] [HikariPool-1 housekeeper] com.zaxxer.hikari.pool.HikariPool        : HikariPool-1 - Pool stats (total=10, active=0, idle=10, waiting=0)
2025-03-29T11:35:23.113+01:00 DEBUG 66871 --- [users-service] [HikariPool-1 housekeeper] com.zaxxer.hikari.pool.HikariPool        : HikariPool-1 - Fill pool skipped, pool has sufficient level or currently being filled.
2025-03-29T11:35:53.116+01:00 DEBUG 66871 --- [users-service] [HikariPool-1 housekeeper] com.zaxxer.hikari.pool.HikariPool        : HikariPool-1 - Pool stats (total=10, active=0, idle=10, waiting=0)
2025-03-29T11:35:53.119+01:00 DEBUG 66871 --- [users-service] [HikariPool-1 housekeeper] com.zaxxer.hikari.pool.HikariPool        : HikariPool-1 - Fill pool skipped, pool has sufficient level or currently being filled.
2025-03-29T11:36:23.123+01:00 DEBUG 66871 --- [users-service] [HikariPool-1 housekeeper] com.zaxxer.hikari.pool.HikariPool        : HikariPool-1 - Pool stats (total=10, active=0, idle=10, waiting=0)
2025-03-29T11:36:23.125+01:00 DEBUG 66871 --- [users-service] [HikariPool-1 housekeeper] com.zaxxer.hikari.pool.HikariPool        : HikariPool-1 - Fill pool skipped, pool has sufficient level or currently being filled.
2025-03-29T11:36:53.129+01:00 DEBUG 66871 --- [users-service] [HikariPool-1 housekeeper] com.zaxxer.hikari.pool.HikariPool        : HikariPool-1 - Pool stats (total=10, active=0, idle=10, waiting=0)
2025-03-29T11:36:53.132+01:00 DEBUG 66871 --- [users-service] [HikariPool-1 housekeeper] com.zaxxer.hikari.pool.HikariPool        : HikariPool-1 - Fill pool skipped, pool has sufficient level or currently being filled.
2025-03-29T11:37:10.325+01:00 DEBUG 66871 --- [users-service] [tomcat-handler-2] o.s.web.servlet.DispatcherServlet        : POST "/api/users/notification/otp/verify", parameters={}
2025-03-29T11:37:10.328+01:00 DEBUG 66871 --- [users-service] [tomcat-handler-2] s.w.s.m.m.a.RequestMappingHandlerMapping : Mapped to org.meristem.oneapp.usersservice.controllers.NotificationController#verifyOtp(VerifyOtpRequest)
2025-03-29T11:37:10.340+01:00 DEBUG 66871 --- [users-service] [tomcat-handler-2] m.m.a.RequestResponseBodyMethodProcessor : Read "application/json;charset=UTF-8" to [VerifyOtpRequest[otp=3275034, otpType=1, recipient=kingsleyog95@gmail.com]]
2025-03-29T11:37:10.349+01:00 DEBUG 66871 --- [users-service] [tomcat-handler-2] o.s.j.d.DataSourceTransactionManager     : Creating new transaction with name [org.springframework.data.jdbc.repository.support.SimpleJdbcRepository.findByOtpTypeAndCodeAndUserId]: PROPAGATION_REQUIRED,ISOLATION_DEFAULT,readOnly
2025-03-29T11:37:10.350+01:00 DEBUG 66871 --- [users-service] [tomcat-handler-2] o.s.j.d.DataSourceTransactionManager     : Acquired Connection [HikariProxyConnection@630026854 wrapping conn0: url=jdbc:h2:mem:mydb user=SA] for JDBC transaction
2025-03-29T11:37:10.351+01:00 DEBUG 66871 --- [users-service] [tomcat-handler-2] o.s.jdbc.datasource.DataSourceUtils      : Setting JDBC Connection [HikariProxyConnection@630026854 wrapping conn0: url=jdbc:h2:mem:mydb user=SA] read-only
2025-03-29T11:37:10.352+01:00 DEBUG 66871 --- [users-service] [tomcat-handler-2] o.s.j.d.DataSourceTransactionManager     : Switching JDBC Connection [HikariProxyConnection@630026854 wrapping conn0: url=jdbc:h2:mem:mydb user=SA] to manual commit
2025-03-29T11:37:10.384+01:00 DEBUG 66871 --- [users-service] [tomcat-handler-2] o.s.jdbc.core.JdbcTemplate               : Executing prepared SQL query
2025-03-29T11:37:10.385+01:00 DEBUG 66871 --- [users-service] [tomcat-handler-2] o.s.jdbc.core.JdbcTemplate               : Executing prepared SQL statement [SELECT "otp_verification"."ID" AS "ID", "otp_verification"."code" AS "code", "otp_verification"."user_id" AS "user_id", "otp_verification"."otp_type" AS "otp_type", "otp_verification"."VERSION" AS "VERSION", "otp_verification"."verified" AS "verified", "otp_verification"."CREATED_BY" AS "CREATED_BY", "otp_verification"."expires_at" AS "expires_at", "otp_verification"."CREATED_DATE" AS "CREATED_DATE", "otp_verification"."LAST_MODIFIED_BY" AS "LAST_MODIFIED_BY", "otp_verification"."LAST_MODIFIED_DATE" AS "LAST_MODIFIED_DATE" FROM "otp_verification" WHERE "otp_verification"."otp_type" = ? AND ("otp_verification"."code" = ?) AND ("otp_verification"."user_id" = ?)]
2025-03-29T11:37:10.398+01:00 DEBUG 66871 --- [users-service] [tomcat-handler-2] o.s.j.d.DataSourceTransactionManager     : Initiating transaction commit
2025-03-29T11:37:10.398+01:00 DEBUG 66871 --- [users-service] [tomcat-handler-2] o.s.j.d.DataSourceTransactionManager     : Committing JDBC transaction on Connection [HikariProxyConnection@630026854 wrapping conn0: url=jdbc:h2:mem:mydb user=SA]
2025-03-29T11:37:10.399+01:00 DEBUG 66871 --- [users-service] [tomcat-handler-2] o.s.jdbc.datasource.DataSourceUtils      : Resetting read-only flag of JDBC Connection [HikariProxyConnection@630026854 wrapping conn0: url=jdbc:h2:mem:mydb user=SA]
2025-03-29T11:37:10.399+01:00 DEBUG 66871 --- [users-service] [tomcat-handler-2] o.s.j.d.DataSourceTransactionManager     : Releasing JDBC Connection [HikariProxyConnection@630026854 wrapping conn0: url=jdbc:h2:mem:mydb user=SA] after transaction
2025-03-29T11:37:10.401+01:00 DEBUG 66871 --- [users-service] [tomcat-handler-2] o.s.j.d.DataSourceTransactionManager     : Creating new transaction with name [org.springframework.data.jdbc.repository.support.SimpleJdbcRepository.save]: PROPAGATION_REQUIRED,ISOLATION_DEFAULT
2025-03-29T11:37:10.401+01:00 DEBUG 66871 --- [users-service] [tomcat-handler-2] o.s.j.d.DataSourceTransactionManager     : Acquired Connection [HikariProxyConnection@1029327214 wrapping conn0: url=jdbc:h2:mem:mydb user=SA] for JDBC transaction
2025-03-29T11:37:10.401+01:00 DEBUG 66871 --- [users-service] [tomcat-handler-2] o.s.j.d.DataSourceTransactionManager     : Switching JDBC Connection [HikariProxyConnection@1029327214 wrapping conn0: url=jdbc:h2:mem:mydb user=SA] to manual commit
2025-03-29T11:37:10.424+01:00 DEBUG 66871 --- [users-service] [tomcat-handler-2] o.s.jdbc.core.JdbcTemplate               : Executing prepared SQL update
2025-03-29T11:37:10.424+01:00 DEBUG 66871 --- [users-service] [tomcat-handler-2] o.s.jdbc.core.JdbcTemplate               : Executing prepared SQL statement [UPDATE "otp_verification" SET "code" = ?, "user_id" = ?, "verified" = ?, "expires_at" = ?, "otp_type" = ?, "CREATED_DATE" = ?, "CREATED_BY" = ?, "LAST_MODIFIED_DATE" = ?, "LAST_MODIFIED_BY" = ?, "VERSION" = ? WHERE "otp_verification"."ID" = ? AND "otp_verification"."VERSION" = ?]
2025-03-29T11:37:10.424+01:00 DEBUG 66871 --- [users-service] [tomcat-handler-2] o.s.j.d.DataSourceTransactionManager     : Initiating transaction commit
2025-03-29T11:37:10.428+01:00 DEBUG 66871 --- [users-service] [tomcat-handler-2] o.s.j.d.DataSourceTransactionManager     : Committing JDBC transaction on Connection [HikariProxyConnection@1029327214 wrapping conn0: url=jdbc:h2:mem:mydb user=SA]
2025-03-29T11:37:10.429+01:00 DEBUG 66871 --- [users-service] [tomcat-handler-2] o.s.j.d.DataSourceTransactionManager     : Releasing JDBC Connection [HikariProxyConnection@1029327214 wrapping conn0: url=jdbc:h2:mem:mydb user=SA] after transaction
2025-03-29T11:37:10.429+01:00 DEBUG 66871 --- [users-service] [tomcat-handler-2] o.s.w.s.m.m.a.HttpEntityMethodProcessor  : Using 'application/json', given [*/*] and supported [application/json]
2025-03-29T11:37:10.430+01:00 DEBUG 66871 --- [users-service] [tomcat-handler-2] o.s.w.s.m.m.a.HttpEntityMethodProcessor  : Writing [AppResponse[timestamp=2025-03-29T11:37:10.429700, status=200 OK, message=Otp request verification pr (truncated)...]
2025-03-29T11:37:10.451+01:00 DEBUG 66871 --- [users-service] [tomcat-handler-2] o.s.web.servlet.DispatcherServlet        : Completed 200 OK
2025-03-29T11:37:17.859+01:00 DEBUG 66871 --- [users-service] [tomcat-handler-3] o.s.web.servlet.DispatcherServlet        : POST "/api/users/notification/otp/verify", parameters={}
2025-03-29T11:37:17.861+01:00 DEBUG 66871 --- [users-service] [tomcat-handler-3] s.w.s.m.m.a.RequestMappingHandlerMapping : Mapped to org.meristem.oneapp.usersservice.controllers.NotificationController#verifyOtp(VerifyOtpRequest)
2025-03-29T11:37:17.862+01:00 DEBUG 66871 --- [users-service] [tomcat-handler-3] m.m.a.RequestResponseBodyMethodProcessor : Read "application/json;charset=UTF-8" to [VerifyOtpRequest[otp=3275034, otpType=1, recipient=kingsleyog95@gmail.com]]
2025-03-29T11:37:17.863+01:00 DEBUG 66871 --- [users-service] [tomcat-handler-3] o.s.j.d.DataSourceTransactionManager     : Creating new transaction with name [org.springframework.data.jdbc.repository.support.SimpleJdbcRepository.findByOtpTypeAndCodeAndUserId]: PROPAGATION_REQUIRED,ISOLATION_DEFAULT,readOnly
2025-03-29T11:37:17.864+01:00 DEBUG 66871 --- [users-service] [tomcat-handler-3] o.s.j.d.DataSourceTransactionManager     : Acquired Connection [HikariProxyConnection@1863141403 wrapping conn0: url=jdbc:h2:mem:mydb user=SA] for JDBC transaction
2025-03-29T11:37:17.864+01:00 DEBUG 66871 --- [users-service] [tomcat-handler-3] o.s.jdbc.datasource.DataSourceUtils      : Setting JDBC Connection [HikariProxyConnection@1863141403 wrapping conn0: url=jdbc:h2:mem:mydb user=SA] read-only
2025-03-29T11:37:17.870+01:00 DEBUG 66871 --- [users-service] [tomcat-handler-3] o.s.j.d.DataSourceTransactionManager     : Switching JDBC Connection [HikariProxyConnection@1863141403 wrapping conn0: url=jdbc:h2:mem:mydb user=SA] to manual commit
2025-03-29T11:37:17.873+01:00 DEBUG 66871 --- [users-service] [tomcat-handler-3] o.s.jdbc.core.JdbcTemplate               : Executing prepared SQL query
2025-03-29T11:37:17.874+01:00 DEBUG 66871 --- [users-service] [tomcat-handler-3] o.s.jdbc.core.JdbcTemplate               : Executing prepared SQL statement [SELECT "otp_verification"."ID" AS "ID", "otp_verification"."code" AS "code", "otp_verification"."user_id" AS "user_id", "otp_verification"."otp_type" AS "otp_type", "otp_verification"."VERSION" AS "VERSION", "otp_verification"."verified" AS "verified", "otp_verification"."CREATED_BY" AS "CREATED_BY", "otp_verification"."expires_at" AS "expires_at", "otp_verification"."CREATED_DATE" AS "CREATED_DATE", "otp_verification"."LAST_MODIFIED_BY" AS "LAST_MODIFIED_BY", "otp_verification"."LAST_MODIFIED_DATE" AS "LAST_MODIFIED_DATE" FROM "otp_verification" WHERE "otp_verification"."otp_type" = ? AND ("otp_verification"."code" = ?) AND ("otp_verification"."user_id" = ?)]
2025-03-29T11:37:17.879+01:00 DEBUG 66871 --- [users-service] [tomcat-handler-3] o.s.j.d.DataSourceTransactionManager     : Initiating transaction commit
2025-03-29T11:37:17.880+01:00 DEBUG 66871 --- [users-service] [tomcat-handler-3] o.s.j.d.DataSourceTransactionManager     : Committing JDBC transaction on Connection [HikariProxyConnection@1863141403 wrapping conn0: url=jdbc:h2:mem:mydb user=SA]
2025-03-29T11:37:17.886+01:00 DEBUG 66871 --- [users-service] [tomcat-handler-3] o.s.jdbc.datasource.DataSourceUtils      : Resetting read-only flag of JDBC Connection [HikariProxyConnection@1863141403 wrapping conn0: url=jdbc:h2:mem:mydb user=SA]
2025-03-29T11:37:17.887+01:00 DEBUG 66871 --- [users-service] [tomcat-handler-3] o.s.j.d.DataSourceTransactionManager     : Releasing JDBC Connection [HikariProxyConnection@1863141403 wrapping conn0: url=jdbc:h2:mem:mydb user=SA] after transaction
2025-03-29T11:37:17.888+01:00 DEBUG 66871 --- [users-service] [tomcat-handler-3] o.s.w.s.m.m.a.HttpEntityMethodProcessor  : Using 'application/json', given [*/*] and supported [application/json]
2025-03-29T11:37:17.896+01:00 DEBUG 66871 --- [users-service] [tomcat-handler-3] o.s.w.s.m.m.a.HttpEntityMethodProcessor  : Writing [AppResponse[timestamp=2025-03-29T11:37:17.887688, status=200 OK, message=Otp request verification pr (truncated)...]
2025-03-29T11:37:17.897+01:00 DEBUG 66871 --- [users-service] [tomcat-handler-3] o.s.web.servlet.DispatcherServlet        : Completed 200 OK
2025-03-29T11:37:20.408+01:00 DEBUG 66871 --- [users-service] [tomcat-handler-4] o.s.web.servlet.DispatcherServlet        : POST "/api/users/notification/otp/verify", parameters={}
2025-03-29T11:37:20.409+01:00 DEBUG 66871 --- [users-service] [tomcat-handler-4] s.w.s.m.m.a.RequestMappingHandlerMapping : Mapped to org.meristem.oneapp.usersservice.controllers.NotificationController#verifyOtp(VerifyOtpRequest)
2025-03-29T11:37:20.410+01:00 DEBUG 66871 --- [users-service] [tomcat-handler-4] m.m.a.RequestResponseBodyMethodProcessor : Read "application/json;charset=UTF-8" to [VerifyOtpRequest[otp=3275034, otpType=1, recipient=kingsleyog95@gmail.com]]
2025-03-29T11:37:20.411+01:00 DEBUG 66871 --- [users-service] [tomcat-handler-4] o.s.j.d.DataSourceTransactionManager     : Creating new transaction with name [org.springframework.data.jdbc.repository.support.SimpleJdbcRepository.findByOtpTypeAndCodeAndUserId]: PROPAGATION_REQUIRED,ISOLATION_DEFAULT,readOnly
2025-03-29T11:37:20.411+01:00 DEBUG 66871 --- [users-service] [tomcat-handler-4] o.s.j.d.DataSourceTransactionManager     : Acquired Connection [HikariProxyConnection@246183028 wrapping conn0: url=jdbc:h2:mem:mydb user=SA] for JDBC transaction
2025-03-29T11:37:20.411+01:00 DEBUG 66871 --- [users-service] [tomcat-handler-4] o.s.jdbc.datasource.DataSourceUtils      : Setting JDBC Connection [HikariProxyConnection@246183028 wrapping conn0: url=jdbc:h2:mem:mydb user=SA] read-only
2025-03-29T11:37:20.411+01:00 DEBUG 66871 --- [users-service] [tomcat-handler-4] o.s.j.d.DataSourceTransactionManager     : Switching JDBC Connection [HikariProxyConnection@246183028 wrapping conn0: url=jdbc:h2:mem:mydb user=SA] to manual commit
2025-03-29T11:37:20.423+01:00 DEBUG 66871 --- [users-service] [tomcat-handler-4] o.s.jdbc.core.JdbcTemplate               : Executing prepared SQL query
2025-03-29T11:37:20.423+01:00 DEBUG 66871 --- [users-service] [tomcat-handler-4] o.s.jdbc.core.JdbcTemplate               : Executing prepared SQL statement [SELECT "otp_verification"."ID" AS "ID", "otp_verification"."code" AS "code", "otp_verification"."user_id" AS "user_id", "otp_verification"."otp_type" AS "otp_type", "otp_verification"."VERSION" AS "VERSION", "otp_verification"."verified" AS "verified", "otp_verification"."CREATED_BY" AS "CREATED_BY", "otp_verification"."expires_at" AS "expires_at", "otp_verification"."CREATED_DATE" AS "CREATED_DATE", "otp_verification"."LAST_MODIFIED_BY" AS "LAST_MODIFIED_BY", "otp_verification"."LAST_MODIFIED_DATE" AS "LAST_MODIFIED_DATE" FROM "otp_verification" WHERE "otp_verification"."otp_type" = ? AND ("otp_verification"."code" = ?) AND ("otp_verification"."user_id" = ?)]
2025-03-29T11:37:20.439+01:00 DEBUG 66871 --- [users-service] [tomcat-handler-4] o.s.j.d.DataSourceTransactionManager     : Initiating transaction commit
2025-03-29T11:37:20.439+01:00 DEBUG 66871 --- [users-service] [tomcat-handler-4] o.s.j.d.DataSourceTransactionManager     : Committing JDBC transaction on Connection [HikariProxyConnection@246183028 wrapping conn0: url=jdbc:h2:mem:mydb user=SA]
2025-03-29T11:37:20.440+01:00 DEBUG 66871 --- [users-service] [tomcat-handler-4] o.s.jdbc.datasource.DataSourceUtils      : Resetting read-only flag of JDBC Connection [HikariProxyConnection@246183028 wrapping conn0: url=jdbc:h2:mem:mydb user=SA]
2025-03-29T11:37:20.445+01:00 DEBUG 66871 --- [users-service] [tomcat-handler-4] o.s.j.d.DataSourceTransactionManager     : Releasing JDBC Connection [HikariProxyConnection@246183028 wrapping conn0: url=jdbc:h2:mem:mydb user=SA] after transaction
2025-03-29T11:37:20.445+01:00 DEBUG 66871 --- [users-service] [tomcat-handler-4] o.s.w.s.m.m.a.HttpEntityMethodProcessor  : Using 'application/json', given [*/*] and supported [application/json]
2025-03-29T11:37:20.446+01:00 DEBUG 66871 --- [users-service] [tomcat-handler-4] o.s.w.s.m.m.a.HttpEntityMethodProcessor  : Writing [AppResponse[timestamp=2025-03-29T11:37:20.445477, status=200 OK, message=Otp request verification pr (truncated)...]
2025-03-29T11:37:20.459+01:00 DEBUG 66871 --- [users-service] [tomcat-handler-4] o.s.web.servlet.DispatcherServlet        : Completed 200 OK
2025-03-29T11:37:23.136+01:00 DEBUG 66871 --- [users-service] [HikariPool-1 housekeeper] com.zaxxer.hikari.pool.HikariPool        : HikariPool-1 - Pool stats (total=10, active=0, idle=10, waiting=0)
2025-03-29T11:37:23.137+01:00 DEBUG 66871 --- [users-service] [HikariPool-1 housekeeper] com.zaxxer.hikari.pool.HikariPool        : HikariPool-1 - Fill pool skipped, pool has sufficient level or currently being filled.
2025-03-29T11:37:29.031+01:00 DEBUG 66871 --- [users-service] [tomcat-handler-5] o.s.web.servlet.DispatcherServlet        : POST "/api/users/notification/otp/verify", parameters={}
2025-03-29T11:37:29.032+01:00 DEBUG 66871 --- [users-service] [tomcat-handler-5] s.w.s.m.m.a.RequestMappingHandlerMapping : Mapped to org.meristem.oneapp.usersservice.controllers.NotificationController#verifyOtp(VerifyOtpRequest)
2025-03-29T11:37:29.034+01:00 DEBUG 66871 --- [users-service] [tomcat-handler-5] m.m.a.RequestResponseBodyMethodProcessor : Read "application/json;charset=UTF-8" to [VerifyOtpRequest[otp=3275033, otpType=1, recipient=kingsleyog95@gmail.com]]
2025-03-29T11:37:29.035+01:00 DEBUG 66871 --- [users-service] [tomcat-handler-5] o.s.j.d.DataSourceTransactionManager     : Creating new transaction with name [org.springframework.data.jdbc.repository.support.SimpleJdbcRepository.findByOtpTypeAndCodeAndUserId]: PROPAGATION_REQUIRED,ISOLATION_DEFAULT,readOnly
2025-03-29T11:37:29.036+01:00 DEBUG 66871 --- [users-service] [tomcat-handler-5] o.s.j.d.DataSourceTransactionManager     : Acquired Connection [HikariProxyConnection@2018101993 wrapping conn0: url=jdbc:h2:mem:mydb user=SA] for JDBC transaction
2025-03-29T11:37:29.047+01:00 DEBUG 66871 --- [users-service] [tomcat-handler-5] o.s.jdbc.datasource.DataSourceUtils      : Setting JDBC Connection [HikariProxyConnection@2018101993 wrapping conn0: url=jdbc:h2:mem:mydb user=SA] read-only
2025-03-29T11:37:29.047+01:00 DEBUG 66871 --- [users-service] [tomcat-handler-5] o.s.j.d.DataSourceTransactionManager     : Switching JDBC Connection [HikariProxyConnection@2018101993 wrapping conn0: url=jdbc:h2:mem:mydb user=SA] to manual commit
2025-03-29T11:37:29.050+01:00 DEBUG 66871 --- [users-service] [tomcat-handler-5] o.s.jdbc.core.JdbcTemplate               : Executing prepared SQL query
2025-03-29T11:37:29.053+01:00 DEBUG 66871 --- [users-service] [tomcat-handler-5] o.s.jdbc.core.JdbcTemplate               : Executing prepared SQL statement [SELECT "otp_verification"."ID" AS "ID", "otp_verification"."code" AS "code", "otp_verification"."user_id" AS "user_id", "otp_verification"."otp_type" AS "otp_type", "otp_verification"."VERSION" AS "VERSION", "otp_verification"."verified" AS "verified", "otp_verification"."CREATED_BY" AS "CREATED_BY", "otp_verification"."expires_at" AS "expires_at", "otp_verification"."CREATED_DATE" AS "CREATED_DATE", "otp_verification"."LAST_MODIFIED_BY" AS "LAST_MODIFIED_BY", "otp_verification"."LAST_MODIFIED_DATE" AS "LAST_MODIFIED_DATE" FROM "otp_verification" WHERE "otp_verification"."otp_type" = ? AND ("otp_verification"."code" = ?) AND ("otp_verification"."user_id" = ?)]
2025-03-29T11:37:29.056+01:00 DEBUG 66871 --- [users-service] [tomcat-handler-5] o.s.j.d.DataSourceTransactionManager     : Initiating transaction commit
2025-03-29T11:37:29.079+01:00 DEBUG 66871 --- [users-service] [tomcat-handler-5] o.s.j.d.DataSourceTransactionManager     : Committing JDBC transaction on Connection [HikariProxyConnection@2018101993 wrapping conn0: url=jdbc:h2:mem:mydb user=SA]
2025-03-29T11:37:29.080+01:00 DEBUG 66871 --- [users-service] [tomcat-handler-5] o.s.jdbc.datasource.DataSourceUtils      : Resetting read-only flag of JDBC Connection [HikariProxyConnection@2018101993 wrapping conn0: url=jdbc:h2:mem:mydb user=SA]
2025-03-29T11:37:29.080+01:00 DEBUG 66871 --- [users-service] [tomcat-handler-5] o.s.j.d.DataSourceTransactionManager     : Releasing JDBC Connection [HikariProxyConnection@2018101993 wrapping conn0: url=jdbc:h2:mem:mydb user=SA] after transaction
2025-03-29T11:37:29.094+01:00 DEBUG 66871 --- [users-service] [tomcat-handler-5] .m.m.a.ExceptionHandlerExceptionResolver : Using @ExceptionHandler org.meristem.oneapp.usersservice.exceptionHandler.GlobalControllerAdvice#handleUserNotFoundException(ResourceNotFoundException, WebRequest)
2025-03-29T11:37:29.107+01:00 DEBUG 66871 --- [users-service] [tomcat-handler-5] o.s.w.s.m.m.a.HttpEntityMethodProcessor  : Using 'application/json', given [*/*] and supported [application/json, application/*+json, application/yaml]
2025-03-29T11:37:29.109+01:00 DEBUG 66871 --- [users-service] [tomcat-handler-5] o.s.w.s.m.m.a.HttpEntityMethodProcessor  : Writing [ErrorDetails[date=2025-03-29T11:37:29.097262, message=Otp not found..., description=uri=/api/users/n (truncated)...]
2025-03-29T11:37:29.115+01:00  WARN 66871 --- [users-service] [tomcat-handler-5] .m.m.a.ExceptionHandlerExceptionResolver : Resolved [org.meristem.oneapp.usersservice.exceptionHandler.exceptions.ResourceNotFoundException: Otp not found]
2025-03-29T11:37:29.115+01:00 DEBUG 66871 --- [users-service] [tomcat-handler-5] o.s.web.servlet.DispatcherServlet        : Completed 404 NOT_FOUND
2025-03-29T11:37:53.144+01:00 DEBUG 66871 --- [users-service] [HikariPool-1 housekeeper] com.zaxxer.hikari.pool.HikariPool        : HikariPool-1 - Pool stats (total=10, active=0, idle=10, waiting=0)
2025-03-29T11:37:53.148+01:00 DEBUG 66871 --- [users-service] [HikariPool-1 housekeeper] com.zaxxer.hikari.pool.HikariPool        : HikariPool-1 - Fill pool skipped, pool has sufficient level or currently being filled.
2025-03-29T11:38:23.153+01:00 DEBUG 66871 --- [users-service] [HikariPool-1 housekeeper] com.zaxxer.hikari.pool.HikariPool        : HikariPool-1 - Pool stats (total=10, active=0, idle=10, waiting=0)
2025-03-29T11:38:23.155+01:00 DEBUG 66871 --- [users-service] [HikariPool-1 housekeeper] com.zaxxer.hikari.pool.HikariPool        : HikariPool-1 - Fill pool skipped, pool has sufficient level or currently being filled.
2025-03-29T11:38:53.159+01:00 DEBUG 66871 --- [users-service] [HikariPool-1 housekeeper] com.zaxxer.hikari.pool.HikariPool        : HikariPool-1 - Pool stats (total=10, active=0, idle=10, waiting=0)
2025-03-29T11:38:53.161+01:00 DEBUG 66871 --- [users-service] [HikariPool-1 housekeeper] com.zaxxer.hikari.pool.HikariPool        : HikariPool-1 - Fill pool skipped, pool has sufficient level or currently being filled.
2025-03-29T11:39:23.164+01:00 DEBUG 66871 --- [users-service] [HikariPool-1 housekeeper] com.zaxxer.hikari.pool.HikariPool        : HikariPool-1 - Pool stats (total=10, active=0, idle=10, waiting=0)
2025-03-29T11:39:23.165+01:00 DEBUG 66871 --- [users-service] [HikariPool-1 housekeeper] com.zaxxer.hikari.pool.HikariPool        : HikariPool-1 - Fill pool skipped, pool has sufficient level or currently being filled.
2025-03-29T11:39:38.812+01:00 DEBUG 66871 --- [users-service] [tomcat-handler-7] o.s.web.servlet.DispatcherServlet        : POST "/api/users/notification/otp", parameters={}
2025-03-29T11:39:38.820+01:00 DEBUG 66871 --- [users-service] [tomcat-handler-7] s.w.s.m.m.a.RequestMappingHandlerMapping : Mapped to org.meristem.oneapp.usersservice.controllers.NotificationController#sendOtp(SendOtpRequest)
2025-03-29T11:39:38.829+01:00 DEBUG 66871 --- [users-service] [tomcat-handler-7] m.m.a.RequestResponseBodyMethodProcessor : Read "application/json;charset=UTF-8" to [SendOtpRequest[otpType=1, recipient=kingsleyog95@gmail.com]]
2025-03-29T11:39:38.845+01:00 DEBUG 66871 --- [users-service] [tomcat-handler-7] o.s.j.d.DataSourceTransactionManager     : Creating new transaction with name [org.meristem.oneapp.usersservice.services.NotificationService.sendOtp]: PROPAGATION_REQUIRED,ISOLATION_DEFAULT
2025-03-29T11:39:38.846+01:00 DEBUG 66871 --- [users-service] [tomcat-handler-7] o.s.j.d.DataSourceTransactionManager     : Acquired Connection [HikariProxyConnection@814246829 wrapping conn0: url=jdbc:h2:mem:mydb user=SA] for JDBC transaction
2025-03-29T11:39:38.846+01:00 DEBUG 66871 --- [users-service] [tomcat-handler-7] o.s.j.d.DataSourceTransactionManager     : Switching JDBC Connection [HikariProxyConnection@814246829 wrapping conn0: url=jdbc:h2:mem:mydb user=SA] to manual commit
2025-03-29T11:39:38.894+01:00 DEBUG 66871 --- [users-service] [tomcat-handler-7] o.s.j.d.DataSourceTransactionManager     : Participating in existing transaction
2025-03-29T11:39:38.894+01:00 DEBUG 66871 --- [users-service] [tomcat-handler-7] o.s.jdbc.core.JdbcTemplate               : Executing prepared SQL update
2025-03-29T11:39:38.894+01:00 DEBUG 66871 --- [users-service] [tomcat-handler-7] o.s.jdbc.core.JdbcTemplate               : Executing prepared SQL statement [UPDATE otp_verification SET expires_at = ? WHERE id = (SELECT id FROM otp_verification WHERE user_id = ? AND otp_type = ? ORDER BY expires_at DESC LIMIT 1)]
2025-03-29T11:39:38.917+01:00 DEBUG 66871 --- [users-service] [tomcat-handler-7] o.s.j.d.DataSourceTransactionManager     : Participating in existing transaction
2025-03-29T11:39:38.924+01:00 DEBUG 66871 --- [users-service] [tomcat-handler-7] o.s.jdbc.core.JdbcTemplate               : Executing SQL update and returning generated keys
2025-03-29T11:39:38.924+01:00 DEBUG 66871 --- [users-service] [tomcat-handler-7] o.s.jdbc.core.JdbcTemplate               : Executing prepared SQL statement [INSERT INTO "otp_verification" ("code", "CREATED_BY", "CREATED_DATE", "expires_at", "LAST_MODIFIED_BY", "LAST_MODIFIED_DATE", "otp_type", "user_id", "verified", "VERSION") VALUES (?, ?, ?, ?, ?, ?, ?, ?, ?, ?)]
2025-03-29T11:39:38.926+01:00 DEBUG 66871 --- [users-service] [tomcat-handler-7] o.s.j.d.DataSourceTransactionManager     : Initiating transaction commit
2025-03-29T11:39:38.945+01:00 DEBUG 66871 --- [users-service] [tomcat-handler-7] o.s.j.d.DataSourceTransactionManager     : Committing JDBC transaction on Connection [HikariProxyConnection@814246829 wrapping conn0: url=jdbc:h2:mem:mydb user=SA]
2025-03-29T11:39:38.946+01:00 DEBUG 66871 --- [users-service] [tomcat-handler-7] o.s.j.d.DataSourceTransactionManager     : Releasing JDBC Connection [HikariProxyConnection@814246829 wrapping conn0: url=jdbc:h2:mem:mydb user=SA] after transaction
2025-03-29T11:39:38.946+01:00 DEBUG 66871 --- [users-service] [tomcat-handler-7] o.s.w.s.m.m.a.HttpEntityMethodProcessor  : Using 'application/json', given [*/*] and supported [application/json]
2025-03-29T11:39:38.957+01:00 DEBUG 66871 --- [users-service] [tomcat-handler-7] o.s.w.s.m.m.a.HttpEntityMethodProcessor  : Writing [AppResponse[timestamp=2025-03-29T11:39:38.946252, status=200 OK, message=Otp sent to kingsleyog95@gm (truncated)...]
2025-03-29T11:39:38.962+01:00 DEBUG 66871 --- [users-service] [tomcat-handler-7] o.s.web.servlet.DispatcherServlet        : Completed 200 OK
2025-03-29T11:39:53.170+01:00 DEBUG 66871 --- [users-service] [HikariPool-1 housekeeper] com.zaxxer.hikari.pool.HikariPool        : HikariPool-1 - Pool stats (total=10, active=0, idle=10, waiting=0)
2025-03-29T11:39:53.171+01:00 DEBUG 66871 --- [users-service] [HikariPool-1 housekeeper] com.zaxxer.hikari.pool.HikariPool        : HikariPool-1 - Fill pool skipped, pool has sufficient level or currently being filled.
2025-03-29T11:40:16.868+01:00 DEBUG 66871 --- [users-service] [tomcat-handler-8] o.s.web.servlet.DispatcherServlet        : POST "/api/users/notification/otp/verify", parameters={}
2025-03-29T11:40:16.871+01:00 DEBUG 66871 --- [users-service] [tomcat-handler-8] s.w.s.m.m.a.RequestMappingHandlerMapping : Mapped to org.meristem.oneapp.usersservice.controllers.NotificationController#verifyOtp(VerifyOtpRequest)
2025-03-29T11:40:16.873+01:00 DEBUG 66871 --- [users-service] [tomcat-handler-8] m.m.a.RequestResponseBodyMethodProcessor : Read "application/json;charset=UTF-8" to [VerifyOtpRequest[otp=2390669, otpType=1, recipient=kingsleyog95@gmail.com]]
2025-03-29T11:40:16.875+01:00 DEBUG 66871 --- [users-service] [tomcat-handler-8] o.s.j.d.DataSourceTransactionManager     : Creating new transaction with name [org.springframework.data.jdbc.repository.support.SimpleJdbcRepository.findByOtpTypeAndCodeAndUserId]: PROPAGATION_REQUIRED,ISOLATION_DEFAULT,readOnly
2025-03-29T11:40:16.875+01:00 DEBUG 66871 --- [users-service] [tomcat-handler-8] o.s.j.d.DataSourceTransactionManager     : Acquired Connection [HikariProxyConnection@1523767518 wrapping conn0: url=jdbc:h2:mem:mydb user=SA] for JDBC transaction
2025-03-29T11:40:16.875+01:00 DEBUG 66871 --- [users-service] [tomcat-handler-8] o.s.jdbc.datasource.DataSourceUtils      : Setting JDBC Connection [HikariProxyConnection@1523767518 wrapping conn0: url=jdbc:h2:mem:mydb user=SA] read-only
2025-03-29T11:40:16.887+01:00 DEBUG 66871 --- [users-service] [tomcat-handler-8] o.s.j.d.DataSourceTransactionManager     : Switching JDBC Connection [HikariProxyConnection@1523767518 wrapping conn0: url=jdbc:h2:mem:mydb user=SA] to manual commit
2025-03-29T11:40:16.890+01:00 DEBUG 66871 --- [users-service] [tomcat-handler-8] o.s.jdbc.core.JdbcTemplate               : Executing prepared SQL query
2025-03-29T11:40:16.890+01:00 DEBUG 66871 --- [users-service] [tomcat-handler-8] o.s.jdbc.core.JdbcTemplate               : Executing prepared SQL statement [SELECT "otp_verification"."ID" AS "ID", "otp_verification"."code" AS "code", "otp_verification"."user_id" AS "user_id", "otp_verification"."otp_type" AS "otp_type", "otp_verification"."VERSION" AS "VERSION", "otp_verification"."verified" AS "verified", "otp_verification"."CREATED_BY" AS "CREATED_BY", "otp_verification"."expires_at" AS "expires_at", "otp_verification"."CREATED_DATE" AS "CREATED_DATE", "otp_verification"."LAST_MODIFIED_BY" AS "LAST_MODIFIED_BY", "otp_verification"."LAST_MODIFIED_DATE" AS "LAST_MODIFIED_DATE" FROM "otp_verification" WHERE "otp_verification"."otp_type" = ? AND ("otp_verification"."code" = ?) AND ("otp_verification"."user_id" = ?)]
2025-03-29T11:40:16.897+01:00 DEBUG 66871 --- [users-service] [tomcat-handler-8] o.s.j.d.DataSourceTransactionManager     : Initiating transaction commit
2025-03-29T11:40:16.898+01:00 DEBUG 66871 --- [users-service] [tomcat-handler-8] o.s.j.d.DataSourceTransactionManager     : Committing JDBC transaction on Connection [HikariProxyConnection@1523767518 wrapping conn0: url=jdbc:h2:mem:mydb user=SA]
2025-03-29T11:40:16.917+01:00 DEBUG 66871 --- [users-service] [tomcat-handler-8] o.s.jdbc.datasource.DataSourceUtils      : Resetting read-only flag of JDBC Connection [HikariProxyConnection@1523767518 wrapping conn0: url=jdbc:h2:mem:mydb user=SA]
2025-03-29T11:40:16.917+01:00 DEBUG 66871 --- [users-service] [tomcat-handler-8] o.s.j.d.DataSourceTransactionManager     : Releasing JDBC Connection [HikariProxyConnection@1523767518 wrapping conn0: url=jdbc:h2:mem:mydb user=SA] after transaction
2025-03-29T11:40:16.917+01:00 DEBUG 66871 --- [users-service] [tomcat-handler-8] o.s.j.d.DataSourceTransactionManager     : Creating new transaction with name [org.springframework.data.jdbc.repository.support.SimpleJdbcRepository.save]: PROPAGATION_REQUIRED,ISOLATION_DEFAULT
2025-03-29T11:40:16.954+01:00 DEBUG 66871 --- [users-service] [tomcat-handler-8] o.s.j.d.DataSourceTransactionManager     : Acquired Connection [HikariProxyConnection@1500514716 wrapping conn0: url=jdbc:h2:mem:mydb user=SA] for JDBC transaction
2025-03-29T11:40:16.954+01:00 DEBUG 66871 --- [users-service] [tomcat-handler-8] o.s.j.d.DataSourceTransactionManager     : Switching JDBC Connection [HikariProxyConnection@1500514716 wrapping conn0: url=jdbc:h2:mem:mydb user=SA] to manual commit
2025-03-29T11:40:16.957+01:00 DEBUG 66871 --- [users-service] [tomcat-handler-8] o.s.jdbc.core.JdbcTemplate               : Executing prepared SQL update
2025-03-29T11:40:16.957+01:00 DEBUG 66871 --- [users-service] [tomcat-handler-8] o.s.jdbc.core.JdbcTemplate               : Executing prepared SQL statement [UPDATE "otp_verification" SET "code" = ?, "user_id" = ?, "verified" = ?, "expires_at" = ?, "otp_type" = ?, "CREATED_DATE" = ?, "CREATED_BY" = ?, "LAST_MODIFIED_DATE" = ?, "LAST_MODIFIED_BY" = ?, "VERSION" = ? WHERE "otp_verification"."ID" = ? AND "otp_verification"."VERSION" = ?]
2025-03-29T11:40:16.999+01:00 DEBUG 66871 --- [users-service] [tomcat-handler-8] o.s.j.d.DataSourceTransactionManager     : Initiating transaction commit
2025-03-29T11:40:16.999+01:00 DEBUG 66871 --- [users-service] [tomcat-handler-8] o.s.j.d.DataSourceTransactionManager     : Committing JDBC transaction on Connection [HikariProxyConnection@1500514716 wrapping conn0: url=jdbc:h2:mem:mydb user=SA]
2025-03-29T11:40:17.005+01:00 DEBUG 66871 --- [users-service] [tomcat-handler-8] o.s.j.d.DataSourceTransactionManager     : Releasing JDBC Connection [HikariProxyConnection@1500514716 wrapping conn0: url=jdbc:h2:mem:mydb user=SA] after transaction
2025-03-29T11:40:17.007+01:00 DEBUG 66871 --- [users-service] [tomcat-handler-8] o.s.w.s.m.m.a.HttpEntityMethodProcessor  : Using 'application/json', given [*/*] and supported [application/json]
2025-03-29T11:40:17.008+01:00 DEBUG 66871 --- [users-service] [tomcat-handler-8] o.s.w.s.m.m.a.HttpEntityMethodProcessor  : Writing [AppResponse[timestamp=2025-03-29T11:40:17.006336, status=200 OK, message=Otp request verification pr (truncated)...]
2025-03-29T11:40:17.013+01:00 DEBUG 66871 --- [users-service] [tomcat-handler-8] o.s.web.servlet.DispatcherServlet        : Completed 200 OK
2025-03-29T11:40:23.175+01:00 DEBUG 66871 --- [users-service] [HikariPool-1 housekeeper] com.zaxxer.hikari.pool.HikariPool        : HikariPool-1 - Pool stats (total=10, active=0, idle=10, waiting=0)
2025-03-29T11:40:23.175+01:00 DEBUG 66871 --- [users-service] [HikariPool-1 housekeeper] com.zaxxer.hikari.pool.HikariPool        : HikariPool-1 - Fill pool skipped, pool has sufficient level or currently being filled.
2025-03-29T11:40:30.199+01:00 DEBUG 66871 --- [users-service] [tomcat-handler-9] o.s.web.servlet.DispatcherServlet        : POST "/api/users/notification/otp/verify", parameters={}
2025-03-29T11:40:30.201+01:00 DEBUG 66871 --- [users-service] [tomcat-handler-9] s.w.s.m.m.a.RequestMappingHandlerMapping : Mapped to org.meristem.oneapp.usersservice.controllers.NotificationController#verifyOtp(VerifyOtpRequest)
2025-03-29T11:40:30.204+01:00 DEBUG 66871 --- [users-service] [tomcat-handler-9] m.m.a.RequestResponseBodyMethodProcessor : Read "application/json;charset=UTF-8" to [VerifyOtpRequest[otp=2390669, otpType=1, recipient=kingsleyog95@gmail.com]]
2025-03-29T11:40:30.205+01:00 DEBUG 66871 --- [users-service] [tomcat-handler-9] o.s.j.d.DataSourceTransactionManager     : Creating new transaction with name [org.springframework.data.jdbc.repository.support.SimpleJdbcRepository.findByOtpTypeAndCodeAndUserId]: PROPAGATION_REQUIRED,ISOLATION_DEFAULT,readOnly
2025-03-29T11:40:30.206+01:00 DEBUG 66871 --- [users-service] [tomcat-handler-9] o.s.j.d.DataSourceTransactionManager     : Acquired Connection [HikariProxyConnection@753009493 wrapping conn0: url=jdbc:h2:mem:mydb user=SA] for JDBC transaction
2025-03-29T11:40:30.207+01:00 DEBUG 66871 --- [users-service] [tomcat-handler-9] o.s.jdbc.datasource.DataSourceUtils      : Setting JDBC Connection [HikariProxyConnection@753009493 wrapping conn0: url=jdbc:h2:mem:mydb user=SA] read-only
2025-03-29T11:40:30.221+01:00 DEBUG 66871 --- [users-service] [tomcat-handler-9] o.s.j.d.DataSourceTransactionManager     : Switching JDBC Connection [HikariProxyConnection@753009493 wrapping conn0: url=jdbc:h2:mem:mydb user=SA] to manual commit
2025-03-29T11:40:30.223+01:00 DEBUG 66871 --- [users-service] [tomcat-handler-9] o.s.jdbc.core.JdbcTemplate               : Executing prepared SQL query
2025-03-29T11:40:30.223+01:00 DEBUG 66871 --- [users-service] [tomcat-handler-9] o.s.jdbc.core.JdbcTemplate               : Executing prepared SQL statement [SELECT "otp_verification"."ID" AS "ID", "otp_verification"."code" AS "code", "otp_verification"."user_id" AS "user_id", "otp_verification"."otp_type" AS "otp_type", "otp_verification"."VERSION" AS "VERSION", "otp_verification"."verified" AS "verified", "otp_verification"."CREATED_BY" AS "CREATED_BY", "otp_verification"."expires_at" AS "expires_at", "otp_verification"."CREATED_DATE" AS "CREATED_DATE", "otp_verification"."LAST_MODIFIED_BY" AS "LAST_MODIFIED_BY", "otp_verification"."LAST_MODIFIED_DATE" AS "LAST_MODIFIED_DATE" FROM "otp_verification" WHERE "otp_verification"."otp_type" = ? AND ("otp_verification"."code" = ?) AND ("otp_verification"."user_id" = ?)]
2025-03-29T11:40:30.254+01:00 DEBUG 66871 --- [users-service] [tomcat-handler-9] o.s.j.d.DataSourceTransactionManager     : Initiating transaction commit
2025-03-29T11:40:30.254+01:00 DEBUG 66871 --- [users-service] [tomcat-handler-9] o.s.j.d.DataSourceTransactionManager     : Committing JDBC transaction on Connection [HikariProxyConnection@753009493 wrapping conn0: url=jdbc:h2:mem:mydb user=SA]
2025-03-29T11:40:30.259+01:00 DEBUG 66871 --- [users-service] [tomcat-handler-9] o.s.jdbc.datasource.DataSourceUtils      : Resetting read-only flag of JDBC Connection [HikariProxyConnection@753009493 wrapping conn0: url=jdbc:h2:mem:mydb user=SA]
2025-03-29T11:40:30.260+01:00 DEBUG 66871 --- [users-service] [tomcat-handler-9] o.s.j.d.DataSourceTransactionManager     : Releasing JDBC Connection [HikariProxyConnection@753009493 wrapping conn0: url=jdbc:h2:mem:mydb user=SA] after transaction
2025-03-29T11:40:30.260+01:00 DEBUG 66871 --- [users-service] [tomcat-handler-9] o.s.w.s.m.m.a.HttpEntityMethodProcessor  : Using 'application/json', given [*/*] and supported [application/json]
2025-03-29T11:40:30.271+01:00 DEBUG 66871 --- [users-service] [tomcat-handler-9] o.s.w.s.m.m.a.HttpEntityMethodProcessor  : Writing [AppResponse[timestamp=2025-03-29T11:40:30.260271, status=200 OK, message=Otp request verification pr (truncated)...]
2025-03-29T11:40:30.272+01:00 DEBUG 66871 --- [users-service] [tomcat-handler-9] o.s.web.servlet.DispatcherServlet        : Completed 200 OK
2025-03-29T11:40:38.077+01:00 DEBUG 66871 --- [users-service] [tomcat-handler-10] o.s.web.servlet.DispatcherServlet        : POST "/api/users/notification/otp/verify", parameters={}
2025-03-29T11:40:38.082+01:00 DEBUG 66871 --- [users-service] [tomcat-handler-10] s.w.s.m.m.a.RequestMappingHandlerMapping : Mapped to org.meristem.oneapp.usersservice.controllers.NotificationController#verifyOtp(VerifyOtpRequest)
2025-03-29T11:40:38.085+01:00 DEBUG 66871 --- [users-service] [tomcat-handler-10] m.m.a.RequestResponseBodyMethodProcessor : Read "application/json;charset=UTF-8" to [VerifyOtpRequest[otp=2390669, otpType=1, recipient=kingsleyog95@gmail.com]]
2025-03-29T11:40:38.087+01:00 DEBUG 66871 --- [users-service] [tomcat-handler-10] o.s.j.d.DataSourceTransactionManager     : Creating new transaction with name [org.springframework.data.jdbc.repository.support.SimpleJdbcRepository.findByOtpTypeAndCodeAndUserId]: PROPAGATION_REQUIRED,ISOLATION_DEFAULT,readOnly
2025-03-29T11:40:38.088+01:00 DEBUG 66871 --- [users-service] [tomcat-handler-10] o.s.j.d.DataSourceTransactionManager     : Acquired Connection [HikariProxyConnection@1495805541 wrapping conn0: url=jdbc:h2:mem:mydb user=SA] for JDBC transaction
2025-03-29T11:40:38.088+01:00 DEBUG 66871 --- [users-service] [tomcat-handler-10] o.s.jdbc.datasource.DataSourceUtils      : Setting JDBC Connection [HikariProxyConnection@1495805541 wrapping conn0: url=jdbc:h2:mem:mydb user=SA] read-only
2025-03-29T11:40:38.088+01:00 DEBUG 66871 --- [users-service] [tomcat-handler-10] o.s.j.d.DataSourceTransactionManager     : Switching JDBC Connection [HikariProxyConnection@1495805541 wrapping conn0: url=jdbc:h2:mem:mydb user=SA] to manual commit
2025-03-29T11:40:38.092+01:00 DEBUG 66871 --- [users-service] [tomcat-handler-10] o.s.jdbc.core.JdbcTemplate               : Executing prepared SQL query
2025-03-29T11:40:38.092+01:00 DEBUG 66871 --- [users-service] [tomcat-handler-10] o.s.jdbc.core.JdbcTemplate               : Executing prepared SQL statement [SELECT "otp_verification"."ID" AS "ID", "otp_verification"."code" AS "code", "otp_verification"."user_id" AS "user_id", "otp_verification"."otp_type" AS "otp_type", "otp_verification"."VERSION" AS "VERSION", "otp_verification"."verified" AS "verified", "otp_verification"."CREATED_BY" AS "CREATED_BY", "otp_verification"."expires_at" AS "expires_at", "otp_verification"."CREATED_DATE" AS "CREATED_DATE", "otp_verification"."LAST_MODIFIED_BY" AS "LAST_MODIFIED_BY", "otp_verification"."LAST_MODIFIED_DATE" AS "LAST_MODIFIED_DATE" FROM "otp_verification" WHERE "otp_verification"."otp_type" = ? AND ("otp_verification"."code" = ?) AND ("otp_verification"."user_id" = ?)]
2025-03-29T11:40:38.099+01:00 DEBUG 66871 --- [users-service] [tomcat-handler-10] o.s.j.d.DataSourceTransactionManager     : Initiating transaction commit
2025-03-29T11:40:38.099+01:00 DEBUG 66871 --- [users-service] [tomcat-handler-10] o.s.j.d.DataSourceTransactionManager     : Committing JDBC transaction on Connection [HikariProxyConnection@1495805541 wrapping conn0: url=jdbc:h2:mem:mydb user=SA]
2025-03-29T11:40:38.099+01:00 DEBUG 66871 --- [users-service] [tomcat-handler-10] o.s.jdbc.datasource.DataSourceUtils      : Resetting read-only flag of JDBC Connection [HikariProxyConnection@1495805541 wrapping conn0: url=jdbc:h2:mem:mydb user=SA]
2025-03-29T11:40:38.124+01:00 DEBUG 66871 --- [users-service] [tomcat-handler-10] o.s.j.d.DataSourceTransactionManager     : Releasing JDBC Connection [HikariProxyConnection@1495805541 wrapping conn0: url=jdbc:h2:mem:mydb user=SA] after transaction
2025-03-29T11:40:38.125+01:00 DEBUG 66871 --- [users-service] [tomcat-handler-10] o.s.w.s.m.m.a.HttpEntityMethodProcessor  : Using 'application/json', given [*/*] and supported [application/json]
2025-03-29T11:40:38.126+01:00 DEBUG 66871 --- [users-service] [tomcat-handler-10] o.s.w.s.m.m.a.HttpEntityMethodProcessor  : Writing [AppResponse[timestamp=2025-03-29T11:40:38.124830, status=200 OK, message=Otp request verification pr (truncated)...]
2025-03-29T11:40:38.137+01:00 DEBUG 66871 --- [users-service] [tomcat-handler-10] o.s.web.servlet.DispatcherServlet        : Completed 200 OK
2025-03-29T11:40:53.179+01:00 DEBUG 66871 --- [users-service] [HikariPool-1 housekeeper] com.zaxxer.hikari.pool.HikariPool        : HikariPool-1 - Pool stats (total=10, active=0, idle=10, waiting=0)
2025-03-29T11:40:53.181+01:00 DEBUG 66871 --- [users-service] [HikariPool-1 housekeeper] com.zaxxer.hikari.pool.HikariPool        : HikariPool-1 - Fill pool skipped, pool has sufficient level or currently being filled.
2025-03-29T11:41:23.185+01:00 DEBUG 66871 --- [users-service] [HikariPool-1 housekeeper] com.zaxxer.hikari.pool.HikariPool        : HikariPool-1 - Pool stats (total=10, active=0, idle=10, waiting=0)
2025-03-29T11:41:23.196+01:00 DEBUG 66871 --- [users-service] [HikariPool-1 housekeeper] com.zaxxer.hikari.pool.HikariPool        : HikariPool-1 - Fill pool skipped, pool has sufficient level or currently being filled.
2025-03-29T11:41:53.203+01:00 DEBUG 66871 --- [users-service] [HikariPool-1 housekeeper] com.zaxxer.hikari.pool.HikariPool        : HikariPool-1 - Pool stats (total=10, active=0, idle=10, waiting=0)
2025-03-29T11:41:53.205+01:00 DEBUG 66871 --- [users-service] [HikariPool-1 housekeeper] com.zaxxer.hikari.pool.HikariPool        : HikariPool-1 - Fill pool skipped, pool has sufficient level or currently being filled.
2025-03-29T11:42:23.208+01:00 DEBUG 66871 --- [users-service] [HikariPool-1 housekeeper] com.zaxxer.hikari.pool.HikariPool        : HikariPool-1 - Pool stats (total=10, active=0, idle=10, waiting=0)
2025-03-29T11:42:23.210+01:00 DEBUG 66871 --- [users-service] [HikariPool-1 housekeeper] com.zaxxer.hikari.pool.HikariPool        : HikariPool-1 - Fill pool skipped, pool has sufficient level or currently being filled.
2025-03-29T11:42:53.209+01:00 DEBUG 66871 --- [users-service] [HikariPool-1 housekeeper] com.zaxxer.hikari.pool.HikariPool        : HikariPool-1 - Pool stats (total=10, active=0, idle=10, waiting=0)
2025-03-29T11:42:53.210+01:00 DEBUG 66871 --- [users-service] [HikariPool-1 housekeeper] com.zaxxer.hikari.pool.HikariPool        : HikariPool-1 - Fill pool skipped, pool has sufficient level or currently being filled.
2025-03-29T11:43:23.214+01:00 DEBUG 66871 --- [users-service] [HikariPool-1 housekeeper] com.zaxxer.hikari.pool.HikariPool        : HikariPool-1 - Pool stats (total=10, active=0, idle=10, waiting=0)
2025-03-29T11:43:23.215+01:00 DEBUG 66871 --- [users-service] [HikariPool-1 housekeeper] com.zaxxer.hikari.pool.HikariPool        : HikariPool-1 - Fill pool skipped, pool has sufficient level or currently being filled.
2025-03-29T11:43:53.218+01:00 DEBUG 66871 --- [users-service] [HikariPool-1 housekeeper] com.zaxxer.hikari.pool.HikariPool        : HikariPool-1 - Pool stats (total=10, active=0, idle=10, waiting=0)
2025-03-29T11:43:53.220+01:00 DEBUG 66871 --- [users-service] [HikariPool-1 housekeeper] com.zaxxer.hikari.pool.HikariPool        : HikariPool-1 - Fill pool skipped, pool has sufficient level or currently being filled.
2025-03-29T11:44:19.330+01:00  INFO 66871 --- [users-service] [kafka-producer-network-thread | users-service-producer-1] org.apache.kafka.clients.NetworkClient   : [Producer clientId=users-service-producer-1] Node -1 disconnected.
2025-03-29T11:44:23.221+01:00 DEBUG 66871 --- [users-service] [HikariPool-1 housekeeper] com.zaxxer.hikari.pool.HikariPool        : HikariPool-1 - Pool stats (total=10, active=0, idle=10, waiting=0)
2025-03-29T11:44:23.222+01:00 DEBUG 66871 --- [users-service] [HikariPool-1 housekeeper] com.zaxxer.hikari.pool.HikariPool        : HikariPool-1 - Fill pool skipped, pool has sufficient level or currently being filled.
2025-03-29T11:44:46.034+01:00 DEBUG 66871 --- [users-service] [tomcat-handler-12] o.s.web.servlet.DispatcherServlet        : POST "/api/users/notification/otp/verify", parameters={}
2025-03-29T11:44:46.049+01:00 DEBUG 66871 --- [users-service] [tomcat-handler-12] s.w.s.m.m.a.RequestMappingHandlerMapping : Mapped to org.meristem.oneapp.usersservice.controllers.NotificationController#verifyOtp(VerifyOtpRequest)
2025-03-29T11:44:46.079+01:00 DEBUG 66871 --- [users-service] [tomcat-handler-12] m.m.a.RequestResponseBodyMethodProcessor : Read "application/json;charset=UTF-8" to [VerifyOtpRequest[otp=2390669, otpType=1, recipient=kingsleyog95@gmail.com]]
2025-03-29T11:44:46.094+01:00 DEBUG 66871 --- [users-service] [tomcat-handler-12] o.s.j.d.DataSourceTransactionManager     : Creating new transaction with name [org.springframework.data.jdbc.repository.support.SimpleJdbcRepository.findByOtpTypeAndCodeAndUserId]: PROPAGATION_REQUIRED,ISOLATION_DEFAULT,readOnly
2025-03-29T11:44:46.102+01:00 DEBUG 66871 --- [users-service] [tomcat-handler-12] o.s.j.d.DataSourceTransactionManager     : Acquired Connection [HikariProxyConnection@2853976 wrapping conn0: url=jdbc:h2:mem:mydb user=SA] for JDBC transaction
2025-03-29T11:44:46.103+01:00 DEBUG 66871 --- [users-service] [tomcat-handler-12] o.s.jdbc.datasource.DataSourceUtils      : Setting JDBC Connection [HikariProxyConnection@2853976 wrapping conn0: url=jdbc:h2:mem:mydb user=SA] read-only
2025-03-29T11:44:46.105+01:00 DEBUG 66871 --- [users-service] [tomcat-handler-12] o.s.j.d.DataSourceTransactionManager     : Switching JDBC Connection [HikariProxyConnection@2853976 wrapping conn0: url=jdbc:h2:mem:mydb user=SA] to manual commit
2025-03-29T11:44:46.126+01:00 DEBUG 66871 --- [users-service] [tomcat-handler-12] o.s.jdbc.core.JdbcTemplate               : Executing prepared SQL query
2025-03-29T11:44:46.126+01:00 DEBUG 66871 --- [users-service] [tomcat-handler-12] o.s.jdbc.core.JdbcTemplate               : Executing prepared SQL statement [SELECT "otp_verification"."ID" AS "ID", "otp_verification"."code" AS "code", "otp_verification"."user_id" AS "user_id", "otp_verification"."otp_type" AS "otp_type", "otp_verification"."VERSION" AS "VERSION", "otp_verification"."verified" AS "verified", "otp_verification"."CREATED_BY" AS "CREATED_BY", "otp_verification"."expires_at" AS "expires_at", "otp_verification"."CREATED_DATE" AS "CREATED_DATE", "otp_verification"."LAST_MODIFIED_BY" AS "LAST_MODIFIED_BY", "otp_verification"."LAST_MODIFIED_DATE" AS "LAST_MODIFIED_DATE" FROM "otp_verification" WHERE "otp_verification"."otp_type" = ? AND ("otp_verification"."code" = ?) AND ("otp_verification"."user_id" = ?)]
2025-03-29T11:44:46.165+01:00 DEBUG 66871 --- [users-service] [tomcat-handler-12] o.s.j.d.DataSourceTransactionManager     : Initiating transaction commit
2025-03-29T11:44:46.165+01:00 DEBUG 66871 --- [users-service] [tomcat-handler-12] o.s.j.d.DataSourceTransactionManager     : Committing JDBC transaction on Connection [HikariProxyConnection@2853976 wrapping conn0: url=jdbc:h2:mem:mydb user=SA]
2025-03-29T11:44:46.165+01:00 DEBUG 66871 --- [users-service] [tomcat-handler-12] o.s.jdbc.datasource.DataSourceUtils      : Resetting read-only flag of JDBC Connection [HikariProxyConnection@2853976 wrapping conn0: url=jdbc:h2:mem:mydb user=SA]
2025-03-29T11:44:46.165+01:00 DEBUG 66871 --- [users-service] [tomcat-handler-12] o.s.j.d.DataSourceTransactionManager     : Releasing JDBC Connection [HikariProxyConnection@2853976 wrapping conn0: url=jdbc:h2:mem:mydb user=SA] after transaction
2025-03-29T11:44:46.166+01:00 DEBUG 66871 --- [users-service] [tomcat-handler-12] o.s.w.s.m.m.a.HttpEntityMethodProcessor  : Using 'application/json', given [*/*] and supported [application/json]
2025-03-29T11:44:46.166+01:00 DEBUG 66871 --- [users-service] [tomcat-handler-12] o.s.w.s.m.m.a.HttpEntityMethodProcessor  : Writing [AppResponse[timestamp=2025-03-29T11:44:46.166050, status=200 OK, message=Otp request verification pr (truncated)...]
2025-03-29T11:44:46.167+01:00 DEBUG 66871 --- [users-service] [tomcat-handler-12] o.s.web.servlet.DispatcherServlet        : Completed 200 OK
2025-03-29T11:44:53.224+01:00 DEBUG 66871 --- [users-service] [HikariPool-1 housekeeper] com.zaxxer.hikari.pool.HikariPool        : HikariPool-1 - Pool stats (total=10, active=0, idle=10, waiting=0)
2025-03-29T11:44:53.225+01:00 DEBUG 66871 --- [users-service] [HikariPool-1 housekeeper] com.zaxxer.hikari.pool.HikariPool        : HikariPool-1 - Fill pool skipped, pool has sufficient level or currently being filled.
2025-03-29T11:44:58.398+01:00 DEBUG 66871 --- [users-service] [tomcat-handler-13] o.s.web.servlet.DispatcherServlet        : POST "/api/users/notification/otp/verify", parameters={}
2025-03-29T11:44:58.399+01:00 DEBUG 66871 --- [users-service] [tomcat-handler-13] s.w.s.m.m.a.RequestMappingHandlerMapping : Mapped to org.meristem.oneapp.usersservice.controllers.NotificationController#verifyOtp(VerifyOtpRequest)
2025-03-29T11:44:58.399+01:00 DEBUG 66871 --- [users-service] [tomcat-handler-13] m.m.a.RequestResponseBodyMethodProcessor : Read "application/json;charset=UTF-8" to [VerifyOtpRequest[otp=2390669, otpType=1, recipient=kingsleyog95@gmail.com]]
2025-03-29T11:44:58.400+01:00 DEBUG 66871 --- [users-service] [tomcat-handler-13] o.s.j.d.DataSourceTransactionManager     : Creating new transaction with name [org.springframework.data.jdbc.repository.support.SimpleJdbcRepository.findByOtpTypeAndCodeAndUserId]: PROPAGATION_REQUIRED,ISOLATION_DEFAULT,readOnly
2025-03-29T11:44:58.400+01:00 DEBUG 66871 --- [users-service] [tomcat-handler-13] o.s.j.d.DataSourceTransactionManager     : Acquired Connection [HikariProxyConnection@331638008 wrapping conn0: url=jdbc:h2:mem:mydb user=SA] for JDBC transaction
2025-03-29T11:44:58.404+01:00 DEBUG 66871 --- [users-service] [tomcat-handler-13] o.s.jdbc.datasource.DataSourceUtils      : Setting JDBC Connection [HikariProxyConnection@331638008 wrapping conn0: url=jdbc:h2:mem:mydb user=SA] read-only
2025-03-29T11:44:58.404+01:00 DEBUG 66871 --- [users-service] [tomcat-handler-13] o.s.j.d.DataSourceTransactionManager     : Switching JDBC Connection [HikariProxyConnection@331638008 wrapping conn0: url=jdbc:h2:mem:mydb user=SA] to manual commit
2025-03-29T11:44:58.405+01:00 DEBUG 66871 --- [users-service] [tomcat-handler-13] o.s.jdbc.core.JdbcTemplate               : Executing prepared SQL query
2025-03-29T11:44:58.406+01:00 DEBUG 66871 --- [users-service] [tomcat-handler-13] o.s.jdbc.core.JdbcTemplate               : Executing prepared SQL statement [SELECT "otp_verification"."ID" AS "ID", "otp_verification"."code" AS "code", "otp_verification"."user_id" AS "user_id", "otp_verification"."otp_type" AS "otp_type", "otp_verification"."VERSION" AS "VERSION", "otp_verification"."verified" AS "verified", "otp_verification"."CREATED_BY" AS "CREATED_BY", "otp_verification"."expires_at" AS "expires_at", "otp_verification"."CREATED_DATE" AS "CREATED_DATE", "otp_verification"."LAST_MODIFIED_BY" AS "LAST_MODIFIED_BY", "otp_verification"."LAST_MODIFIED_DATE" AS "LAST_MODIFIED_DATE" FROM "otp_verification" WHERE "otp_verification"."otp_type" = ? AND ("otp_verification"."code" = ?) AND ("otp_verification"."user_id" = ?)]
2025-03-29T11:44:58.408+01:00 DEBUG 66871 --- [users-service] [tomcat-handler-13] o.s.j.d.DataSourceTransactionManager     : Initiating transaction commit
2025-03-29T11:44:58.408+01:00 DEBUG 66871 --- [users-service] [tomcat-handler-13] o.s.j.d.DataSourceTransactionManager     : Committing JDBC transaction on Connection [HikariProxyConnection@331638008 wrapping conn0: url=jdbc:h2:mem:mydb user=SA]
2025-03-29T11:44:58.408+01:00 DEBUG 66871 --- [users-service] [tomcat-handler-13] o.s.jdbc.datasource.DataSourceUtils      : Resetting read-only flag of JDBC Connection [HikariProxyConnection@331638008 wrapping conn0: url=jdbc:h2:mem:mydb user=SA]
2025-03-29T11:44:58.408+01:00 DEBUG 66871 --- [users-service] [tomcat-handler-13] o.s.j.d.DataSourceTransactionManager     : Releasing JDBC Connection [HikariProxyConnection@331638008 wrapping conn0: url=jdbc:h2:mem:mydb user=SA] after transaction
2025-03-29T11:44:58.410+01:00 DEBUG 66871 --- [users-service] [tomcat-handler-13] o.s.w.s.m.m.a.HttpEntityMethodProcessor  : Using 'application/json', given [*/*] and supported [application/json]
2025-03-29T11:44:58.410+01:00 DEBUG 66871 --- [users-service] [tomcat-handler-13] o.s.w.s.m.m.a.HttpEntityMethodProcessor  : Writing [AppResponse[timestamp=2025-03-29T11:44:58.410320, status=200 OK, message=Otp request verification pr (truncated)...]
2025-03-29T11:44:58.411+01:00 DEBUG 66871 --- [users-service] [tomcat-handler-13] o.s.web.servlet.DispatcherServlet        : Completed 200 OK
2025-03-29T11:44:59.472+01:00 DEBUG 66871 --- [users-service] [tomcat-handler-14] o.s.web.servlet.DispatcherServlet        : POST "/api/users/notification/otp/verify", parameters={}
2025-03-29T11:44:59.473+01:00 DEBUG 66871 --- [users-service] [tomcat-handler-14] s.w.s.m.m.a.RequestMappingHandlerMapping : Mapped to org.meristem.oneapp.usersservice.controllers.NotificationController#verifyOtp(VerifyOtpRequest)
2025-03-29T11:44:59.473+01:00 DEBUG 66871 --- [users-service] [tomcat-handler-14] m.m.a.RequestResponseBodyMethodProcessor : Read "application/json;charset=UTF-8" to [VerifyOtpRequest[otp=2390669, otpType=1, recipient=kingsleyog95@gmail.com]]
2025-03-29T11:44:59.474+01:00 DEBUG 66871 --- [users-service] [tomcat-handler-14] o.s.j.d.DataSourceTransactionManager     : Creating new transaction with name [org.springframework.data.jdbc.repository.support.SimpleJdbcRepository.findByOtpTypeAndCodeAndUserId]: PROPAGATION_REQUIRED,ISOLATION_DEFAULT,readOnly
2025-03-29T11:44:59.474+01:00 DEBUG 66871 --- [users-service] [tomcat-handler-14] o.s.j.d.DataSourceTransactionManager     : Acquired Connection [HikariProxyConnection@531482106 wrapping conn0: url=jdbc:h2:mem:mydb user=SA] for JDBC transaction
2025-03-29T11:44:59.474+01:00 DEBUG 66871 --- [users-service] [tomcat-handler-14] o.s.jdbc.datasource.DataSourceUtils      : Setting JDBC Connection [HikariProxyConnection@531482106 wrapping conn0: url=jdbc:h2:mem:mydb user=SA] read-only
2025-03-29T11:44:59.474+01:00 DEBUG 66871 --- [users-service] [tomcat-handler-14] o.s.j.d.DataSourceTransactionManager     : Switching JDBC Connection [HikariProxyConnection@531482106 wrapping conn0: url=jdbc:h2:mem:mydb user=SA] to manual commit
2025-03-29T11:44:59.474+01:00 DEBUG 66871 --- [users-service] [tomcat-handler-14] o.s.jdbc.core.JdbcTemplate               : Executing prepared SQL query
2025-03-29T11:44:59.475+01:00 DEBUG 66871 --- [users-service] [tomcat-handler-14] o.s.jdbc.core.JdbcTemplate               : Executing prepared SQL statement [SELECT "otp_verification"."ID" AS "ID", "otp_verification"."code" AS "code", "otp_verification"."user_id" AS "user_id", "otp_verification"."otp_type" AS "otp_type", "otp_verification"."VERSION" AS "VERSION", "otp_verification"."verified" AS "verified", "otp_verification"."CREATED_BY" AS "CREATED_BY", "otp_verification"."expires_at" AS "expires_at", "otp_verification"."CREATED_DATE" AS "CREATED_DATE", "otp_verification"."LAST_MODIFIED_BY" AS "LAST_MODIFIED_BY", "otp_verification"."LAST_MODIFIED_DATE" AS "LAST_MODIFIED_DATE" FROM "otp_verification" WHERE "otp_verification"."otp_type" = ? AND ("otp_verification"."code" = ?) AND ("otp_verification"."user_id" = ?)]
2025-03-29T11:44:59.476+01:00 DEBUG 66871 --- [users-service] [tomcat-handler-14] o.s.j.d.DataSourceTransactionManager     : Initiating transaction commit
2025-03-29T11:44:59.476+01:00 DEBUG 66871 --- [users-service] [tomcat-handler-14] o.s.j.d.DataSourceTransactionManager     : Committing JDBC transaction on Connection [HikariProxyConnection@531482106 wrapping conn0: url=jdbc:h2:mem:mydb user=SA]
2025-03-29T11:44:59.477+01:00 DEBUG 66871 --- [users-service] [tomcat-handler-14] o.s.jdbc.datasource.DataSourceUtils      : Resetting read-only flag of JDBC Connection [HikariProxyConnection@531482106 wrapping conn0: url=jdbc:h2:mem:mydb user=SA]
2025-03-29T11:44:59.477+01:00 DEBUG 66871 --- [users-service] [tomcat-handler-14] o.s.j.d.DataSourceTransactionManager     : Releasing JDBC Connection [HikariProxyConnection@531482106 wrapping conn0: url=jdbc:h2:mem:mydb user=SA] after transaction
2025-03-29T11:44:59.478+01:00 DEBUG 66871 --- [users-service] [tomcat-handler-14] o.s.w.s.m.m.a.HttpEntityMethodProcessor  : Using 'application/json', given [*/*] and supported [application/json]
2025-03-29T11:44:59.479+01:00 DEBUG 66871 --- [users-service] [tomcat-handler-14] o.s.w.s.m.m.a.HttpEntityMethodProcessor  : Writing [AppResponse[timestamp=2025-03-29T11:44:59.477897, status=200 OK, message=Otp request verification pr (truncated)...]
2025-03-29T11:44:59.480+01:00 DEBUG 66871 --- [users-service] [tomcat-handler-14] o.s.web.servlet.DispatcherServlet        : Completed 200 OK
2025-03-29T11:45:00.362+01:00 DEBUG 66871 --- [users-service] [tomcat-handler-15] o.s.web.servlet.DispatcherServlet        : POST "/api/users/notification/otp/verify", parameters={}
2025-03-29T11:45:00.362+01:00 DEBUG 66871 --- [users-service] [tomcat-handler-15] s.w.s.m.m.a.RequestMappingHandlerMapping : Mapped to org.meristem.oneapp.usersservice.controllers.NotificationController#verifyOtp(VerifyOtpRequest)
2025-03-29T11:45:00.363+01:00 DEBUG 66871 --- [users-service] [tomcat-handler-15] m.m.a.RequestResponseBodyMethodProcessor : Read "application/json;charset=UTF-8" to [VerifyOtpRequest[otp=2390669, otpType=1, recipient=kingsleyog95@gmail.com]]
2025-03-29T11:45:00.363+01:00 DEBUG 66871 --- [users-service] [tomcat-handler-15] o.s.j.d.DataSourceTransactionManager     : Creating new transaction with name [org.springframework.data.jdbc.repository.support.SimpleJdbcRepository.findByOtpTypeAndCodeAndUserId]: PROPAGATION_REQUIRED,ISOLATION_DEFAULT,readOnly
2025-03-29T11:45:00.363+01:00 DEBUG 66871 --- [users-service] [tomcat-handler-15] o.s.j.d.DataSourceTransactionManager     : Acquired Connection [HikariProxyConnection@1522753167 wrapping conn0: url=jdbc:h2:mem:mydb user=SA] for JDBC transaction
2025-03-29T11:45:00.363+01:00 DEBUG 66871 --- [users-service] [tomcat-handler-15] o.s.jdbc.datasource.DataSourceUtils      : Setting JDBC Connection [HikariProxyConnection@1522753167 wrapping conn0: url=jdbc:h2:mem:mydb user=SA] read-only
2025-03-29T11:45:00.363+01:00 DEBUG 66871 --- [users-service] [tomcat-handler-15] o.s.j.d.DataSourceTransactionManager     : Switching JDBC Connection [HikariProxyConnection@1522753167 wrapping conn0: url=jdbc:h2:mem:mydb user=SA] to manual commit
2025-03-29T11:45:00.364+01:00 DEBUG 66871 --- [users-service] [tomcat-handler-15] o.s.jdbc.core.JdbcTemplate               : Executing prepared SQL query
2025-03-29T11:45:00.364+01:00 DEBUG 66871 --- [users-service] [tomcat-handler-15] o.s.jdbc.core.JdbcTemplate               : Executing prepared SQL statement [SELECT "otp_verification"."ID" AS "ID", "otp_verification"."code" AS "code", "otp_verification"."user_id" AS "user_id", "otp_verification"."otp_type" AS "otp_type", "otp_verification"."VERSION" AS "VERSION", "otp_verification"."verified" AS "verified", "otp_verification"."CREATED_BY" AS "CREATED_BY", "otp_verification"."expires_at" AS "expires_at", "otp_verification"."CREATED_DATE" AS "CREATED_DATE", "otp_verification"."LAST_MODIFIED_BY" AS "LAST_MODIFIED_BY", "otp_verification"."LAST_MODIFIED_DATE" AS "LAST_MODIFIED_DATE" FROM "otp_verification" WHERE "otp_verification"."otp_type" = ? AND ("otp_verification"."code" = ?) AND ("otp_verification"."user_id" = ?)]
2025-03-29T11:45:00.366+01:00 DEBUG 66871 --- [users-service] [tomcat-handler-15] o.s.j.d.DataSourceTransactionManager     : Initiating transaction commit
2025-03-29T11:45:00.366+01:00 DEBUG 66871 --- [users-service] [tomcat-handler-15] o.s.j.d.DataSourceTransactionManager     : Committing JDBC transaction on Connection [HikariProxyConnection@1522753167 wrapping conn0: url=jdbc:h2:mem:mydb user=SA]
2025-03-29T11:45:00.366+01:00 DEBUG 66871 --- [users-service] [tomcat-handler-15] o.s.jdbc.datasource.DataSourceUtils      : Resetting read-only flag of JDBC Connection [HikariProxyConnection@1522753167 wrapping conn0: url=jdbc:h2:mem:mydb user=SA]
2025-03-29T11:45:00.367+01:00 DEBUG 66871 --- [users-service] [tomcat-handler-15] o.s.j.d.DataSourceTransactionManager     : Releasing JDBC Connection [HikariProxyConnection@1522753167 wrapping conn0: url=jdbc:h2:mem:mydb user=SA] after transaction
2025-03-29T11:45:00.367+01:00 DEBUG 66871 --- [users-service] [tomcat-handler-15] o.s.w.s.m.m.a.HttpEntityMethodProcessor  : Using 'application/json', given [*/*] and supported [application/json]
2025-03-29T11:45:00.367+01:00 DEBUG 66871 --- [users-service] [tomcat-handler-15] o.s.w.s.m.m.a.HttpEntityMethodProcessor  : Writing [AppResponse[timestamp=2025-03-29T11:45:00.367323, status=200 OK, message=Otp request verification pr (truncated)...]
2025-03-29T11:45:00.369+01:00 DEBUG 66871 --- [users-service] [tomcat-handler-15] o.s.web.servlet.DispatcherServlet        : Completed 200 OK
2025-03-29T11:45:09.542+01:00 DEBUG 66871 --- [users-service] [tomcat-handler-16] o.s.web.servlet.DispatcherServlet        : POST "/api/users/notification/otp/verify", parameters={}
2025-03-29T11:45:09.542+01:00 DEBUG 66871 --- [users-service] [tomcat-handler-16] s.w.s.m.m.a.RequestMappingHandlerMapping : Mapped to org.meristem.oneapp.usersservice.controllers.NotificationController#verifyOtp(VerifyOtpRequest)
2025-03-29T11:45:09.543+01:00 DEBUG 66871 --- [users-service] [tomcat-handler-16] m.m.a.RequestResponseBodyMethodProcessor : Read "application/json;charset=UTF-8" to [VerifyOtpRequest[otp=2390669, otpType=1, recipient=kingsleyog95@gmail.com]]
2025-03-29T11:45:09.544+01:00 DEBUG 66871 --- [users-service] [tomcat-handler-16] o.s.j.d.DataSourceTransactionManager     : Creating new transaction with name [org.springframework.data.jdbc.repository.support.SimpleJdbcRepository.findByOtpTypeAndCodeAndUserId]: PROPAGATION_REQUIRED,ISOLATION_DEFAULT,readOnly
2025-03-29T11:45:09.544+01:00 DEBUG 66871 --- [users-service] [tomcat-handler-16] o.s.j.d.DataSourceTransactionManager     : Acquired Connection [HikariProxyConnection@690640569 wrapping conn0: url=jdbc:h2:mem:mydb user=SA] for JDBC transaction
2025-03-29T11:45:09.544+01:00 DEBUG 66871 --- [users-service] [tomcat-handler-16] o.s.jdbc.datasource.DataSourceUtils      : Setting JDBC Connection [HikariProxyConnection@690640569 wrapping conn0: url=jdbc:h2:mem:mydb user=SA] read-only
2025-03-29T11:45:09.545+01:00 DEBUG 66871 --- [users-service] [tomcat-handler-16] o.s.j.d.DataSourceTransactionManager     : Switching JDBC Connection [HikariProxyConnection@690640569 wrapping conn0: url=jdbc:h2:mem:mydb user=SA] to manual commit
2025-03-29T11:45:09.546+01:00 DEBUG 66871 --- [users-service] [tomcat-handler-16] o.s.jdbc.core.JdbcTemplate               : Executing prepared SQL query
2025-03-29T11:45:09.553+01:00 DEBUG 66871 --- [users-service] [tomcat-handler-16] o.s.jdbc.core.JdbcTemplate               : Executing prepared SQL statement [SELECT "otp_verification"."ID" AS "ID", "otp_verification"."code" AS "code", "otp_verification"."user_id" AS "user_id", "otp_verification"."otp_type" AS "otp_type", "otp_verification"."VERSION" AS "VERSION", "otp_verification"."verified" AS "verified", "otp_verification"."CREATED_BY" AS "CREATED_BY", "otp_verification"."expires_at" AS "expires_at", "otp_verification"."CREATED_DATE" AS "CREATED_DATE", "otp_verification"."LAST_MODIFIED_BY" AS "LAST_MODIFIED_BY", "otp_verification"."LAST_MODIFIED_DATE" AS "LAST_MODIFIED_DATE" FROM "otp_verification" WHERE "otp_verification"."otp_type" = ? AND ("otp_verification"."code" = ?) AND ("otp_verification"."user_id" = ?)]
2025-03-29T11:45:09.555+01:00 DEBUG 66871 --- [users-service] [tomcat-handler-16] o.s.j.d.DataSourceTransactionManager     : Initiating transaction commit
2025-03-29T11:45:09.561+01:00 DEBUG 66871 --- [users-service] [tomcat-handler-16] o.s.j.d.DataSourceTransactionManager     : Committing JDBC transaction on Connection [HikariProxyConnection@690640569 wrapping conn0: url=jdbc:h2:mem:mydb user=SA]
2025-03-29T11:45:09.562+01:00 DEBUG 66871 --- [users-service] [tomcat-handler-16] o.s.jdbc.datasource.DataSourceUtils      : Resetting read-only flag of JDBC Connection [HikariProxyConnection@690640569 wrapping conn0: url=jdbc:h2:mem:mydb user=SA]
2025-03-29T11:45:09.562+01:00 DEBUG 66871 --- [users-service] [tomcat-handler-16] o.s.j.d.DataSourceTransactionManager     : Releasing JDBC Connection [HikariProxyConnection@690640569 wrapping conn0: url=jdbc:h2:mem:mydb user=SA] after transaction
2025-03-29T11:45:09.588+01:00 DEBUG 66871 --- [users-service] [tomcat-handler-16] o.s.w.s.m.m.a.HttpEntityMethodProcessor  : Using 'application/json', given [*/*] and supported [application/json]
2025-03-29T11:45:09.589+01:00 DEBUG 66871 --- [users-service] [tomcat-handler-16] o.s.w.s.m.m.a.HttpEntityMethodProcessor  : Writing [AppResponse[timestamp=2025-03-29T11:45:09.588002, status=200 OK, message=Otp request verification pr (truncated)...]
2025-03-29T11:45:09.591+01:00 DEBUG 66871 --- [users-service] [tomcat-handler-16] o.s.web.servlet.DispatcherServlet        : Completed 200 OK
2025-03-29T11:45:10.350+01:00 DEBUG 66871 --- [users-service] [tomcat-handler-17] o.s.web.servlet.DispatcherServlet        : POST "/api/users/notification/otp/verify", parameters={}
2025-03-29T11:45:10.351+01:00 DEBUG 66871 --- [users-service] [tomcat-handler-17] s.w.s.m.m.a.RequestMappingHandlerMapping : Mapped to org.meristem.oneapp.usersservice.controllers.NotificationController#verifyOtp(VerifyOtpRequest)
2025-03-29T11:45:10.353+01:00 DEBUG 66871 --- [users-service] [tomcat-handler-17] m.m.a.RequestResponseBodyMethodProcessor : Read "application/json;charset=UTF-8" to [VerifyOtpRequest[otp=2390669, otpType=1, recipient=kingsleyog95@gmail.com]]
2025-03-29T11:45:10.353+01:00 DEBUG 66871 --- [users-service] [tomcat-handler-17] o.s.j.d.DataSourceTransactionManager     : Creating new transaction with name [org.springframework.data.jdbc.repository.support.SimpleJdbcRepository.findByOtpTypeAndCodeAndUserId]: PROPAGATION_REQUIRED,ISOLATION_DEFAULT,readOnly
2025-03-29T11:45:10.354+01:00 DEBUG 66871 --- [users-service] [tomcat-handler-17] o.s.j.d.DataSourceTransactionManager     : Acquired Connection [HikariProxyConnection@934526640 wrapping conn0: url=jdbc:h2:mem:mydb user=SA] for JDBC transaction
2025-03-29T11:45:10.354+01:00 DEBUG 66871 --- [users-service] [tomcat-handler-17] o.s.jdbc.datasource.DataSourceUtils      : Setting JDBC Connection [HikariProxyConnection@934526640 wrapping conn0: url=jdbc:h2:mem:mydb user=SA] read-only
2025-03-29T11:45:10.373+01:00 DEBUG 66871 --- [users-service] [tomcat-handler-17] o.s.j.d.DataSourceTransactionManager     : Switching JDBC Connection [HikariProxyConnection@934526640 wrapping conn0: url=jdbc:h2:mem:mydb user=SA] to manual commit
2025-03-29T11:45:10.374+01:00 DEBUG 66871 --- [users-service] [tomcat-handler-17] o.s.jdbc.core.JdbcTemplate               : Executing prepared SQL query
2025-03-29T11:45:10.374+01:00 DEBUG 66871 --- [users-service] [tomcat-handler-17] o.s.jdbc.core.JdbcTemplate               : Executing prepared SQL statement [SELECT "otp_verification"."ID" AS "ID", "otp_verification"."code" AS "code", "otp_verification"."user_id" AS "user_id", "otp_verification"."otp_type" AS "otp_type", "otp_verification"."VERSION" AS "VERSION", "otp_verification"."verified" AS "verified", "otp_verification"."CREATED_BY" AS "CREATED_BY", "otp_verification"."expires_at" AS "expires_at", "otp_verification"."CREATED_DATE" AS "CREATED_DATE", "otp_verification"."LAST_MODIFIED_BY" AS "LAST_MODIFIED_BY", "otp_verification"."LAST_MODIFIED_DATE" AS "LAST_MODIFIED_DATE" FROM "otp_verification" WHERE "otp_verification"."otp_type" = ? AND ("otp_verification"."code" = ?) AND ("otp_verification"."user_id" = ?)]
2025-03-29T11:45:10.387+01:00 DEBUG 66871 --- [users-service] [tomcat-handler-17] o.s.j.d.DataSourceTransactionManager     : Initiating transaction commit
2025-03-29T11:45:10.387+01:00 DEBUG 66871 --- [users-service] [tomcat-handler-17] o.s.j.d.DataSourceTransactionManager     : Committing JDBC transaction on Connection [HikariProxyConnection@934526640 wrapping conn0: url=jdbc:h2:mem:mydb user=SA]
2025-03-29T11:45:10.390+01:00 DEBUG 66871 --- [users-service] [tomcat-handler-17] o.s.jdbc.datasource.DataSourceUtils      : Resetting read-only flag of JDBC Connection [HikariProxyConnection@934526640 wrapping conn0: url=jdbc:h2:mem:mydb user=SA]
2025-03-29T11:45:10.391+01:00 DEBUG 66871 --- [users-service] [tomcat-handler-17] o.s.j.d.DataSourceTransactionManager     : Releasing JDBC Connection [HikariProxyConnection@934526640 wrapping conn0: url=jdbc:h2:mem:mydb user=SA] after transaction
2025-03-29T11:45:10.391+01:00 DEBUG 66871 --- [users-service] [tomcat-handler-17] o.s.w.s.m.m.a.HttpEntityMethodProcessor  : Using 'application/json', given [*/*] and supported [application/json]
2025-03-29T11:45:10.405+01:00 DEBUG 66871 --- [users-service] [tomcat-handler-17] o.s.w.s.m.m.a.HttpEntityMethodProcessor  : Writing [AppResponse[timestamp=2025-03-29T11:45:10.391261, status=200 OK, message=Otp request verification pr (truncated)...]
2025-03-29T11:45:10.406+01:00 DEBUG 66871 --- [users-service] [tomcat-handler-17] o.s.web.servlet.DispatcherServlet        : Completed 200 OK
2025-03-29T11:45:11.230+01:00 DEBUG 66871 --- [users-service] [tomcat-handler-18] o.s.web.servlet.DispatcherServlet        : POST "/api/users/notification/otp/verify", parameters={}
2025-03-29T11:45:11.232+01:00 DEBUG 66871 --- [users-service] [tomcat-handler-18] s.w.s.m.m.a.RequestMappingHandlerMapping : Mapped to org.meristem.oneapp.usersservice.controllers.NotificationController#verifyOtp(VerifyOtpRequest)
2025-03-29T11:45:11.233+01:00 DEBUG 66871 --- [users-service] [tomcat-handler-18] m.m.a.RequestResponseBodyMethodProcessor : Read "application/json;charset=UTF-8" to [VerifyOtpRequest[otp=2390669, otpType=1, recipient=kingsleyog95@gmail.com]]
2025-03-29T11:45:11.234+01:00 DEBUG 66871 --- [users-service] [tomcat-handler-18] o.s.j.d.DataSourceTransactionManager     : Creating new transaction with name [org.springframework.data.jdbc.repository.support.SimpleJdbcRepository.findByOtpTypeAndCodeAndUserId]: PROPAGATION_REQUIRED,ISOLATION_DEFAULT,readOnly
2025-03-29T11:45:11.235+01:00 DEBUG 66871 --- [users-service] [tomcat-handler-18] o.s.j.d.DataSourceTransactionManager     : Acquired Connection [HikariProxyConnection@664741173 wrapping conn0: url=jdbc:h2:mem:mydb user=SA] for JDBC transaction
2025-03-29T11:45:11.235+01:00 DEBUG 66871 --- [users-service] [tomcat-handler-18] o.s.jdbc.datasource.DataSourceUtils      : Setting JDBC Connection [HikariProxyConnection@664741173 wrapping conn0: url=jdbc:h2:mem:mydb user=SA] read-only
2025-03-29T11:45:11.235+01:00 DEBUG 66871 --- [users-service] [tomcat-handler-18] o.s.j.d.DataSourceTransactionManager     : Switching JDBC Connection [HikariProxyConnection@664741173 wrapping conn0: url=jdbc:h2:mem:mydb user=SA] to manual commit
2025-03-29T11:45:11.237+01:00 DEBUG 66871 --- [users-service] [tomcat-handler-18] o.s.jdbc.core.JdbcTemplate               : Executing prepared SQL query
2025-03-29T11:45:11.242+01:00 DEBUG 66871 --- [users-service] [tomcat-handler-18] o.s.jdbc.core.JdbcTemplate               : Executing prepared SQL statement [SELECT "otp_verification"."ID" AS "ID", "otp_verification"."code" AS "code", "otp_verification"."user_id" AS "user_id", "otp_verification"."otp_type" AS "otp_type", "otp_verification"."VERSION" AS "VERSION", "otp_verification"."verified" AS "verified", "otp_verification"."CREATED_BY" AS "CREATED_BY", "otp_verification"."expires_at" AS "expires_at", "otp_verification"."CREATED_DATE" AS "CREATED_DATE", "otp_verification"."LAST_MODIFIED_BY" AS "LAST_MODIFIED_BY", "otp_verification"."LAST_MODIFIED_DATE" AS "LAST_MODIFIED_DATE" FROM "otp_verification" WHERE "otp_verification"."otp_type" = ? AND ("otp_verification"."code" = ?) AND ("otp_verification"."user_id" = ?)]
2025-03-29T11:45:11.244+01:00 DEBUG 66871 --- [users-service] [tomcat-handler-18] o.s.j.d.DataSourceTransactionManager     : Initiating transaction commit
2025-03-29T11:45:11.256+01:00 DEBUG 66871 --- [users-service] [tomcat-handler-18] o.s.j.d.DataSourceTransactionManager     : Committing JDBC transaction on Connection [HikariProxyConnection@664741173 wrapping conn0: url=jdbc:h2:mem:mydb user=SA]
2025-03-29T11:45:11.257+01:00 DEBUG 66871 --- [users-service] [tomcat-handler-18] o.s.jdbc.datasource.DataSourceUtils      : Resetting read-only flag of JDBC Connection [HikariProxyConnection@664741173 wrapping conn0: url=jdbc:h2:mem:mydb user=SA]
2025-03-29T11:45:11.257+01:00 DEBUG 66871 --- [users-service] [tomcat-handler-18] o.s.j.d.DataSourceTransactionManager     : Releasing JDBC Connection [HikariProxyConnection@664741173 wrapping conn0: url=jdbc:h2:mem:mydb user=SA] after transaction
2025-03-29T11:45:11.266+01:00 DEBUG 66871 --- [users-service] [tomcat-handler-18] o.s.w.s.m.m.a.HttpEntityMethodProcessor  : Using 'application/json', given [*/*] and supported [application/json]
2025-03-29T11:45:11.266+01:00 DEBUG 66871 --- [users-service] [tomcat-handler-18] o.s.w.s.m.m.a.HttpEntityMethodProcessor  : Writing [AppResponse[timestamp=2025-03-29T11:45:11.265681, status=200 OK, message=Otp request verification pr (truncated)...]
2025-03-29T11:45:11.268+01:00 DEBUG 66871 --- [users-service] [tomcat-handler-18] o.s.web.servlet.DispatcherServlet        : Completed 200 OK
2025-03-29T11:45:12.107+01:00 DEBUG 66871 --- [users-service] [tomcat-handler-19] o.s.web.servlet.DispatcherServlet        : POST "/api/users/notification/otp/verify", parameters={}
2025-03-29T11:45:12.107+01:00 DEBUG 66871 --- [users-service] [tomcat-handler-19] s.w.s.m.m.a.RequestMappingHandlerMapping : Mapped to org.meristem.oneapp.usersservice.controllers.NotificationController#verifyOtp(VerifyOtpRequest)
2025-03-29T11:45:12.108+01:00 DEBUG 66871 --- [users-service] [tomcat-handler-19] m.m.a.RequestResponseBodyMethodProcessor : Read "application/json;charset=UTF-8" to [VerifyOtpRequest[otp=2390669, otpType=1, recipient=kingsleyog95@gmail.com]]
2025-03-29T11:45:12.108+01:00 DEBUG 66871 --- [users-service] [tomcat-handler-19] o.s.j.d.DataSourceTransactionManager     : Creating new transaction with name [org.springframework.data.jdbc.repository.support.SimpleJdbcRepository.findByOtpTypeAndCodeAndUserId]: PROPAGATION_REQUIRED,ISOLATION_DEFAULT,readOnly
2025-03-29T11:45:12.108+01:00 DEBUG 66871 --- [users-service] [tomcat-handler-19] o.s.j.d.DataSourceTransactionManager     : Acquired Connection [HikariProxyConnection@15439743 wrapping conn0: url=jdbc:h2:mem:mydb user=SA] for JDBC transaction
2025-03-29T11:45:12.111+01:00 DEBUG 66871 --- [users-service] [tomcat-handler-19] o.s.jdbc.datasource.DataSourceUtils      : Setting JDBC Connection [HikariProxyConnection@15439743 wrapping conn0: url=jdbc:h2:mem:mydb user=SA] read-only
2025-03-29T11:45:12.111+01:00 DEBUG 66871 --- [users-service] [tomcat-handler-19] o.s.j.d.DataSourceTransactionManager     : Switching JDBC Connection [HikariProxyConnection@15439743 wrapping conn0: url=jdbc:h2:mem:mydb user=SA] to manual commit
2025-03-29T11:45:12.113+01:00 DEBUG 66871 --- [users-service] [tomcat-handler-19] o.s.jdbc.core.JdbcTemplate               : Executing prepared SQL query
2025-03-29T11:45:12.117+01:00 DEBUG 66871 --- [users-service] [tomcat-handler-19] o.s.jdbc.core.JdbcTemplate               : Executing prepared SQL statement [SELECT "otp_verification"."ID" AS "ID", "otp_verification"."code" AS "code", "otp_verification"."user_id" AS "user_id", "otp_verification"."otp_type" AS "otp_type", "otp_verification"."VERSION" AS "VERSION", "otp_verification"."verified" AS "verified", "otp_verification"."CREATED_BY" AS "CREATED_BY", "otp_verification"."expires_at" AS "expires_at", "otp_verification"."CREATED_DATE" AS "CREATED_DATE", "otp_verification"."LAST_MODIFIED_BY" AS "LAST_MODIFIED_BY", "otp_verification"."LAST_MODIFIED_DATE" AS "LAST_MODIFIED_DATE" FROM "otp_verification" WHERE "otp_verification"."otp_type" = ? AND ("otp_verification"."code" = ?) AND ("otp_verification"."user_id" = ?)]
2025-03-29T11:45:12.117+01:00 DEBUG 66871 --- [users-service] [tomcat-handler-19] o.s.j.d.DataSourceTransactionManager     : Initiating transaction commit
2025-03-29T11:45:12.151+01:00 DEBUG 66871 --- [users-service] [tomcat-handler-19] o.s.j.d.DataSourceTransactionManager     : Committing JDBC transaction on Connection [HikariProxyConnection@15439743 wrapping conn0: url=jdbc:h2:mem:mydb user=SA]
2025-03-29T11:45:12.151+01:00 DEBUG 66871 --- [users-service] [tomcat-handler-19] o.s.jdbc.datasource.DataSourceUtils      : Resetting read-only flag of JDBC Connection [HikariProxyConnection@15439743 wrapping conn0: url=jdbc:h2:mem:mydb user=SA]
2025-03-29T11:45:12.151+01:00 DEBUG 66871 --- [users-service] [tomcat-handler-19] o.s.j.d.DataSourceTransactionManager     : Releasing JDBC Connection [HikariProxyConnection@15439743 wrapping conn0: url=jdbc:h2:mem:mydb user=SA] after transaction
2025-03-29T11:45:12.157+01:00 DEBUG 66871 --- [users-service] [tomcat-handler-19] o.s.w.s.m.m.a.HttpEntityMethodProcessor  : Using 'application/json', given [*/*] and supported [application/json]
2025-03-29T11:45:12.157+01:00 DEBUG 66871 --- [users-service] [tomcat-handler-19] o.s.w.s.m.m.a.HttpEntityMethodProcessor  : Writing [AppResponse[timestamp=2025-03-29T11:45:12.157007, status=200 OK, message=Otp request verification pr (truncated)...]
2025-03-29T11:45:12.157+01:00 DEBUG 66871 --- [users-service] [tomcat-handler-19] o.s.web.servlet.DispatcherServlet        : Completed 200 OK
2025-03-29T11:45:13.024+01:00 DEBUG 66871 --- [users-service] [tomcat-handler-20] o.s.web.servlet.DispatcherServlet        : POST "/api/users/notification/otp/verify", parameters={}
2025-03-29T11:45:13.024+01:00 DEBUG 66871 --- [users-service] [tomcat-handler-20] s.w.s.m.m.a.RequestMappingHandlerMapping : Mapped to org.meristem.oneapp.usersservice.controllers.NotificationController#verifyOtp(VerifyOtpRequest)
2025-03-29T11:45:13.026+01:00 DEBUG 66871 --- [users-service] [tomcat-handler-20] m.m.a.RequestResponseBodyMethodProcessor : Read "application/json;charset=UTF-8" to [VerifyOtpRequest[otp=2390669, otpType=1, recipient=kingsleyog95@gmail.com]]
2025-03-29T11:45:13.027+01:00 DEBUG 66871 --- [users-service] [tomcat-handler-20] o.s.j.d.DataSourceTransactionManager     : Creating new transaction with name [org.springframework.data.jdbc.repository.support.SimpleJdbcRepository.findByOtpTypeAndCodeAndUserId]: PROPAGATION_REQUIRED,ISOLATION_DEFAULT,readOnly
2025-03-29T11:45:13.027+01:00 DEBUG 66871 --- [users-service] [tomcat-handler-20] o.s.j.d.DataSourceTransactionManager     : Acquired Connection [HikariProxyConnection@1759333201 wrapping conn0: url=jdbc:h2:mem:mydb user=SA] for JDBC transaction
2025-03-29T11:45:13.027+01:00 DEBUG 66871 --- [users-service] [tomcat-handler-20] o.s.jdbc.datasource.DataSourceUtils      : Setting JDBC Connection [HikariProxyConnection@1759333201 wrapping conn0: url=jdbc:h2:mem:mydb user=SA] read-only
2025-03-29T11:45:13.028+01:00 DEBUG 66871 --- [users-service] [tomcat-handler-20] o.s.j.d.DataSourceTransactionManager     : Switching JDBC Connection [HikariProxyConnection@1759333201 wrapping conn0: url=jdbc:h2:mem:mydb user=SA] to manual commit
2025-03-29T11:45:13.031+01:00 DEBUG 66871 --- [users-service] [tomcat-handler-20] o.s.jdbc.core.JdbcTemplate               : Executing prepared SQL query
2025-03-29T11:45:13.031+01:00 DEBUG 66871 --- [users-service] [tomcat-handler-20] o.s.jdbc.core.JdbcTemplate               : Executing prepared SQL statement [SELECT "otp_verification"."ID" AS "ID", "otp_verification"."code" AS "code", "otp_verification"."user_id" AS "user_id", "otp_verification"."otp_type" AS "otp_type", "otp_verification"."VERSION" AS "VERSION", "otp_verification"."verified" AS "verified", "otp_verification"."CREATED_BY" AS "CREATED_BY", "otp_verification"."expires_at" AS "expires_at", "otp_verification"."CREATED_DATE" AS "CREATED_DATE", "otp_verification"."LAST_MODIFIED_BY" AS "LAST_MODIFIED_BY", "otp_verification"."LAST_MODIFIED_DATE" AS "LAST_MODIFIED_DATE" FROM "otp_verification" WHERE "otp_verification"."otp_type" = ? AND ("otp_verification"."code" = ?) AND ("otp_verification"."user_id" = ?)]
2025-03-29T11:45:13.037+01:00 DEBUG 66871 --- [users-service] [tomcat-handler-20] o.s.j.d.DataSourceTransactionManager     : Initiating transaction commit
2025-03-29T11:45:13.038+01:00 DEBUG 66871 --- [users-service] [tomcat-handler-20] o.s.j.d.DataSourceTransactionManager     : Committing JDBC transaction on Connection [HikariProxyConnection@1759333201 wrapping conn0: url=jdbc:h2:mem:mydb user=SA]
2025-03-29T11:45:13.041+01:00 DEBUG 66871 --- [users-service] [tomcat-handler-20] o.s.jdbc.datasource.DataSourceUtils      : Resetting read-only flag of JDBC Connection [HikariProxyConnection@1759333201 wrapping conn0: url=jdbc:h2:mem:mydb user=SA]
2025-03-29T11:45:13.041+01:00 DEBUG 66871 --- [users-service] [tomcat-handler-20] o.s.j.d.DataSourceTransactionManager     : Releasing JDBC Connection [HikariProxyConnection@1759333201 wrapping conn0: url=jdbc:h2:mem:mydb user=SA] after transaction
2025-03-29T11:45:13.041+01:00 DEBUG 66871 --- [users-service] [tomcat-handler-20] o.s.w.s.m.m.a.HttpEntityMethodProcessor  : Using 'application/json', given [*/*] and supported [application/json]
2025-03-29T11:45:13.046+01:00 DEBUG 66871 --- [users-service] [tomcat-handler-20] o.s.w.s.m.m.a.HttpEntityMethodProcessor  : Writing [AppResponse[timestamp=2025-03-29T11:45:13.041581, status=200 OK, message=Otp request verification pr (truncated)...]
2025-03-29T11:45:13.047+01:00 DEBUG 66871 --- [users-service] [tomcat-handler-20] o.s.web.servlet.DispatcherServlet        : Completed 200 OK
2025-03-29T11:45:13.963+01:00 DEBUG 66871 --- [users-service] [tomcat-handler-21] o.s.web.servlet.DispatcherServlet        : POST "/api/users/notification/otp/verify", parameters={}
2025-03-29T11:45:13.964+01:00 DEBUG 66871 --- [users-service] [tomcat-handler-21] s.w.s.m.m.a.RequestMappingHandlerMapping : Mapped to org.meristem.oneapp.usersservice.controllers.NotificationController#verifyOtp(VerifyOtpRequest)
2025-03-29T11:45:13.965+01:00 DEBUG 66871 --- [users-service] [tomcat-handler-21] m.m.a.RequestResponseBodyMethodProcessor : Read "application/json;charset=UTF-8" to [VerifyOtpRequest[otp=2390669, otpType=1, recipient=kingsleyog95@gmail.com]]
2025-03-29T11:45:13.965+01:00 DEBUG 66871 --- [users-service] [tomcat-handler-21] o.s.j.d.DataSourceTransactionManager     : Creating new transaction with name [org.springframework.data.jdbc.repository.support.SimpleJdbcRepository.findByOtpTypeAndCodeAndUserId]: PROPAGATION_REQUIRED,ISOLATION_DEFAULT,readOnly
2025-03-29T11:45:13.966+01:00 DEBUG 66871 --- [users-service] [tomcat-handler-21] o.s.j.d.DataSourceTransactionManager     : Acquired Connection [HikariProxyConnection@1939420497 wrapping conn0: url=jdbc:h2:mem:mydb user=SA] for JDBC transaction
2025-03-29T11:45:13.969+01:00 DEBUG 66871 --- [users-service] [tomcat-handler-21] o.s.jdbc.datasource.DataSourceUtils      : Setting JDBC Connection [HikariProxyConnection@1939420497 wrapping conn0: url=jdbc:h2:mem:mydb user=SA] read-only
2025-03-29T11:45:13.969+01:00 DEBUG 66871 --- [users-service] [tomcat-handler-21] o.s.j.d.DataSourceTransactionManager     : Switching JDBC Connection [HikariProxyConnection@1939420497 wrapping conn0: url=jdbc:h2:mem:mydb user=SA] to manual commit
2025-03-29T11:45:13.970+01:00 DEBUG 66871 --- [users-service] [tomcat-handler-21] o.s.jdbc.core.JdbcTemplate               : Executing prepared SQL query
2025-03-29T11:45:13.973+01:00 DEBUG 66871 --- [users-service] [tomcat-handler-21] o.s.jdbc.core.JdbcTemplate               : Executing prepared SQL statement [SELECT "otp_verification"."ID" AS "ID", "otp_verification"."code" AS "code", "otp_verification"."user_id" AS "user_id", "otp_verification"."otp_type" AS "otp_type", "otp_verification"."VERSION" AS "VERSION", "otp_verification"."verified" AS "verified", "otp_verification"."CREATED_BY" AS "CREATED_BY", "otp_verification"."expires_at" AS "expires_at", "otp_verification"."CREATED_DATE" AS "CREATED_DATE", "otp_verification"."LAST_MODIFIED_BY" AS "LAST_MODIFIED_BY", "otp_verification"."LAST_MODIFIED_DATE" AS "LAST_MODIFIED_DATE" FROM "otp_verification" WHERE "otp_verification"."otp_type" = ? AND ("otp_verification"."code" = ?) AND ("otp_verification"."user_id" = ?)]
2025-03-29T11:45:13.974+01:00 DEBUG 66871 --- [users-service] [tomcat-handler-21] o.s.j.d.DataSourceTransactionManager     : Initiating transaction commit
2025-03-29T11:45:13.979+01:00 DEBUG 66871 --- [users-service] [tomcat-handler-21] o.s.j.d.DataSourceTransactionManager     : Committing JDBC transaction on Connection [HikariProxyConnection@1939420497 wrapping conn0: url=jdbc:h2:mem:mydb user=SA]
2025-03-29T11:45:13.979+01:00 DEBUG 66871 --- [users-service] [tomcat-handler-21] o.s.jdbc.datasource.DataSourceUtils      : Resetting read-only flag of JDBC Connection [HikariProxyConnection@1939420497 wrapping conn0: url=jdbc:h2:mem:mydb user=SA]
2025-03-29T11:45:13.979+01:00 DEBUG 66871 --- [users-service] [tomcat-handler-21] o.s.j.d.DataSourceTransactionManager     : Releasing JDBC Connection [HikariProxyConnection@1939420497 wrapping conn0: url=jdbc:h2:mem:mydb user=SA] after transaction
2025-03-29T11:45:13.988+01:00 DEBUG 66871 --- [users-service] [tomcat-handler-21] o.s.w.s.m.m.a.HttpEntityMethodProcessor  : Using 'application/json', given [*/*] and supported [application/json]
2025-03-29T11:45:13.988+01:00 DEBUG 66871 --- [users-service] [tomcat-handler-21] o.s.w.s.m.m.a.HttpEntityMethodProcessor  : Writing [AppResponse[timestamp=2025-03-29T11:45:13.987560, status=200 OK, message=Otp request verification pr (truncated)...]
2025-03-29T11:45:13.989+01:00 DEBUG 66871 --- [users-service] [tomcat-handler-21] o.s.web.servlet.DispatcherServlet        : Completed 200 OK
2025-03-29T11:45:14.929+01:00 DEBUG 66871 --- [users-service] [tomcat-handler-22] o.s.web.servlet.DispatcherServlet        : POST "/api/users/notification/otp/verify", parameters={}
2025-03-29T11:45:14.930+01:00 DEBUG 66871 --- [users-service] [tomcat-handler-22] s.w.s.m.m.a.RequestMappingHandlerMapping : Mapped to org.meristem.oneapp.usersservice.controllers.NotificationController#verifyOtp(VerifyOtpRequest)
2025-03-29T11:45:14.931+01:00 DEBUG 66871 --- [users-service] [tomcat-handler-22] m.m.a.RequestResponseBodyMethodProcessor : Read "application/json;charset=UTF-8" to [VerifyOtpRequest[otp=2390669, otpType=1, recipient=kingsleyog95@gmail.com]]
2025-03-29T11:45:14.932+01:00 DEBUG 66871 --- [users-service] [tomcat-handler-22] o.s.j.d.DataSourceTransactionManager     : Creating new transaction with name [org.springframework.data.jdbc.repository.support.SimpleJdbcRepository.findByOtpTypeAndCodeAndUserId]: PROPAGATION_REQUIRED,ISOLATION_DEFAULT,readOnly
2025-03-29T11:45:14.932+01:00 DEBUG 66871 --- [users-service] [tomcat-handler-22] o.s.j.d.DataSourceTransactionManager     : Acquired Connection [HikariProxyConnection@1247035510 wrapping conn0: url=jdbc:h2:mem:mydb user=SA] for JDBC transaction
2025-03-29T11:45:14.932+01:00 DEBUG 66871 --- [users-service] [tomcat-handler-22] o.s.jdbc.datasource.DataSourceUtils      : Setting JDBC Connection [HikariProxyConnection@1247035510 wrapping conn0: url=jdbc:h2:mem:mydb user=SA] read-only
2025-03-29T11:45:14.934+01:00 DEBUG 66871 --- [users-service] [tomcat-handler-22] o.s.j.d.DataSourceTransactionManager     : Switching JDBC Connection [HikariProxyConnection@1247035510 wrapping conn0: url=jdbc:h2:mem:mydb user=SA] to manual commit
2025-03-29T11:45:14.936+01:00 DEBUG 66871 --- [users-service] [tomcat-handler-22] o.s.jdbc.core.JdbcTemplate               : Executing prepared SQL query
2025-03-29T11:45:14.936+01:00 DEBUG 66871 --- [users-service] [tomcat-handler-22] o.s.jdbc.core.JdbcTemplate               : Executing prepared SQL statement [SELECT "otp_verification"."ID" AS "ID", "otp_verification"."code" AS "code", "otp_verification"."user_id" AS "user_id", "otp_verification"."otp_type" AS "otp_type", "otp_verification"."VERSION" AS "VERSION", "otp_verification"."verified" AS "verified", "otp_verification"."CREATED_BY" AS "CREATED_BY", "otp_verification"."expires_at" AS "expires_at", "otp_verification"."CREATED_DATE" AS "CREATED_DATE", "otp_verification"."LAST_MODIFIED_BY" AS "LAST_MODIFIED_BY", "otp_verification"."LAST_MODIFIED_DATE" AS "LAST_MODIFIED_DATE" FROM "otp_verification" WHERE "otp_verification"."otp_type" = ? AND ("otp_verification"."code" = ?) AND ("otp_verification"."user_id" = ?)]
2025-03-29T11:45:14.940+01:00 DEBUG 66871 --- [users-service] [tomcat-handler-22] o.s.j.d.DataSourceTransactionManager     : Initiating transaction commit
2025-03-29T11:45:14.940+01:00 DEBUG 66871 --- [users-service] [tomcat-handler-22] o.s.j.d.DataSourceTransactionManager     : Committing JDBC transaction on Connection [HikariProxyConnection@1247035510 wrapping conn0: url=jdbc:h2:mem:mydb user=SA]
2025-03-29T11:45:14.949+01:00 DEBUG 66871 --- [users-service] [tomcat-handler-22] o.s.jdbc.datasource.DataSourceUtils      : Resetting read-only flag of JDBC Connection [HikariProxyConnection@1247035510 wrapping conn0: url=jdbc:h2:mem:mydb user=SA]
2025-03-29T11:45:14.949+01:00 DEBUG 66871 --- [users-service] [tomcat-handler-22] o.s.j.d.DataSourceTransactionManager     : Releasing JDBC Connection [HikariProxyConnection@1247035510 wrapping conn0: url=jdbc:h2:mem:mydb user=SA] after transaction
2025-03-29T11:45:14.949+01:00 DEBUG 66871 --- [users-service] [tomcat-handler-22] o.s.w.s.m.m.a.HttpEntityMethodProcessor  : Using 'application/json', given [*/*] and supported [application/json]
2025-03-29T11:45:14.960+01:00 DEBUG 66871 --- [users-service] [tomcat-handler-22] o.s.w.s.m.m.a.HttpEntityMethodProcessor  : Writing [AppResponse[timestamp=2025-03-29T11:45:14.949572, status=200 OK, message=Otp request verification pr (truncated)...]
2025-03-29T11:45:14.961+01:00 DEBUG 66871 --- [users-service] [tomcat-handler-22] o.s.web.servlet.DispatcherServlet        : Completed 200 OK
2025-03-29T11:45:15.761+01:00 DEBUG 66871 --- [users-service] [tomcat-handler-23] o.s.web.servlet.DispatcherServlet        : POST "/api/users/notification/otp/verify", parameters={}
2025-03-29T11:45:15.762+01:00 DEBUG 66871 --- [users-service] [tomcat-handler-23] s.w.s.m.m.a.RequestMappingHandlerMapping : Mapped to org.meristem.oneapp.usersservice.controllers.NotificationController#verifyOtp(VerifyOtpRequest)
2025-03-29T11:45:15.763+01:00 DEBUG 66871 --- [users-service] [tomcat-handler-23] m.m.a.RequestResponseBodyMethodProcessor : Read "application/json;charset=UTF-8" to [VerifyOtpRequest[otp=2390669, otpType=1, recipient=kingsleyog95@gmail.com]]
2025-03-29T11:45:15.764+01:00 DEBUG 66871 --- [users-service] [tomcat-handler-23] o.s.j.d.DataSourceTransactionManager     : Creating new transaction with name [org.springframework.data.jdbc.repository.support.SimpleJdbcRepository.findByOtpTypeAndCodeAndUserId]: PROPAGATION_REQUIRED,ISOLATION_DEFAULT,readOnly
2025-03-29T11:45:15.764+01:00 DEBUG 66871 --- [users-service] [tomcat-handler-23] o.s.j.d.DataSourceTransactionManager     : Acquired Connection [HikariProxyConnection@1349623050 wrapping conn0: url=jdbc:h2:mem:mydb user=SA] for JDBC transaction
2025-03-29T11:45:15.767+01:00 DEBUG 66871 --- [users-service] [tomcat-handler-23] o.s.jdbc.datasource.DataSourceUtils      : Setting JDBC Connection [HikariProxyConnection@1349623050 wrapping conn0: url=jdbc:h2:mem:mydb user=SA] read-only
2025-03-29T11:45:15.768+01:00 DEBUG 66871 --- [users-service] [tomcat-handler-23] o.s.j.d.DataSourceTransactionManager     : Switching JDBC Connection [HikariProxyConnection@1349623050 wrapping conn0: url=jdbc:h2:mem:mydb user=SA] to manual commit
2025-03-29T11:45:15.769+01:00 DEBUG 66871 --- [users-service] [tomcat-handler-23] o.s.jdbc.core.JdbcTemplate               : Executing prepared SQL query
2025-03-29T11:45:15.772+01:00 DEBUG 66871 --- [users-service] [tomcat-handler-23] o.s.jdbc.core.JdbcTemplate               : Executing prepared SQL statement [SELECT "otp_verification"."ID" AS "ID", "otp_verification"."code" AS "code", "otp_verification"."user_id" AS "user_id", "otp_verification"."otp_type" AS "otp_type", "otp_verification"."VERSION" AS "VERSION", "otp_verification"."verified" AS "verified", "otp_verification"."CREATED_BY" AS "CREATED_BY", "otp_verification"."expires_at" AS "expires_at", "otp_verification"."CREATED_DATE" AS "CREATED_DATE", "otp_verification"."LAST_MODIFIED_BY" AS "LAST_MODIFIED_BY", "otp_verification"."LAST_MODIFIED_DATE" AS "LAST_MODIFIED_DATE" FROM "otp_verification" WHERE "otp_verification"."otp_type" = ? AND ("otp_verification"."code" = ?) AND ("otp_verification"."user_id" = ?)]
2025-03-29T11:45:15.774+01:00 DEBUG 66871 --- [users-service] [tomcat-handler-23] o.s.j.d.DataSourceTransactionManager     : Initiating transaction commit
2025-03-29T11:45:15.779+01:00 DEBUG 66871 --- [users-service] [tomcat-handler-23] o.s.j.d.DataSourceTransactionManager     : Committing JDBC transaction on Connection [HikariProxyConnection@1349623050 wrapping conn0: url=jdbc:h2:mem:mydb user=SA]
2025-03-29T11:45:15.779+01:00 DEBUG 66871 --- [users-service] [tomcat-handler-23] o.s.jdbc.datasource.DataSourceUtils      : Resetting read-only flag of JDBC Connection [HikariProxyConnection@1349623050 wrapping conn0: url=jdbc:h2:mem:mydb user=SA]
2025-03-29T11:45:15.779+01:00 DEBUG 66871 --- [users-service] [tomcat-handler-23] o.s.j.d.DataSourceTransactionManager     : Releasing JDBC Connection [HikariProxyConnection@1349623050 wrapping conn0: url=jdbc:h2:mem:mydb user=SA] after transaction
2025-03-29T11:45:15.789+01:00 DEBUG 66871 --- [users-service] [tomcat-handler-23] o.s.w.s.m.m.a.HttpEntityMethodProcessor  : Using 'application/json', given [*/*] and supported [application/json]
2025-03-29T11:45:15.789+01:00 DEBUG 66871 --- [users-service] [tomcat-handler-23] o.s.w.s.m.m.a.HttpEntityMethodProcessor  : Writing [AppResponse[timestamp=2025-03-29T11:45:15.788843, status=200 OK, message=Otp request verification pr (truncated)...]
2025-03-29T11:45:15.790+01:00 DEBUG 66871 --- [users-service] [tomcat-handler-23] o.s.web.servlet.DispatcherServlet        : Completed 200 OK
2025-03-29T11:45:17.057+01:00 DEBUG 66871 --- [users-service] [tomcat-handler-24] o.s.web.servlet.DispatcherServlet        : POST "/api/users/notification/otp/verify", parameters={}
2025-03-29T11:45:17.058+01:00 DEBUG 66871 --- [users-service] [tomcat-handler-24] s.w.s.m.m.a.RequestMappingHandlerMapping : Mapped to org.meristem.oneapp.usersservice.controllers.NotificationController#verifyOtp(VerifyOtpRequest)
2025-03-29T11:45:17.059+01:00 DEBUG 66871 --- [users-service] [tomcat-handler-24] m.m.a.RequestResponseBodyMethodProcessor : Read "application/json;charset=UTF-8" to [VerifyOtpRequest[otp=2390669, otpType=1, recipient=kingsleyog95@gmail.com]]
2025-03-29T11:45:17.060+01:00 DEBUG 66871 --- [users-service] [tomcat-handler-24] o.s.j.d.DataSourceTransactionManager     : Creating new transaction with name [org.springframework.data.jdbc.repository.support.SimpleJdbcRepository.findByOtpTypeAndCodeAndUserId]: PROPAGATION_REQUIRED,ISOLATION_DEFAULT,readOnly
2025-03-29T11:45:17.060+01:00 DEBUG 66871 --- [users-service] [tomcat-handler-24] o.s.j.d.DataSourceTransactionManager     : Acquired Connection [HikariProxyConnection@814793904 wrapping conn0: url=jdbc:h2:mem:mydb user=SA] for JDBC transaction
2025-03-29T11:45:17.060+01:00 DEBUG 66871 --- [users-service] [tomcat-handler-24] o.s.jdbc.datasource.DataSourceUtils      : Setting JDBC Connection [HikariProxyConnection@814793904 wrapping conn0: url=jdbc:h2:mem:mydb user=SA] read-only
2025-03-29T11:45:17.060+01:00 DEBUG 66871 --- [users-service] [tomcat-handler-24] o.s.j.d.DataSourceTransactionManager     : Switching JDBC Connection [HikariProxyConnection@814793904 wrapping conn0: url=jdbc:h2:mem:mydb user=SA] to manual commit
2025-03-29T11:45:17.067+01:00 DEBUG 66871 --- [users-service] [tomcat-handler-24] o.s.jdbc.core.JdbcTemplate               : Executing prepared SQL query
2025-03-29T11:45:17.067+01:00 DEBUG 66871 --- [users-service] [tomcat-handler-24] o.s.jdbc.core.JdbcTemplate               : Executing prepared SQL statement [SELECT "otp_verification"."ID" AS "ID", "otp_verification"."code" AS "code", "otp_verification"."user_id" AS "user_id", "otp_verification"."otp_type" AS "otp_type", "otp_verification"."VERSION" AS "VERSION", "otp_verification"."verified" AS "verified", "otp_verification"."CREATED_BY" AS "CREATED_BY", "otp_verification"."expires_at" AS "expires_at", "otp_verification"."CREATED_DATE" AS "CREATED_DATE", "otp_verification"."LAST_MODIFIED_BY" AS "LAST_MODIFIED_BY", "otp_verification"."LAST_MODIFIED_DATE" AS "LAST_MODIFIED_DATE" FROM "otp_verification" WHERE "otp_verification"."otp_type" = ? AND ("otp_verification"."code" = ?) AND ("otp_verification"."user_id" = ?)]
2025-03-29T11:45:17.073+01:00 DEBUG 66871 --- [users-service] [tomcat-handler-24] o.s.j.d.DataSourceTransactionManager     : Initiating transaction commit
2025-03-29T11:45:17.073+01:00 DEBUG 66871 --- [users-service] [tomcat-handler-24] o.s.j.d.DataSourceTransactionManager     : Committing JDBC transaction on Connection [HikariProxyConnection@814793904 wrapping conn0: url=jdbc:h2:mem:mydb user=SA]
2025-03-29T11:45:17.073+01:00 DEBUG 66871 --- [users-service] [tomcat-handler-24] o.s.jdbc.datasource.DataSourceUtils      : Resetting read-only flag of JDBC Connection [HikariProxyConnection@814793904 wrapping conn0: url=jdbc:h2:mem:mydb user=SA]
2025-03-29T11:45:17.083+01:00 DEBUG 66871 --- [users-service] [tomcat-handler-24] o.s.j.d.DataSourceTransactionManager     : Releasing JDBC Connection [HikariProxyConnection@814793904 wrapping conn0: url=jdbc:h2:mem:mydb user=SA] after transaction
2025-03-29T11:45:17.084+01:00 DEBUG 66871 --- [users-service] [tomcat-handler-24] o.s.w.s.m.m.a.HttpEntityMethodProcessor  : Using 'application/json', given [*/*] and supported [application/json]
2025-03-29T11:45:17.084+01:00 DEBUG 66871 --- [users-service] [tomcat-handler-24] o.s.w.s.m.m.a.HttpEntityMethodProcessor  : Writing [AppResponse[timestamp=2025-03-29T11:45:17.083762, status=200 OK, message=Otp request verification pr (truncated)...]
2025-03-29T11:45:17.090+01:00 DEBUG 66871 --- [users-service] [tomcat-handler-24] o.s.web.servlet.DispatcherServlet        : Completed 200 OK
2025-03-29T11:45:18.071+01:00 DEBUG 66871 --- [users-service] [tomcat-handler-25] o.s.web.servlet.DispatcherServlet        : POST "/api/users/notification/otp/verify", parameters={}
2025-03-29T11:45:18.073+01:00 DEBUG 66871 --- [users-service] [tomcat-handler-25] s.w.s.m.m.a.RequestMappingHandlerMapping : Mapped to org.meristem.oneapp.usersservice.controllers.NotificationController#verifyOtp(VerifyOtpRequest)
2025-03-29T11:45:18.077+01:00 DEBUG 66871 --- [users-service] [tomcat-handler-25] m.m.a.RequestResponseBodyMethodProcessor : Read "application/json;charset=UTF-8" to [VerifyOtpRequest[otp=2390669, otpType=1, recipient=kingsleyog95@gmail.com]]
2025-03-29T11:45:18.084+01:00 DEBUG 66871 --- [users-service] [tomcat-handler-25] o.s.j.d.DataSourceTransactionManager     : Creating new transaction with name [org.springframework.data.jdbc.repository.support.SimpleJdbcRepository.findByOtpTypeAndCodeAndUserId]: PROPAGATION_REQUIRED,ISOLATION_DEFAULT,readOnly
2025-03-29T11:45:18.088+01:00 DEBUG 66871 --- [users-service] [tomcat-handler-25] o.s.j.d.DataSourceTransactionManager     : Acquired Connection [HikariProxyConnection@487863745 wrapping conn0: url=jdbc:h2:mem:mydb user=SA] for JDBC transaction
2025-03-29T11:45:18.094+01:00 DEBUG 66871 --- [users-service] [tomcat-handler-25] o.s.jdbc.datasource.DataSourceUtils      : Setting JDBC Connection [HikariProxyConnection@487863745 wrapping conn0: url=jdbc:h2:mem:mydb user=SA] read-only
2025-03-29T11:45:18.094+01:00 DEBUG 66871 --- [users-service] [tomcat-handler-25] o.s.j.d.DataSourceTransactionManager     : Switching JDBC Connection [HikariProxyConnection@487863745 wrapping conn0: url=jdbc:h2:mem:mydb user=SA] to manual commit
2025-03-29T11:45:18.096+01:00 DEBUG 66871 --- [users-service] [tomcat-handler-25] o.s.jdbc.core.JdbcTemplate               : Executing prepared SQL query
2025-03-29T11:45:18.105+01:00 DEBUG 66871 --- [users-service] [tomcat-handler-25] o.s.jdbc.core.JdbcTemplate               : Executing prepared SQL statement [SELECT "otp_verification"."ID" AS "ID", "otp_verification"."code" AS "code", "otp_verification"."user_id" AS "user_id", "otp_verification"."otp_type" AS "otp_type", "otp_verification"."VERSION" AS "VERSION", "otp_verification"."verified" AS "verified", "otp_verification"."CREATED_BY" AS "CREATED_BY", "otp_verification"."expires_at" AS "expires_at", "otp_verification"."CREATED_DATE" AS "CREATED_DATE", "otp_verification"."LAST_MODIFIED_BY" AS "LAST_MODIFIED_BY", "otp_verification"."LAST_MODIFIED_DATE" AS "LAST_MODIFIED_DATE" FROM "otp_verification" WHERE "otp_verification"."otp_type" = ? AND ("otp_verification"."code" = ?) AND ("otp_verification"."user_id" = ?)]
2025-03-29T11:45:18.106+01:00 DEBUG 66871 --- [users-service] [tomcat-handler-25] o.s.j.d.DataSourceTransactionManager     : Initiating transaction commit
2025-03-29T11:45:18.113+01:00 DEBUG 66871 --- [users-service] [tomcat-handler-25] o.s.j.d.DataSourceTransactionManager     : Committing JDBC transaction on Connection [HikariProxyConnection@487863745 wrapping conn0: url=jdbc:h2:mem:mydb user=SA]
2025-03-29T11:45:18.113+01:00 DEBUG 66871 --- [users-service] [tomcat-handler-25] o.s.jdbc.datasource.DataSourceUtils      : Resetting read-only flag of JDBC Connection [HikariProxyConnection@487863745 wrapping conn0: url=jdbc:h2:mem:mydb user=SA]
2025-03-29T11:45:18.114+01:00 DEBUG 66871 --- [users-service] [tomcat-handler-25] o.s.j.d.DataSourceTransactionManager     : Releasing JDBC Connection [HikariProxyConnection@487863745 wrapping conn0: url=jdbc:h2:mem:mydb user=SA] after transaction
2025-03-29T11:45:18.123+01:00 DEBUG 66871 --- [users-service] [tomcat-handler-25] o.s.w.s.m.m.a.HttpEntityMethodProcessor  : Using 'application/json', given [*/*] and supported [application/json]
2025-03-29T11:45:18.124+01:00 DEBUG 66871 --- [users-service] [tomcat-handler-25] o.s.w.s.m.m.a.HttpEntityMethodProcessor  : Writing [AppResponse[timestamp=2025-03-29T11:45:18.122898, status=200 OK, message=Otp request verification pr (truncated)...]
2025-03-29T11:45:18.125+01:00 DEBUG 66871 --- [users-service] [tomcat-handler-25] o.s.web.servlet.DispatcherServlet        : Completed 200 OK
2025-03-29T11:45:19.356+01:00 DEBUG 66871 --- [users-service] [tomcat-handler-26] o.s.web.servlet.DispatcherServlet        : POST "/api/users/notification/otp/verify", parameters={}
2025-03-29T11:45:19.357+01:00 DEBUG 66871 --- [users-service] [tomcat-handler-26] s.w.s.m.m.a.RequestMappingHandlerMapping : Mapped to org.meristem.oneapp.usersservice.controllers.NotificationController#verifyOtp(VerifyOtpRequest)
2025-03-29T11:45:19.358+01:00 DEBUG 66871 --- [users-service] [tomcat-handler-26] m.m.a.RequestResponseBodyMethodProcessor : Read "application/json;charset=UTF-8" to [VerifyOtpRequest[otp=2390669, otpType=1, recipient=kingsleyog95@gmail.com]]
2025-03-29T11:45:19.359+01:00 DEBUG 66871 --- [users-service] [tomcat-handler-26] o.s.j.d.DataSourceTransactionManager     : Creating new transaction with name [org.springframework.data.jdbc.repository.support.SimpleJdbcRepository.findByOtpTypeAndCodeAndUserId]: PROPAGATION_REQUIRED,ISOLATION_DEFAULT,readOnly
2025-03-29T11:45:19.359+01:00 DEBUG 66871 --- [users-service] [tomcat-handler-26] o.s.j.d.DataSourceTransactionManager     : Acquired Connection [HikariProxyConnection@622437847 wrapping conn0: url=jdbc:h2:mem:mydb user=SA] for JDBC transaction
2025-03-29T11:45:19.359+01:00 DEBUG 66871 --- [users-service] [tomcat-handler-26] o.s.jdbc.datasource.DataSourceUtils      : Setting JDBC Connection [HikariProxyConnection@622437847 wrapping conn0: url=jdbc:h2:mem:mydb user=SA] read-only
2025-03-29T11:45:19.363+01:00 DEBUG 66871 --- [users-service] [tomcat-handler-26] o.s.j.d.DataSourceTransactionManager     : Switching JDBC Connection [HikariProxyConnection@622437847 wrapping conn0: url=jdbc:h2:mem:mydb user=SA] to manual commit
2025-03-29T11:45:19.364+01:00 DEBUG 66871 --- [users-service] [tomcat-handler-26] o.s.jdbc.core.JdbcTemplate               : Executing prepared SQL query
2025-03-29T11:45:19.365+01:00 DEBUG 66871 --- [users-service] [tomcat-handler-26] o.s.jdbc.core.JdbcTemplate               : Executing prepared SQL statement [SELECT "otp_verification"."ID" AS "ID", "otp_verification"."code" AS "code", "otp_verification"."user_id" AS "user_id", "otp_verification"."otp_type" AS "otp_type", "otp_verification"."VERSION" AS "VERSION", "otp_verification"."verified" AS "verified", "otp_verification"."CREATED_BY" AS "CREATED_BY", "otp_verification"."expires_at" AS "expires_at", "otp_verification"."CREATED_DATE" AS "CREATED_DATE", "otp_verification"."LAST_MODIFIED_BY" AS "LAST_MODIFIED_BY", "otp_verification"."LAST_MODIFIED_DATE" AS "LAST_MODIFIED_DATE" FROM "otp_verification" WHERE "otp_verification"."otp_type" = ? AND ("otp_verification"."code" = ?) AND ("otp_verification"."user_id" = ?)]
2025-03-29T11:45:19.374+01:00 DEBUG 66871 --- [users-service] [tomcat-handler-26] o.s.j.d.DataSourceTransactionManager     : Initiating transaction commit
2025-03-29T11:45:19.374+01:00 DEBUG 66871 --- [users-service] [tomcat-handler-26] o.s.j.d.DataSourceTransactionManager     : Committing JDBC transaction on Connection [HikariProxyConnection@622437847 wrapping conn0: url=jdbc:h2:mem:mydb user=SA]
2025-03-29T11:45:19.386+01:00 DEBUG 66871 --- [users-service] [tomcat-handler-26] o.s.jdbc.datasource.DataSourceUtils      : Resetting read-only flag of JDBC Connection [HikariProxyConnection@622437847 wrapping conn0: url=jdbc:h2:mem:mydb user=SA]
2025-03-29T11:45:19.386+01:00 DEBUG 66871 --- [users-service] [tomcat-handler-26] o.s.j.d.DataSourceTransactionManager     : Releasing JDBC Connection [HikariProxyConnection@622437847 wrapping conn0: url=jdbc:h2:mem:mydb user=SA] after transaction
2025-03-29T11:45:19.387+01:00 DEBUG 66871 --- [users-service] [tomcat-handler-26] o.s.w.s.m.m.a.HttpEntityMethodProcessor  : Using 'application/json', given [*/*] and supported [application/json]
2025-03-29T11:45:19.392+01:00 DEBUG 66871 --- [users-service] [tomcat-handler-26] o.s.w.s.m.m.a.HttpEntityMethodProcessor  : Writing [AppResponse[timestamp=2025-03-29T11:45:19.386903, status=200 OK, message=Otp request verification pr (truncated)...]
2025-03-29T11:45:19.393+01:00 DEBUG 66871 --- [users-service] [tomcat-handler-26] o.s.web.servlet.DispatcherServlet        : Completed 200 OK
2025-03-29T11:45:20.394+01:00 DEBUG 66871 --- [users-service] [tomcat-handler-27] o.s.web.servlet.DispatcherServlet        : POST "/api/users/notification/otp/verify", parameters={}
2025-03-29T11:45:20.395+01:00 DEBUG 66871 --- [users-service] [tomcat-handler-27] s.w.s.m.m.a.RequestMappingHandlerMapping : Mapped to org.meristem.oneapp.usersservice.controllers.NotificationController#verifyOtp(VerifyOtpRequest)
2025-03-29T11:45:20.396+01:00 DEBUG 66871 --- [users-service] [tomcat-handler-27] m.m.a.RequestResponseBodyMethodProcessor : Read "application/json;charset=UTF-8" to [VerifyOtpRequest[otp=2390669, otpType=1, recipient=kingsleyog95@gmail.com]]
2025-03-29T11:45:20.397+01:00 DEBUG 66871 --- [users-service] [tomcat-handler-27] o.s.j.d.DataSourceTransactionManager     : Creating new transaction with name [org.springframework.data.jdbc.repository.support.SimpleJdbcRepository.findByOtpTypeAndCodeAndUserId]: PROPAGATION_REQUIRED,ISOLATION_DEFAULT,readOnly
2025-03-29T11:45:20.397+01:00 DEBUG 66871 --- [users-service] [tomcat-handler-27] o.s.j.d.DataSourceTransactionManager     : Acquired Connection [HikariProxyConnection@359439206 wrapping conn0: url=jdbc:h2:mem:mydb user=SA] for JDBC transaction
2025-03-29T11:45:20.397+01:00 DEBUG 66871 --- [users-service] [tomcat-handler-27] o.s.jdbc.datasource.DataSourceUtils      : Setting JDBC Connection [HikariProxyConnection@359439206 wrapping conn0: url=jdbc:h2:mem:mydb user=SA] read-only
2025-03-29T11:45:20.397+01:00 DEBUG 66871 --- [users-service] [tomcat-handler-27] o.s.j.d.DataSourceTransactionManager     : Switching JDBC Connection [HikariProxyConnection@359439206 wrapping conn0: url=jdbc:h2:mem:mydb user=SA] to manual commit
2025-03-29T11:45:20.409+01:00 DEBUG 66871 --- [users-service] [tomcat-handler-27] o.s.jdbc.core.JdbcTemplate               : Executing prepared SQL query
2025-03-29T11:45:20.409+01:00 DEBUG 66871 --- [users-service] [tomcat-handler-27] o.s.jdbc.core.JdbcTemplate               : Executing prepared SQL statement [SELECT "otp_verification"."ID" AS "ID", "otp_verification"."code" AS "code", "otp_verification"."user_id" AS "user_id", "otp_verification"."otp_type" AS "otp_type", "otp_verification"."VERSION" AS "VERSION", "otp_verification"."verified" AS "verified", "otp_verification"."CREATED_BY" AS "CREATED_BY", "otp_verification"."expires_at" AS "expires_at", "otp_verification"."CREATED_DATE" AS "CREATED_DATE", "otp_verification"."LAST_MODIFIED_BY" AS "LAST_MODIFIED_BY", "otp_verification"."LAST_MODIFIED_DATE" AS "LAST_MODIFIED_DATE" FROM "otp_verification" WHERE "otp_verification"."otp_type" = ? AND ("otp_verification"."code" = ?) AND ("otp_verification"."user_id" = ?)]
2025-03-29T11:45:20.416+01:00 DEBUG 66871 --- [users-service] [tomcat-handler-27] o.s.j.d.DataSourceTransactionManager     : Initiating transaction commit
2025-03-29T11:45:20.416+01:00 DEBUG 66871 --- [users-service] [tomcat-handler-27] o.s.j.d.DataSourceTransactionManager     : Committing JDBC transaction on Connection [HikariProxyConnection@359439206 wrapping conn0: url=jdbc:h2:mem:mydb user=SA]
2025-03-29T11:45:20.417+01:00 DEBUG 66871 --- [users-service] [tomcat-handler-27] o.s.jdbc.datasource.DataSourceUtils      : Resetting read-only flag of JDBC Connection [HikariProxyConnection@359439206 wrapping conn0: url=jdbc:h2:mem:mydb user=SA]
2025-03-29T11:45:20.421+01:00 DEBUG 66871 --- [users-service] [tomcat-handler-27] o.s.j.d.DataSourceTransactionManager     : Releasing JDBC Connection [HikariProxyConnection@359439206 wrapping conn0: url=jdbc:h2:mem:mydb user=SA] after transaction
2025-03-29T11:45:20.421+01:00 DEBUG 66871 --- [users-service] [tomcat-handler-27] o.s.w.s.m.m.a.HttpEntityMethodProcessor  : Using 'application/json', given [*/*] and supported [application/json]
2025-03-29T11:45:20.422+01:00 DEBUG 66871 --- [users-service] [tomcat-handler-27] o.s.w.s.m.m.a.HttpEntityMethodProcessor  : Writing [AppResponse[timestamp=2025-03-29T11:45:20.421636, status=200 OK, message=Otp request verification pr (truncated)...]
2025-03-29T11:45:20.434+01:00 DEBUG 66871 --- [users-service] [tomcat-handler-27] o.s.web.servlet.DispatcherServlet        : Completed 200 OK
2025-03-29T11:45:21.482+01:00 DEBUG 66871 --- [users-service] [tomcat-handler-28] o.s.web.servlet.DispatcherServlet        : POST "/api/users/notification/otp/verify", parameters={}
2025-03-29T11:45:21.483+01:00 DEBUG 66871 --- [users-service] [tomcat-handler-28] s.w.s.m.m.a.RequestMappingHandlerMapping : Mapped to org.meristem.oneapp.usersservice.controllers.NotificationController#verifyOtp(VerifyOtpRequest)
2025-03-29T11:45:21.485+01:00 DEBUG 66871 --- [users-service] [tomcat-handler-28] m.m.a.RequestResponseBodyMethodProcessor : Read "application/json;charset=UTF-8" to [VerifyOtpRequest[otp=2390669, otpType=1, recipient=kingsleyog95@gmail.com]]
2025-03-29T11:45:21.485+01:00 DEBUG 66871 --- [users-service] [tomcat-handler-28] o.s.j.d.DataSourceTransactionManager     : Creating new transaction with name [org.springframework.data.jdbc.repository.support.SimpleJdbcRepository.findByOtpTypeAndCodeAndUserId]: PROPAGATION_REQUIRED,ISOLATION_DEFAULT,readOnly
2025-03-29T11:45:21.486+01:00 DEBUG 66871 --- [users-service] [tomcat-handler-28] o.s.j.d.DataSourceTransactionManager     : Acquired Connection [HikariProxyConnection@278956293 wrapping conn0: url=jdbc:h2:mem:mydb user=SA] for JDBC transaction
2025-03-29T11:45:21.486+01:00 DEBUG 66871 --- [users-service] [tomcat-handler-28] o.s.jdbc.datasource.DataSourceUtils      : Setting JDBC Connection [HikariProxyConnection@278956293 wrapping conn0: url=jdbc:h2:mem:mydb user=SA] read-only
2025-03-29T11:45:21.487+01:00 DEBUG 66871 --- [users-service] [tomcat-handler-28] o.s.j.d.DataSourceTransactionManager     : Switching JDBC Connection [HikariProxyConnection@278956293 wrapping conn0: url=jdbc:h2:mem:mydb user=SA] to manual commit
2025-03-29T11:45:21.489+01:00 DEBUG 66871 --- [users-service] [tomcat-handler-28] o.s.jdbc.core.JdbcTemplate               : Executing prepared SQL query
2025-03-29T11:45:21.489+01:00 DEBUG 66871 --- [users-service] [tomcat-handler-28] o.s.jdbc.core.JdbcTemplate               : Executing prepared SQL statement [SELECT "otp_verification"."ID" AS "ID", "otp_verification"."code" AS "code", "otp_verification"."user_id" AS "user_id", "otp_verification"."otp_type" AS "otp_type", "otp_verification"."VERSION" AS "VERSION", "otp_verification"."verified" AS "verified", "otp_verification"."CREATED_BY" AS "CREATED_BY", "otp_verification"."expires_at" AS "expires_at", "otp_verification"."CREATED_DATE" AS "CREATED_DATE", "otp_verification"."LAST_MODIFIED_BY" AS "LAST_MODIFIED_BY", "otp_verification"."LAST_MODIFIED_DATE" AS "LAST_MODIFIED_DATE" FROM "otp_verification" WHERE "otp_verification"."otp_type" = ? AND ("otp_verification"."code" = ?) AND ("otp_verification"."user_id" = ?)]
2025-03-29T11:45:21.499+01:00 DEBUG 66871 --- [users-service] [tomcat-handler-28] o.s.j.d.DataSourceTransactionManager     : Initiating transaction commit
2025-03-29T11:45:21.499+01:00 DEBUG 66871 --- [users-service] [tomcat-handler-28] o.s.j.d.DataSourceTransactionManager     : Committing JDBC transaction on Connection [HikariProxyConnection@278956293 wrapping conn0: url=jdbc:h2:mem:mydb user=SA]
2025-03-29T11:45:21.507+01:00 DEBUG 66871 --- [users-service] [tomcat-handler-28] o.s.jdbc.datasource.DataSourceUtils      : Resetting read-only flag of JDBC Connection [HikariProxyConnection@278956293 wrapping conn0: url=jdbc:h2:mem:mydb user=SA]
2025-03-29T11:45:21.507+01:00 DEBUG 66871 --- [users-service] [tomcat-handler-28] o.s.j.d.DataSourceTransactionManager     : Releasing JDBC Connection [HikariProxyConnection@278956293 wrapping conn0: url=jdbc:h2:mem:mydb user=SA] after transaction
2025-03-29T11:45:21.507+01:00 DEBUG 66871 --- [users-service] [tomcat-handler-28] o.s.w.s.m.m.a.HttpEntityMethodProcessor  : Using 'application/json', given [*/*] and supported [application/json]
2025-03-29T11:45:21.517+01:00 DEBUG 66871 --- [users-service] [tomcat-handler-28] o.s.w.s.m.m.a.HttpEntityMethodProcessor  : Writing [AppResponse[timestamp=2025-03-29T11:45:21.507598, status=200 OK, message=Otp request verification pr (truncated)...]
2025-03-29T11:45:21.518+01:00 DEBUG 66871 --- [users-service] [tomcat-handler-28] o.s.web.servlet.DispatcherServlet        : Completed 200 OK
2025-03-29T11:45:22.413+01:00 DEBUG 66871 --- [users-service] [tomcat-handler-29] o.s.web.servlet.DispatcherServlet        : POST "/api/users/notification/otp/verify", parameters={}
2025-03-29T11:45:22.414+01:00 DEBUG 66871 --- [users-service] [tomcat-handler-29] s.w.s.m.m.a.RequestMappingHandlerMapping : Mapped to org.meristem.oneapp.usersservice.controllers.NotificationController#verifyOtp(VerifyOtpRequest)
2025-03-29T11:45:22.415+01:00 DEBUG 66871 --- [users-service] [tomcat-handler-29] m.m.a.RequestResponseBodyMethodProcessor : Read "application/json;charset=UTF-8" to [VerifyOtpRequest[otp=2390669, otpType=1, recipient=kingsleyog95@gmail.com]]
2025-03-29T11:45:22.416+01:00 DEBUG 66871 --- [users-service] [tomcat-handler-29] o.s.j.d.DataSourceTransactionManager     : Creating new transaction with name [org.springframework.data.jdbc.repository.support.SimpleJdbcRepository.findByOtpTypeAndCodeAndUserId]: PROPAGATION_REQUIRED,ISOLATION_DEFAULT,readOnly
2025-03-29T11:45:22.416+01:00 DEBUG 66871 --- [users-service] [tomcat-handler-29] o.s.j.d.DataSourceTransactionManager     : Acquired Connection [HikariProxyConnection@1650890268 wrapping conn0: url=jdbc:h2:mem:mydb user=SA] for JDBC transaction
2025-03-29T11:45:22.416+01:00 DEBUG 66871 --- [users-service] [tomcat-handler-29] o.s.jdbc.datasource.DataSourceUtils      : Setting JDBC Connection [HikariProxyConnection@1650890268 wrapping conn0: url=jdbc:h2:mem:mydb user=SA] read-only
2025-03-29T11:45:22.418+01:00 DEBUG 66871 --- [users-service] [tomcat-handler-29] o.s.j.d.DataSourceTransactionManager     : Switching JDBC Connection [HikariProxyConnection@1650890268 wrapping conn0: url=jdbc:h2:mem:mydb user=SA] to manual commit
2025-03-29T11:45:22.419+01:00 DEBUG 66871 --- [users-service] [tomcat-handler-29] o.s.jdbc.core.JdbcTemplate               : Executing prepared SQL query
2025-03-29T11:45:22.420+01:00 DEBUG 66871 --- [users-service] [tomcat-handler-29] o.s.jdbc.core.JdbcTemplate               : Executing prepared SQL statement [SELECT "otp_verification"."ID" AS "ID", "otp_verification"."code" AS "code", "otp_verification"."user_id" AS "user_id", "otp_verification"."otp_type" AS "otp_type", "otp_verification"."VERSION" AS "VERSION", "otp_verification"."verified" AS "verified", "otp_verification"."CREATED_BY" AS "CREATED_BY", "otp_verification"."expires_at" AS "expires_at", "otp_verification"."CREATED_DATE" AS "CREATED_DATE", "otp_verification"."LAST_MODIFIED_BY" AS "LAST_MODIFIED_BY", "otp_verification"."LAST_MODIFIED_DATE" AS "LAST_MODIFIED_DATE" FROM "otp_verification" WHERE "otp_verification"."otp_type" = ? AND ("otp_verification"."code" = ?) AND ("otp_verification"."user_id" = ?)]
2025-03-29T11:45:22.424+01:00 DEBUG 66871 --- [users-service] [tomcat-handler-29] o.s.j.d.DataSourceTransactionManager     : Initiating transaction commit
2025-03-29T11:45:22.424+01:00 DEBUG 66871 --- [users-service] [tomcat-handler-29] o.s.j.d.DataSourceTransactionManager     : Committing JDBC transaction on Connection [HikariProxyConnection@1650890268 wrapping conn0: url=jdbc:h2:mem:mydb user=SA]
2025-03-29T11:45:22.432+01:00 DEBUG 66871 --- [users-service] [tomcat-handler-29] o.s.jdbc.datasource.DataSourceUtils      : Resetting read-only flag of JDBC Connection [HikariProxyConnection@1650890268 wrapping conn0: url=jdbc:h2:mem:mydb user=SA]
2025-03-29T11:45:22.433+01:00 DEBUG 66871 --- [users-service] [tomcat-handler-29] o.s.j.d.DataSourceTransactionManager     : Releasing JDBC Connection [HikariProxyConnection@1650890268 wrapping conn0: url=jdbc:h2:mem:mydb user=SA] after transaction
2025-03-29T11:45:22.433+01:00 DEBUG 66871 --- [users-service] [tomcat-handler-29] o.s.w.s.m.m.a.HttpEntityMethodProcessor  : Using 'application/json', given [*/*] and supported [application/json]
2025-03-29T11:45:22.439+01:00 DEBUG 66871 --- [users-service] [tomcat-handler-29] o.s.w.s.m.m.a.HttpEntityMethodProcessor  : Writing [AppResponse[timestamp=2025-03-29T11:45:22.433410, status=200 OK, message=Otp request verification pr (truncated)...]
2025-03-29T11:45:22.441+01:00 DEBUG 66871 --- [users-service] [tomcat-handler-29] o.s.web.servlet.DispatcherServlet        : Completed 200 OK
2025-03-29T11:45:23.229+01:00 DEBUG 66871 --- [users-service] [HikariPool-1 housekeeper] com.zaxxer.hikari.pool.HikariPool        : HikariPool-1 - Pool stats (total=10, active=0, idle=10, waiting=0)
2025-03-29T11:45:23.230+01:00 DEBUG 66871 --- [users-service] [HikariPool-1 housekeeper] com.zaxxer.hikari.pool.HikariPool        : HikariPool-1 - Fill pool skipped, pool has sufficient level or currently being filled.
2025-03-29T11:45:23.391+01:00 DEBUG 66871 --- [users-service] [tomcat-handler-30] o.s.web.servlet.DispatcherServlet        : POST "/api/users/notification/otp/verify", parameters={}
2025-03-29T11:45:23.392+01:00 DEBUG 66871 --- [users-service] [tomcat-handler-30] s.w.s.m.m.a.RequestMappingHandlerMapping : Mapped to org.meristem.oneapp.usersservice.controllers.NotificationController#verifyOtp(VerifyOtpRequest)
2025-03-29T11:45:23.393+01:00 DEBUG 66871 --- [users-service] [tomcat-handler-30] m.m.a.RequestResponseBodyMethodProcessor : Read "application/json;charset=UTF-8" to [VerifyOtpRequest[otp=2390669, otpType=1, recipient=kingsleyog95@gmail.com]]
2025-03-29T11:45:23.394+01:00 DEBUG 66871 --- [users-service] [tomcat-handler-30] o.s.j.d.DataSourceTransactionManager     : Creating new transaction with name [org.springframework.data.jdbc.repository.support.SimpleJdbcRepository.findByOtpTypeAndCodeAndUserId]: PROPAGATION_REQUIRED,ISOLATION_DEFAULT,readOnly
2025-03-29T11:45:23.394+01:00 DEBUG 66871 --- [users-service] [tomcat-handler-30] o.s.j.d.DataSourceTransactionManager     : Acquired Connection [HikariProxyConnection@1558100312 wrapping conn0: url=jdbc:h2:mem:mydb user=SA] for JDBC transaction
2025-03-29T11:45:23.394+01:00 DEBUG 66871 --- [users-service] [tomcat-handler-30] o.s.jdbc.datasource.DataSourceUtils      : Setting JDBC Connection [HikariProxyConnection@1558100312 wrapping conn0: url=jdbc:h2:mem:mydb user=SA] read-only
2025-03-29T11:45:23.394+01:00 DEBUG 66871 --- [users-service] [tomcat-handler-30] o.s.j.d.DataSourceTransactionManager     : Switching JDBC Connection [HikariProxyConnection@1558100312 wrapping conn0: url=jdbc:h2:mem:mydb user=SA] to manual commit
2025-03-29T11:45:23.396+01:00 DEBUG 66871 --- [users-service] [tomcat-handler-30] o.s.jdbc.core.JdbcTemplate               : Executing prepared SQL query
2025-03-29T11:45:23.402+01:00 DEBUG 66871 --- [users-service] [tomcat-handler-30] o.s.jdbc.core.JdbcTemplate               : Executing prepared SQL statement [SELECT "otp_verification"."ID" AS "ID", "otp_verification"."code" AS "code", "otp_verification"."user_id" AS "user_id", "otp_verification"."otp_type" AS "otp_type", "otp_verification"."VERSION" AS "VERSION", "otp_verification"."verified" AS "verified", "otp_verification"."CREATED_BY" AS "CREATED_BY", "otp_verification"."expires_at" AS "expires_at", "otp_verification"."CREATED_DATE" AS "CREATED_DATE", "otp_verification"."LAST_MODIFIED_BY" AS "LAST_MODIFIED_BY", "otp_verification"."LAST_MODIFIED_DATE" AS "LAST_MODIFIED_DATE" FROM "otp_verification" WHERE "otp_verification"."otp_type" = ? AND ("otp_verification"."code" = ?) AND ("otp_verification"."user_id" = ?)]
2025-03-29T11:45:23.404+01:00 DEBUG 66871 --- [users-service] [tomcat-handler-30] o.s.j.d.DataSourceTransactionManager     : Initiating transaction commit
2025-03-29T11:45:23.408+01:00 DEBUG 66871 --- [users-service] [tomcat-handler-30] o.s.j.d.DataSourceTransactionManager     : Committing JDBC transaction on Connection [HikariProxyConnection@1558100312 wrapping conn0: url=jdbc:h2:mem:mydb user=SA]
2025-03-29T11:45:23.408+01:00 DEBUG 66871 --- [users-service] [tomcat-handler-30] o.s.jdbc.datasource.DataSourceUtils      : Resetting read-only flag of JDBC Connection [HikariProxyConnection@1558100312 wrapping conn0: url=jdbc:h2:mem:mydb user=SA]
2025-03-29T11:45:23.409+01:00 DEBUG 66871 --- [users-service] [tomcat-handler-30] o.s.j.d.DataSourceTransactionManager     : Releasing JDBC Connection [HikariProxyConnection@1558100312 wrapping conn0: url=jdbc:h2:mem:mydb user=SA] after transaction
2025-03-29T11:45:23.419+01:00 DEBUG 66871 --- [users-service] [tomcat-handler-30] o.s.w.s.m.m.a.HttpEntityMethodProcessor  : Using 'application/json', given [*/*] and supported [application/json]
2025-03-29T11:45:23.419+01:00 DEBUG 66871 --- [users-service] [tomcat-handler-30] o.s.w.s.m.m.a.HttpEntityMethodProcessor  : Writing [AppResponse[timestamp=2025-03-29T11:45:23.418651, status=200 OK, message=Otp request verification pr (truncated)...]
2025-03-29T11:45:23.420+01:00 DEBUG 66871 --- [users-service] [tomcat-handler-30] o.s.web.servlet.DispatcherServlet        : Completed 200 OK
2025-03-29T11:45:32.508+01:00 DEBUG 66871 --- [users-service] [tomcat-handler-31] o.s.web.servlet.DispatcherServlet        : POST "/api/users/notification/otp/verify", parameters={}
2025-03-29T11:45:32.516+01:00 DEBUG 66871 --- [users-service] [tomcat-handler-31] s.w.s.m.m.a.RequestMappingHandlerMapping : Mapped to org.meristem.oneapp.usersservice.controllers.NotificationController#verifyOtp(VerifyOtpRequest)
2025-03-29T11:45:32.522+01:00 DEBUG 66871 --- [users-service] [tomcat-handler-31] m.m.a.RequestResponseBodyMethodProcessor : Read "application/json;charset=UTF-8" to [VerifyOtpRequest[otp=2390669, otpType=1, recipient=kingsleyog95@gmail.com]]
2025-03-29T11:45:32.525+01:00 DEBUG 66871 --- [users-service] [tomcat-handler-31] o.s.j.d.DataSourceTransactionManager     : Creating new transaction with name [org.springframework.data.jdbc.repository.support.SimpleJdbcRepository.findByOtpTypeAndCodeAndUserId]: PROPAGATION_REQUIRED,ISOLATION_DEFAULT,readOnly
2025-03-29T11:45:32.526+01:00 DEBUG 66871 --- [users-service] [tomcat-handler-31] o.s.j.d.DataSourceTransactionManager     : Acquired Connection [HikariProxyConnection@382131015 wrapping conn0: url=jdbc:h2:mem:mydb user=SA] for JDBC transaction
2025-03-29T11:45:32.526+01:00 DEBUG 66871 --- [users-service] [tomcat-handler-31] o.s.jdbc.datasource.DataSourceUtils      : Setting JDBC Connection [HikariProxyConnection@382131015 wrapping conn0: url=jdbc:h2:mem:mydb user=SA] read-only
2025-03-29T11:45:32.537+01:00 DEBUG 66871 --- [users-service] [tomcat-handler-31] o.s.j.d.DataSourceTransactionManager     : Switching JDBC Connection [HikariProxyConnection@382131015 wrapping conn0: url=jdbc:h2:mem:mydb user=SA] to manual commit
2025-03-29T11:45:32.548+01:00 DEBUG 66871 --- [users-service] [tomcat-handler-31] o.s.jdbc.core.JdbcTemplate               : Executing prepared SQL query
2025-03-29T11:45:32.549+01:00 DEBUG 66871 --- [users-service] [tomcat-handler-31] o.s.jdbc.core.JdbcTemplate               : Executing prepared SQL statement [SELECT "otp_verification"."ID" AS "ID", "otp_verification"."code" AS "code", "otp_verification"."user_id" AS "user_id", "otp_verification"."otp_type" AS "otp_type", "otp_verification"."VERSION" AS "VERSION", "otp_verification"."verified" AS "verified", "otp_verification"."CREATED_BY" AS "CREATED_BY", "otp_verification"."expires_at" AS "expires_at", "otp_verification"."CREATED_DATE" AS "CREATED_DATE", "otp_verification"."LAST_MODIFIED_BY" AS "LAST_MODIFIED_BY", "otp_verification"."LAST_MODIFIED_DATE" AS "LAST_MODIFIED_DATE" FROM "otp_verification" WHERE "otp_verification"."otp_type" = ? AND ("otp_verification"."code" = ?) AND ("otp_verification"."user_id" = ?)]
2025-03-29T11:45:32.576+01:00 DEBUG 66871 --- [users-service] [tomcat-handler-31] o.s.j.d.DataSourceTransactionManager     : Initiating transaction commit
2025-03-29T11:45:32.577+01:00 DEBUG 66871 --- [users-service] [tomcat-handler-31] o.s.j.d.DataSourceTransactionManager     : Committing JDBC transaction on Connection [HikariProxyConnection@382131015 wrapping conn0: url=jdbc:h2:mem:mydb user=SA]
2025-03-29T11:45:32.591+01:00 DEBUG 66871 --- [users-service] [tomcat-handler-31] o.s.jdbc.datasource.DataSourceUtils      : Resetting read-only flag of JDBC Connection [HikariProxyConnection@382131015 wrapping conn0: url=jdbc:h2:mem:mydb user=SA]
2025-03-29T11:45:32.591+01:00 DEBUG 66871 --- [users-service] [tomcat-handler-31] o.s.j.d.DataSourceTransactionManager     : Releasing JDBC Connection [HikariProxyConnection@382131015 wrapping conn0: url=jdbc:h2:mem:mydb user=SA] after transaction
2025-03-29T11:45:32.592+01:00 DEBUG 66871 --- [users-service] [tomcat-handler-31] o.s.w.s.m.m.a.HttpEntityMethodProcessor  : Using 'application/json', given [*/*] and supported [application/json]
2025-03-29T11:45:32.595+01:00 DEBUG 66871 --- [users-service] [tomcat-handler-31] o.s.w.s.m.m.a.HttpEntityMethodProcessor  : Writing [AppResponse[timestamp=2025-03-29T11:45:32.591759, status=200 OK, message=Otp request verification pr (truncated)...]
2025-03-29T11:45:32.597+01:00 DEBUG 66871 --- [users-service] [tomcat-handler-31] o.s.web.servlet.DispatcherServlet        : Completed 200 OK
2025-03-29T11:45:33.491+01:00 DEBUG 66871 --- [users-service] [tomcat-handler-32] o.s.web.servlet.DispatcherServlet        : POST "/api/users/notification/otp/verify", parameters={}
2025-03-29T11:45:33.491+01:00 DEBUG 66871 --- [users-service] [tomcat-handler-32] s.w.s.m.m.a.RequestMappingHandlerMapping : Mapped to org.meristem.oneapp.usersservice.controllers.NotificationController#verifyOtp(VerifyOtpRequest)
2025-03-29T11:45:33.493+01:00 DEBUG 66871 --- [users-service] [tomcat-handler-32] m.m.a.RequestResponseBodyMethodProcessor : Read "application/json;charset=UTF-8" to [VerifyOtpRequest[otp=2390669, otpType=1, recipient=kingsleyog95@gmail.com]]
2025-03-29T11:45:33.493+01:00 DEBUG 66871 --- [users-service] [tomcat-handler-32] o.s.j.d.DataSourceTransactionManager     : Creating new transaction with name [org.springframework.data.jdbc.repository.support.SimpleJdbcRepository.findByOtpTypeAndCodeAndUserId]: PROPAGATION_REQUIRED,ISOLATION_DEFAULT,readOnly
2025-03-29T11:45:33.493+01:00 DEBUG 66871 --- [users-service] [tomcat-handler-32] o.s.j.d.DataSourceTransactionManager     : Acquired Connection [HikariProxyConnection@2038483287 wrapping conn0: url=jdbc:h2:mem:mydb user=SA] for JDBC transaction
2025-03-29T11:45:33.493+01:00 DEBUG 66871 --- [users-service] [tomcat-handler-32] o.s.jdbc.datasource.DataSourceUtils      : Setting JDBC Connection [HikariProxyConnection@2038483287 wrapping conn0: url=jdbc:h2:mem:mydb user=SA] read-only
2025-03-29T11:45:33.493+01:00 DEBUG 66871 --- [users-service] [tomcat-handler-32] o.s.j.d.DataSourceTransactionManager     : Switching JDBC Connection [HikariProxyConnection@2038483287 wrapping conn0: url=jdbc:h2:mem:mydb user=SA] to manual commit
2025-03-29T11:45:33.506+01:00 DEBUG 66871 --- [users-service] [tomcat-handler-32] o.s.jdbc.core.JdbcTemplate               : Executing prepared SQL query
2025-03-29T11:45:33.506+01:00 DEBUG 66871 --- [users-service] [tomcat-handler-32] o.s.jdbc.core.JdbcTemplate               : Executing prepared SQL statement [SELECT "otp_verification"."ID" AS "ID", "otp_verification"."code" AS "code", "otp_verification"."user_id" AS "user_id", "otp_verification"."otp_type" AS "otp_type", "otp_verification"."VERSION" AS "VERSION", "otp_verification"."verified" AS "verified", "otp_verification"."CREATED_BY" AS "CREATED_BY", "otp_verification"."expires_at" AS "expires_at", "otp_verification"."CREATED_DATE" AS "CREATED_DATE", "otp_verification"."LAST_MODIFIED_BY" AS "LAST_MODIFIED_BY", "otp_verification"."LAST_MODIFIED_DATE" AS "LAST_MODIFIED_DATE" FROM "otp_verification" WHERE "otp_verification"."otp_type" = ? AND ("otp_verification"."code" = ?) AND ("otp_verification"."user_id" = ?)]
2025-03-29T11:45:33.514+01:00 DEBUG 66871 --- [users-service] [tomcat-handler-32] o.s.j.d.DataSourceTransactionManager     : Initiating transaction commit
2025-03-29T11:45:33.515+01:00 DEBUG 66871 --- [users-service] [tomcat-handler-32] o.s.j.d.DataSourceTransactionManager     : Committing JDBC transaction on Connection [HikariProxyConnection@2038483287 wrapping conn0: url=jdbc:h2:mem:mydb user=SA]
2025-03-29T11:45:33.515+01:00 DEBUG 66871 --- [users-service] [tomcat-handler-32] o.s.jdbc.datasource.DataSourceUtils      : Resetting read-only flag of JDBC Connection [HikariProxyConnection@2038483287 wrapping conn0: url=jdbc:h2:mem:mydb user=SA]
2025-03-29T11:45:33.521+01:00 DEBUG 66871 --- [users-service] [tomcat-handler-32] o.s.j.d.DataSourceTransactionManager     : Releasing JDBC Connection [HikariProxyConnection@2038483287 wrapping conn0: url=jdbc:h2:mem:mydb user=SA] after transaction
2025-03-29T11:45:33.521+01:00 DEBUG 66871 --- [users-service] [tomcat-handler-32] o.s.w.s.m.m.a.HttpEntityMethodProcessor  : Using 'application/json', given [*/*] and supported [application/json]
2025-03-29T11:45:33.522+01:00 DEBUG 66871 --- [users-service] [tomcat-handler-32] o.s.w.s.m.m.a.HttpEntityMethodProcessor  : Writing [AppResponse[timestamp=2025-03-29T11:45:33.521587, status=200 OK, message=Otp request verification pr (truncated)...]
2025-03-29T11:45:33.532+01:00 DEBUG 66871 --- [users-service] [tomcat-handler-32] o.s.web.servlet.DispatcherServlet        : Completed 200 OK
2025-03-29T11:45:34.388+01:00 DEBUG 66871 --- [users-service] [tomcat-handler-33] o.s.web.servlet.DispatcherServlet        : POST "/api/users/notification/otp/verify", parameters={}
2025-03-29T11:45:34.389+01:00 DEBUG 66871 --- [users-service] [tomcat-handler-33] s.w.s.m.m.a.RequestMappingHandlerMapping : Mapped to org.meristem.oneapp.usersservice.controllers.NotificationController#verifyOtp(VerifyOtpRequest)
2025-03-29T11:45:34.390+01:00 DEBUG 66871 --- [users-service] [tomcat-handler-33] m.m.a.RequestResponseBodyMethodProcessor : Read "application/json;charset=UTF-8" to [VerifyOtpRequest[otp=2390669, otpType=1, recipient=kingsleyog95@gmail.com]]
2025-03-29T11:45:34.391+01:00 DEBUG 66871 --- [users-service] [tomcat-handler-33] o.s.j.d.DataSourceTransactionManager     : Creating new transaction with name [org.springframework.data.jdbc.repository.support.SimpleJdbcRepository.findByOtpTypeAndCodeAndUserId]: PROPAGATION_REQUIRED,ISOLATION_DEFAULT,readOnly
2025-03-29T11:45:34.391+01:00 DEBUG 66871 --- [users-service] [tomcat-handler-33] o.s.j.d.DataSourceTransactionManager     : Acquired Connection [HikariProxyConnection@1176923807 wrapping conn0: url=jdbc:h2:mem:mydb user=SA] for JDBC transaction
2025-03-29T11:45:34.392+01:00 DEBUG 66871 --- [users-service] [tomcat-handler-33] o.s.jdbc.datasource.DataSourceUtils      : Setting JDBC Connection [HikariProxyConnection@1176923807 wrapping conn0: url=jdbc:h2:mem:mydb user=SA] read-only
2025-03-29T11:45:34.394+01:00 DEBUG 66871 --- [users-service] [tomcat-handler-33] o.s.j.d.DataSourceTransactionManager     : Switching JDBC Connection [HikariProxyConnection@1176923807 wrapping conn0: url=jdbc:h2:mem:mydb user=SA] to manual commit
2025-03-29T11:45:34.395+01:00 DEBUG 66871 --- [users-service] [tomcat-handler-33] o.s.jdbc.core.JdbcTemplate               : Executing prepared SQL query
2025-03-29T11:45:34.395+01:00 DEBUG 66871 --- [users-service] [tomcat-handler-33] o.s.jdbc.core.JdbcTemplate               : Executing prepared SQL statement [SELECT "otp_verification"."ID" AS "ID", "otp_verification"."code" AS "code", "otp_verification"."user_id" AS "user_id", "otp_verification"."otp_type" AS "otp_type", "otp_verification"."VERSION" AS "VERSION", "otp_verification"."verified" AS "verified", "otp_verification"."CREATED_BY" AS "CREATED_BY", "otp_verification"."expires_at" AS "expires_at", "otp_verification"."CREATED_DATE" AS "CREATED_DATE", "otp_verification"."LAST_MODIFIED_BY" AS "LAST_MODIFIED_BY", "otp_verification"."LAST_MODIFIED_DATE" AS "LAST_MODIFIED_DATE" FROM "otp_verification" WHERE "otp_verification"."otp_type" = ? AND ("otp_verification"."code" = ?) AND ("otp_verification"."user_id" = ?)]
2025-03-29T11:45:34.401+01:00 DEBUG 66871 --- [users-service] [tomcat-handler-33] o.s.j.d.DataSourceTransactionManager     : Initiating transaction commit
2025-03-29T11:45:34.402+01:00 DEBUG 66871 --- [users-service] [tomcat-handler-33] o.s.j.d.DataSourceTransactionManager     : Committing JDBC transaction on Connection [HikariProxyConnection@1176923807 wrapping conn0: url=jdbc:h2:mem:mydb user=SA]
2025-03-29T11:45:34.409+01:00 DEBUG 66871 --- [users-service] [tomcat-handler-33] o.s.jdbc.datasource.DataSourceUtils      : Resetting read-only flag of JDBC Connection [HikariProxyConnection@1176923807 wrapping conn0: url=jdbc:h2:mem:mydb user=SA]
2025-03-29T11:45:34.409+01:00 DEBUG 66871 --- [users-service] [tomcat-handler-33] o.s.j.d.DataSourceTransactionManager     : Releasing JDBC Connection [HikariProxyConnection@1176923807 wrapping conn0: url=jdbc:h2:mem:mydb user=SA] after transaction
2025-03-29T11:45:34.409+01:00 DEBUG 66871 --- [users-service] [tomcat-handler-33] o.s.w.s.m.m.a.HttpEntityMethodProcessor  : Using 'application/json', given [*/*] and supported [application/json]
2025-03-29T11:45:34.420+01:00 DEBUG 66871 --- [users-service] [tomcat-handler-33] o.s.w.s.m.m.a.HttpEntityMethodProcessor  : Writing [AppResponse[timestamp=2025-03-29T11:45:34.409310, status=200 OK, message=Otp request verification pr (truncated)...]
2025-03-29T11:45:34.422+01:00 DEBUG 66871 --- [users-service] [tomcat-handler-33] o.s.web.servlet.DispatcherServlet        : Completed 200 OK
2025-03-29T11:45:35.190+01:00 DEBUG 66871 --- [users-service] [tomcat-handler-34] o.s.web.servlet.DispatcherServlet        : POST "/api/users/notification/otp/verify", parameters={}
2025-03-29T11:45:35.191+01:00 DEBUG 66871 --- [users-service] [tomcat-handler-34] s.w.s.m.m.a.RequestMappingHandlerMapping : Mapped to org.meristem.oneapp.usersservice.controllers.NotificationController#verifyOtp(VerifyOtpRequest)
2025-03-29T11:45:35.193+01:00 DEBUG 66871 --- [users-service] [tomcat-handler-34] m.m.a.RequestResponseBodyMethodProcessor : Read "application/json;charset=UTF-8" to [VerifyOtpRequest[otp=2390669, otpType=1, recipient=kingsleyog95@gmail.com]]
2025-03-29T11:45:35.193+01:00 DEBUG 66871 --- [users-service] [tomcat-handler-34] o.s.j.d.DataSourceTransactionManager     : Creating new transaction with name [org.springframework.data.jdbc.repository.support.SimpleJdbcRepository.findByOtpTypeAndCodeAndUserId]: PROPAGATION_REQUIRED,ISOLATION_DEFAULT,readOnly
2025-03-29T11:45:35.193+01:00 DEBUG 66871 --- [users-service] [tomcat-handler-34] o.s.j.d.DataSourceTransactionManager     : Acquired Connection [HikariProxyConnection@1216011395 wrapping conn0: url=jdbc:h2:mem:mydb user=SA] for JDBC transaction
2025-03-29T11:45:35.194+01:00 DEBUG 66871 --- [users-service] [tomcat-handler-34] o.s.jdbc.datasource.DataSourceUtils      : Setting JDBC Connection [HikariProxyConnection@1216011395 wrapping conn0: url=jdbc:h2:mem:mydb user=SA] read-only
2025-03-29T11:45:35.199+01:00 DEBUG 66871 --- [users-service] [tomcat-handler-34] o.s.j.d.DataSourceTransactionManager     : Switching JDBC Connection [HikariProxyConnection@1216011395 wrapping conn0: url=jdbc:h2:mem:mydb user=SA] to manual commit
2025-03-29T11:45:35.201+01:00 DEBUG 66871 --- [users-service] [tomcat-handler-34] o.s.jdbc.core.JdbcTemplate               : Executing prepared SQL query
2025-03-29T11:45:35.201+01:00 DEBUG 66871 --- [users-service] [tomcat-handler-34] o.s.jdbc.core.JdbcTemplate               : Executing prepared SQL statement [SELECT "otp_verification"."ID" AS "ID", "otp_verification"."code" AS "code", "otp_verification"."user_id" AS "user_id", "otp_verification"."otp_type" AS "otp_type", "otp_verification"."VERSION" AS "VERSION", "otp_verification"."verified" AS "verified", "otp_verification"."CREATED_BY" AS "CREATED_BY", "otp_verification"."expires_at" AS "expires_at", "otp_verification"."CREATED_DATE" AS "CREATED_DATE", "otp_verification"."LAST_MODIFIED_BY" AS "LAST_MODIFIED_BY", "otp_verification"."LAST_MODIFIED_DATE" AS "LAST_MODIFIED_DATE" FROM "otp_verification" WHERE "otp_verification"."otp_type" = ? AND ("otp_verification"."code" = ?) AND ("otp_verification"."user_id" = ?)]
2025-03-29T11:45:35.219+01:00 DEBUG 66871 --- [users-service] [tomcat-handler-34] o.s.j.d.DataSourceTransactionManager     : Initiating transaction commit
2025-03-29T11:45:35.219+01:00 DEBUG 66871 --- [users-service] [tomcat-handler-34] o.s.j.d.DataSourceTransactionManager     : Committing JDBC transaction on Connection [HikariProxyConnection@1216011395 wrapping conn0: url=jdbc:h2:mem:mydb user=SA]
2025-03-29T11:45:35.224+01:00 DEBUG 66871 --- [users-service] [tomcat-handler-34] o.s.jdbc.datasource.DataSourceUtils      : Resetting read-only flag of JDBC Connection [HikariProxyConnection@1216011395 wrapping conn0: url=jdbc:h2:mem:mydb user=SA]
2025-03-29T11:45:35.224+01:00 DEBUG 66871 --- [users-service] [tomcat-handler-34] o.s.j.d.DataSourceTransactionManager     : Releasing JDBC Connection [HikariProxyConnection@1216011395 wrapping conn0: url=jdbc:h2:mem:mydb user=SA] after transaction
2025-03-29T11:45:35.225+01:00 DEBUG 66871 --- [users-service] [tomcat-handler-34] o.s.w.s.m.m.a.HttpEntityMethodProcessor  : Using 'application/json', given [*/*] and supported [application/json]
2025-03-29T11:45:35.235+01:00 DEBUG 66871 --- [users-service] [tomcat-handler-34] o.s.w.s.m.m.a.HttpEntityMethodProcessor  : Writing [AppResponse[timestamp=2025-03-29T11:45:35.225014, status=200 OK, message=Otp request verification pr (truncated)...]
2025-03-29T11:45:35.237+01:00 DEBUG 66871 --- [users-service] [tomcat-handler-34] o.s.web.servlet.DispatcherServlet        : Completed 200 OK
2025-03-29T11:45:35.995+01:00 DEBUG 66871 --- [users-service] [tomcat-handler-35] o.s.web.servlet.DispatcherServlet        : POST "/api/users/notification/otp/verify", parameters={}
2025-03-29T11:45:35.996+01:00 DEBUG 66871 --- [users-service] [tomcat-handler-35] s.w.s.m.m.a.RequestMappingHandlerMapping : Mapped to org.meristem.oneapp.usersservice.controllers.NotificationController#verifyOtp(VerifyOtpRequest)
2025-03-29T11:45:35.997+01:00 DEBUG 66871 --- [users-service] [tomcat-handler-35] m.m.a.RequestResponseBodyMethodProcessor : Read "application/json;charset=UTF-8" to [VerifyOtpRequest[otp=2390669, otpType=1, recipient=kingsleyog95@gmail.com]]
2025-03-29T11:45:35.998+01:00 DEBUG 66871 --- [users-service] [tomcat-handler-35] o.s.j.d.DataSourceTransactionManager     : Creating new transaction with name [org.springframework.data.jdbc.repository.support.SimpleJdbcRepository.findByOtpTypeAndCodeAndUserId]: PROPAGATION_REQUIRED,ISOLATION_DEFAULT,readOnly
2025-03-29T11:45:35.998+01:00 DEBUG 66871 --- [users-service] [tomcat-handler-35] o.s.j.d.DataSourceTransactionManager     : Acquired Connection [HikariProxyConnection@361605817 wrapping conn0: url=jdbc:h2:mem:mydb user=SA] for JDBC transaction
2025-03-29T11:45:36.000+01:00 DEBUG 66871 --- [users-service] [tomcat-handler-35] o.s.jdbc.datasource.DataSourceUtils      : Setting JDBC Connection [HikariProxyConnection@361605817 wrapping conn0: url=jdbc:h2:mem:mydb user=SA] read-only
2025-03-29T11:45:36.000+01:00 DEBUG 66871 --- [users-service] [tomcat-handler-35] o.s.j.d.DataSourceTransactionManager     : Switching JDBC Connection [HikariProxyConnection@361605817 wrapping conn0: url=jdbc:h2:mem:mydb user=SA] to manual commit
2025-03-29T11:45:36.001+01:00 DEBUG 66871 --- [users-service] [tomcat-handler-35] o.s.jdbc.core.JdbcTemplate               : Executing prepared SQL query
2025-03-29T11:45:36.004+01:00 DEBUG 66871 --- [users-service] [tomcat-handler-35] o.s.jdbc.core.JdbcTemplate               : Executing prepared SQL statement [SELECT "otp_verification"."ID" AS "ID", "otp_verification"."code" AS "code", "otp_verification"."user_id" AS "user_id", "otp_verification"."otp_type" AS "otp_type", "otp_verification"."VERSION" AS "VERSION", "otp_verification"."verified" AS "verified", "otp_verification"."CREATED_BY" AS "CREATED_BY", "otp_verification"."expires_at" AS "expires_at", "otp_verification"."CREATED_DATE" AS "CREATED_DATE", "otp_verification"."LAST_MODIFIED_BY" AS "LAST_MODIFIED_BY", "otp_verification"."LAST_MODIFIED_DATE" AS "LAST_MODIFIED_DATE" FROM "otp_verification" WHERE "otp_verification"."otp_type" = ? AND ("otp_verification"."code" = ?) AND ("otp_verification"."user_id" = ?)]
2025-03-29T11:45:36.005+01:00 DEBUG 66871 --- [users-service] [tomcat-handler-35] o.s.j.d.DataSourceTransactionManager     : Initiating transaction commit
2025-03-29T11:45:36.008+01:00 DEBUG 66871 --- [users-service] [tomcat-handler-35] o.s.j.d.DataSourceTransactionManager     : Committing JDBC transaction on Connection [HikariProxyConnection@361605817 wrapping conn0: url=jdbc:h2:mem:mydb user=SA]
2025-03-29T11:45:36.008+01:00 DEBUG 66871 --- [users-service] [tomcat-handler-35] o.s.jdbc.datasource.DataSourceUtils      : Resetting read-only flag of JDBC Connection [HikariProxyConnection@361605817 wrapping conn0: url=jdbc:h2:mem:mydb user=SA]
2025-03-29T11:45:36.008+01:00 DEBUG 66871 --- [users-service] [tomcat-handler-35] o.s.j.d.DataSourceTransactionManager     : Releasing JDBC Connection [HikariProxyConnection@361605817 wrapping conn0: url=jdbc:h2:mem:mydb user=SA] after transaction
2025-03-29T11:45:36.013+01:00 DEBUG 66871 --- [users-service] [tomcat-handler-35] o.s.w.s.m.m.a.HttpEntityMethodProcessor  : Using 'application/json', given [*/*] and supported [application/json]
2025-03-29T11:45:36.013+01:00 DEBUG 66871 --- [users-service] [tomcat-handler-35] o.s.w.s.m.m.a.HttpEntityMethodProcessor  : Writing [AppResponse[timestamp=2025-03-29T11:45:36.012910, status=200 OK, message=Otp request verification pr (truncated)...]
2025-03-29T11:45:36.014+01:00 DEBUG 66871 --- [users-service] [tomcat-handler-35] o.s.web.servlet.DispatcherServlet        : Completed 200 OK
2025-03-29T11:45:36.744+01:00 DEBUG 66871 --- [users-service] [tomcat-handler-36] o.s.web.servlet.DispatcherServlet        : POST "/api/users/notification/otp/verify", parameters={}
2025-03-29T11:45:36.745+01:00 DEBUG 66871 --- [users-service] [tomcat-handler-36] s.w.s.m.m.a.RequestMappingHandlerMapping : Mapped to org.meristem.oneapp.usersservice.controllers.NotificationController#verifyOtp(VerifyOtpRequest)
2025-03-29T11:45:36.746+01:00 DEBUG 66871 --- [users-service] [tomcat-handler-36] m.m.a.RequestResponseBodyMethodProcessor : Read "application/json;charset=UTF-8" to [VerifyOtpRequest[otp=2390669, otpType=1, recipient=kingsleyog95@gmail.com]]
2025-03-29T11:45:36.747+01:00 DEBUG 66871 --- [users-service] [tomcat-handler-36] o.s.j.d.DataSourceTransactionManager     : Creating new transaction with name [org.springframework.data.jdbc.repository.support.SimpleJdbcRepository.findByOtpTypeAndCodeAndUserId]: PROPAGATION_REQUIRED,ISOLATION_DEFAULT,readOnly
2025-03-29T11:45:36.747+01:00 DEBUG 66871 --- [users-service] [tomcat-handler-36] o.s.j.d.DataSourceTransactionManager     : Acquired Connection [HikariProxyConnection@2076883958 wrapping conn0: url=jdbc:h2:mem:mydb user=SA] for JDBC transaction
2025-03-29T11:45:36.747+01:00 DEBUG 66871 --- [users-service] [tomcat-handler-36] o.s.jdbc.datasource.DataSourceUtils      : Setting JDBC Connection [HikariProxyConnection@2076883958 wrapping conn0: url=jdbc:h2:mem:mydb user=SA] read-only
2025-03-29T11:45:36.748+01:00 DEBUG 66871 --- [users-service] [tomcat-handler-36] o.s.j.d.DataSourceTransactionManager     : Switching JDBC Connection [HikariProxyConnection@2076883958 wrapping conn0: url=jdbc:h2:mem:mydb user=SA] to manual commit
2025-03-29T11:45:36.750+01:00 DEBUG 66871 --- [users-service] [tomcat-handler-36] o.s.jdbc.core.JdbcTemplate               : Executing prepared SQL query
2025-03-29T11:45:36.750+01:00 DEBUG 66871 --- [users-service] [tomcat-handler-36] o.s.jdbc.core.JdbcTemplate               : Executing prepared SQL statement [SELECT "otp_verification"."ID" AS "ID", "otp_verification"."code" AS "code", "otp_verification"."user_id" AS "user_id", "otp_verification"."otp_type" AS "otp_type", "otp_verification"."VERSION" AS "VERSION", "otp_verification"."verified" AS "verified", "otp_verification"."CREATED_BY" AS "CREATED_BY", "otp_verification"."expires_at" AS "expires_at", "otp_verification"."CREATED_DATE" AS "CREATED_DATE", "otp_verification"."LAST_MODIFIED_BY" AS "LAST_MODIFIED_BY", "otp_verification"."LAST_MODIFIED_DATE" AS "LAST_MODIFIED_DATE" FROM "otp_verification" WHERE "otp_verification"."otp_type" = ? AND ("otp_verification"."code" = ?) AND ("otp_verification"."user_id" = ?)]
2025-03-29T11:45:36.758+01:00 DEBUG 66871 --- [users-service] [tomcat-handler-36] o.s.j.d.DataSourceTransactionManager     : Initiating transaction commit
2025-03-29T11:45:36.758+01:00 DEBUG 66871 --- [users-service] [tomcat-handler-36] o.s.j.d.DataSourceTransactionManager     : Committing JDBC transaction on Connection [HikariProxyConnection@2076883958 wrapping conn0: url=jdbc:h2:mem:mydb user=SA]
2025-03-29T11:45:36.770+01:00 DEBUG 66871 --- [users-service] [tomcat-handler-36] o.s.jdbc.datasource.DataSourceUtils      : Resetting read-only flag of JDBC Connection [HikariProxyConnection@2076883958 wrapping conn0: url=jdbc:h2:mem:mydb user=SA]
2025-03-29T11:45:36.770+01:00 DEBUG 66871 --- [users-service] [tomcat-handler-36] o.s.j.d.DataSourceTransactionManager     : Releasing JDBC Connection [HikariProxyConnection@2076883958 wrapping conn0: url=jdbc:h2:mem:mydb user=SA] after transaction
2025-03-29T11:45:36.771+01:00 DEBUG 66871 --- [users-service] [tomcat-handler-36] o.s.w.s.m.m.a.HttpEntityMethodProcessor  : Using 'application/json', given [*/*] and supported [application/json]
2025-03-29T11:45:36.777+01:00 DEBUG 66871 --- [users-service] [tomcat-handler-36] o.s.w.s.m.m.a.HttpEntityMethodProcessor  : Writing [AppResponse[timestamp=2025-03-29T11:45:36.770869, status=200 OK, message=Otp request verification pr (truncated)...]
2025-03-29T11:45:36.778+01:00 DEBUG 66871 --- [users-service] [tomcat-handler-36] o.s.web.servlet.DispatcherServlet        : Completed 200 OK
2025-03-29T11:45:53.237+01:00 DEBUG 66871 --- [users-service] [HikariPool-1 housekeeper] com.zaxxer.hikari.pool.HikariPool        : HikariPool-1 - Pool stats (total=10, active=0, idle=10, waiting=0)
2025-03-29T11:45:53.240+01:00 DEBUG 66871 --- [users-service] [HikariPool-1 housekeeper] com.zaxxer.hikari.pool.HikariPool        : HikariPool-1 - Fill pool skipped, pool has sufficient level or currently being filled.
2025-03-29T11:46:23.241+01:00 DEBUG 66871 --- [users-service] [HikariPool-1 housekeeper] com.zaxxer.hikari.pool.HikariPool        : HikariPool-1 - Pool stats (total=10, active=0, idle=10, waiting=0)
2025-03-29T11:46:23.243+01:00 DEBUG 66871 --- [users-service] [HikariPool-1 housekeeper] com.zaxxer.hikari.pool.HikariPool        : HikariPool-1 - Fill pool skipped, pool has sufficient level or currently being filled.
2025-03-29T11:46:53.247+01:00 DEBUG 66871 --- [users-service] [HikariPool-1 housekeeper] com.zaxxer.hikari.pool.HikariPool        : HikariPool-1 - Pool stats (total=10, active=0, idle=10, waiting=0)
2025-03-29T11:46:53.249+01:00 DEBUG 66871 --- [users-service] [HikariPool-1 housekeeper] com.zaxxer.hikari.pool.HikariPool        : HikariPool-1 - Fill pool skipped, pool has sufficient level or currently being filled.
2025-03-29T11:47:23.251+01:00 DEBUG 66871 --- [users-service] [HikariPool-1 housekeeper] com.zaxxer.hikari.pool.HikariPool        : HikariPool-1 - Pool stats (total=10, active=0, idle=10, waiting=0)
2025-03-29T11:47:23.253+01:00 DEBUG 66871 --- [users-service] [HikariPool-1 housekeeper] com.zaxxer.hikari.pool.HikariPool        : HikariPool-1 - Fill pool skipped, pool has sufficient level or currently being filled.
2025-03-29T11:47:53.255+01:00 DEBUG 66871 --- [users-service] [HikariPool-1 housekeeper] com.zaxxer.hikari.pool.HikariPool        : HikariPool-1 - Pool stats (total=10, active=0, idle=10, waiting=0)
2025-03-29T11:47:53.258+01:00 DEBUG 66871 --- [users-service] [HikariPool-1 housekeeper] com.zaxxer.hikari.pool.HikariPool        : HikariPool-1 - Fill pool skipped, pool has sufficient level or currently being filled.
2025-03-29T11:48:23.262+01:00 DEBUG 66871 --- [users-service] [HikariPool-1 housekeeper] com.zaxxer.hikari.pool.HikariPool        : HikariPool-1 - Pool stats (total=10, active=0, idle=10, waiting=0)
2025-03-29T11:48:23.264+01:00 DEBUG 66871 --- [users-service] [HikariPool-1 housekeeper] com.zaxxer.hikari.pool.HikariPool        : HikariPool-1 - Fill pool skipped, pool has sufficient level or currently being filled.
2025-03-29T11:48:53.269+01:00 DEBUG 66871 --- [users-service] [HikariPool-1 housekeeper] com.zaxxer.hikari.pool.HikariPool        : HikariPool-1 - Pool stats (total=10, active=0, idle=10, waiting=0)
2025-03-29T11:48:53.271+01:00 DEBUG 66871 --- [users-service] [HikariPool-1 housekeeper] com.zaxxer.hikari.pool.HikariPool        : HikariPool-1 - Fill pool skipped, pool has sufficient level or currently being filled.
2025-03-29T11:49:23.273+01:00 DEBUG 66871 --- [users-service] [HikariPool-1 housekeeper] com.zaxxer.hikari.pool.HikariPool        : HikariPool-1 - Pool stats (total=10, active=0, idle=10, waiting=0)
2025-03-29T11:49:23.276+01:00 DEBUG 66871 --- [users-service] [HikariPool-1 housekeeper] com.zaxxer.hikari.pool.HikariPool        : HikariPool-1 - Fill pool skipped, pool has sufficient level or currently being filled.
2025-03-29T11:49:53.279+01:00 DEBUG 66871 --- [users-service] [HikariPool-1 housekeeper] com.zaxxer.hikari.pool.HikariPool        : HikariPool-1 - Pool stats (total=10, active=0, idle=10, waiting=0)
2025-03-29T11:49:53.285+01:00 DEBUG 66871 --- [users-service] [HikariPool-1 housekeeper] com.zaxxer.hikari.pool.HikariPool        : HikariPool-1 - Fill pool skipped, pool has sufficient level or currently being filled.
2025-03-29T11:50:23.285+01:00 DEBUG 66871 --- [users-service] [HikariPool-1 housekeeper] com.zaxxer.hikari.pool.HikariPool        : HikariPool-1 - Pool stats (total=10, active=0, idle=10, waiting=0)
2025-03-29T11:50:23.286+01:00 DEBUG 66871 --- [users-service] [HikariPool-1 housekeeper] com.zaxxer.hikari.pool.HikariPool        : HikariPool-1 - Fill pool skipped, pool has sufficient level or currently being filled.
2025-03-29T11:50:53.293+01:00 DEBUG 66871 --- [users-service] [HikariPool-1 housekeeper] com.zaxxer.hikari.pool.HikariPool        : HikariPool-1 - Pool stats (total=10, active=0, idle=10, waiting=0)
2025-03-29T11:50:53.295+01:00 DEBUG 66871 --- [users-service] [HikariPool-1 housekeeper] com.zaxxer.hikari.pool.HikariPool        : HikariPool-1 - Fill pool skipped, pool has sufficient level or currently being filled.
2025-03-29T11:51:23.297+01:00 DEBUG 66871 --- [users-service] [HikariPool-1 housekeeper] com.zaxxer.hikari.pool.HikariPool        : HikariPool-1 - Pool stats (total=10, active=0, idle=10, waiting=0)
2025-03-29T11:51:23.303+01:00 DEBUG 66871 --- [users-service] [HikariPool-1 housekeeper] com.zaxxer.hikari.pool.HikariPool        : HikariPool-1 - Fill pool skipped, pool has sufficient level or currently being filled.
2025-03-29T11:51:53.312+01:00 DEBUG 66871 --- [users-service] [HikariPool-1 housekeeper] com.zaxxer.hikari.pool.HikariPool        : HikariPool-1 - Pool stats (total=10, active=0, idle=10, waiting=0)
2025-03-29T11:51:53.314+01:00 DEBUG 66871 --- [users-service] [HikariPool-1 housekeeper] com.zaxxer.hikari.pool.HikariPool        : HikariPool-1 - Fill pool skipped, pool has sufficient level or currently being filled.
2025-03-29T11:52:23.319+01:00 DEBUG 66871 --- [users-service] [HikariPool-1 housekeeper] com.zaxxer.hikari.pool.HikariPool        : HikariPool-1 - Pool stats (total=10, active=0, idle=10, waiting=0)
2025-03-29T11:52:23.321+01:00 DEBUG 66871 --- [users-service] [HikariPool-1 housekeeper] com.zaxxer.hikari.pool.HikariPool        : HikariPool-1 - Fill pool skipped, pool has sufficient level or currently being filled.
2025-03-29T11:52:53.375+01:00 DEBUG 66871 --- [users-service] [HikariPool-1 housekeeper] com.zaxxer.hikari.pool.HikariPool        : HikariPool-1 - Pool stats (total=10, active=0, idle=10, waiting=0)
2025-03-29T11:52:53.377+01:00 DEBUG 66871 --- [users-service] [HikariPool-1 housekeeper] com.zaxxer.hikari.pool.HikariPool        : HikariPool-1 - Fill pool skipped, pool has sufficient level or currently being filled.
2025-03-29T11:53:23.381+01:00 DEBUG 66871 --- [users-service] [HikariPool-1 housekeeper] com.zaxxer.hikari.pool.HikariPool        : HikariPool-1 - Pool stats (total=10, active=0, idle=10, waiting=0)
2025-03-29T11:53:23.383+01:00 DEBUG 66871 --- [users-service] [HikariPool-1 housekeeper] com.zaxxer.hikari.pool.HikariPool        : HikariPool-1 - Fill pool skipped, pool has sufficient level or currently being filled.
2025-03-29T11:53:53.385+01:00 DEBUG 66871 --- [users-service] [HikariPool-1 housekeeper] com.zaxxer.hikari.pool.HikariPool        : HikariPool-1 - Pool stats (total=10, active=0, idle=10, waiting=0)
2025-03-29T11:53:53.388+01:00 DEBUG 66871 --- [users-service] [HikariPool-1 housekeeper] com.zaxxer.hikari.pool.HikariPool        : HikariPool-1 - Fill pool skipped, pool has sufficient level or currently being filled.
2025-03-29T11:54:19.344+01:00  INFO 66871 --- [users-service] [kafka-producer-network-thread | users-service-producer-1] org.apache.kafka.clients.NetworkClient   : [Producer clientId=users-service-producer-1] Node -1 disconnected.
2025-03-29T11:54:23.391+01:00 DEBUG 66871 --- [users-service] [HikariPool-1 housekeeper] com.zaxxer.hikari.pool.HikariPool        : HikariPool-1 - Pool stats (total=10, active=0, idle=10, waiting=0)
2025-03-29T11:54:23.392+01:00 DEBUG 66871 --- [users-service] [HikariPool-1 housekeeper] com.zaxxer.hikari.pool.HikariPool        : HikariPool-1 - Fill pool skipped, pool has sufficient level or currently being filled.
2025-03-29T11:54:53.392+01:00 DEBUG 66871 --- [users-service] [HikariPool-1 housekeeper] com.zaxxer.hikari.pool.HikariPool        : HikariPool-1 - Pool stats (total=10, active=0, idle=10, waiting=0)
2025-03-29T11:54:53.395+01:00 DEBUG 66871 --- [users-service] [HikariPool-1 housekeeper] com.zaxxer.hikari.pool.HikariPool        : HikariPool-1 - Fill pool skipped, pool has sufficient level or currently being filled.
2025-03-29T11:55:23.399+01:00 DEBUG 66871 --- [users-service] [HikariPool-1 housekeeper] com.zaxxer.hikari.pool.HikariPool        : HikariPool-1 - Pool stats (total=10, active=0, idle=10, waiting=0)
2025-03-29T11:55:23.399+01:00 DEBUG 66871 --- [users-service] [HikariPool-1 housekeeper] com.zaxxer.hikari.pool.HikariPool        : HikariPool-1 - Fill pool skipped, pool has sufficient level or currently being filled.
2025-03-29T11:55:53.404+01:00 DEBUG 66871 --- [users-service] [HikariPool-1 housekeeper] com.zaxxer.hikari.pool.HikariPool        : HikariPool-1 - Pool stats (total=10, active=0, idle=10, waiting=0)
2025-03-29T11:55:53.405+01:00 DEBUG 66871 --- [users-service] [HikariPool-1 housekeeper] com.zaxxer.hikari.pool.HikariPool        : HikariPool-1 - Fill pool skipped, pool has sufficient level or currently being filled.
2025-03-29T11:56:23.409+01:00 DEBUG 66871 --- [users-service] [HikariPool-1 housekeeper] com.zaxxer.hikari.pool.HikariPool        : HikariPool-1 - Pool stats (total=10, active=0, idle=10, waiting=0)
2025-03-29T11:56:23.411+01:00 DEBUG 66871 --- [users-service] [HikariPool-1 housekeeper] com.zaxxer.hikari.pool.HikariPool        : HikariPool-1 - Fill pool skipped, pool has sufficient level or currently being filled.
2025-03-29T11:56:53.411+01:00 DEBUG 66871 --- [users-service] [HikariPool-1 housekeeper] com.zaxxer.hikari.pool.HikariPool        : HikariPool-1 - Pool stats (total=10, active=0, idle=10, waiting=0)
2025-03-29T11:56:53.413+01:00 DEBUG 66871 --- [users-service] [HikariPool-1 housekeeper] com.zaxxer.hikari.pool.HikariPool        : HikariPool-1 - Fill pool skipped, pool has sufficient level or currently being filled.
2025-03-29T11:57:23.413+01:00 DEBUG 66871 --- [users-service] [HikariPool-1 housekeeper] com.zaxxer.hikari.pool.HikariPool        : HikariPool-1 - Pool stats (total=10, active=0, idle=10, waiting=0)
2025-03-29T11:57:23.416+01:00 DEBUG 66871 --- [users-service] [HikariPool-1 housekeeper] com.zaxxer.hikari.pool.HikariPool        : HikariPool-1 - Fill pool skipped, pool has sufficient level or currently being filled.
2025-03-29T11:57:53.416+01:00 DEBUG 66871 --- [users-service] [HikariPool-1 housekeeper] com.zaxxer.hikari.pool.HikariPool        : HikariPool-1 - Pool stats (total=10, active=0, idle=10, waiting=0)
2025-03-29T11:57:53.418+01:00 DEBUG 66871 --- [users-service] [HikariPool-1 housekeeper] com.zaxxer.hikari.pool.HikariPool        : HikariPool-1 - Fill pool skipped, pool has sufficient level or currently being filled.
2025-03-29T11:58:23.417+01:00 DEBUG 66871 --- [users-service] [HikariPool-1 housekeeper] com.zaxxer.hikari.pool.HikariPool        : HikariPool-1 - Pool stats (total=10, active=0, idle=10, waiting=0)
2025-03-29T11:58:23.418+01:00 DEBUG 66871 --- [users-service] [HikariPool-1 housekeeper] com.zaxxer.hikari.pool.HikariPool        : HikariPool-1 - Fill pool skipped, pool has sufficient level or currently being filled.
2025-03-29T11:58:53.423+01:00 DEBUG 66871 --- [users-service] [HikariPool-1 housekeeper] com.zaxxer.hikari.pool.HikariPool        : HikariPool-1 - Pool stats (total=10, active=0, idle=10, waiting=0)
2025-03-29T11:58:53.426+01:00 DEBUG 66871 --- [users-service] [HikariPool-1 housekeeper] com.zaxxer.hikari.pool.HikariPool        : HikariPool-1 - Fill pool skipped, pool has sufficient level or currently being filled.
2025-03-29T11:59:23.430+01:00 DEBUG 66871 --- [users-service] [HikariPool-1 housekeeper] com.zaxxer.hikari.pool.HikariPool        : HikariPool-1 - Pool stats (total=10, active=0, idle=10, waiting=0)
2025-03-29T11:59:23.432+01:00 DEBUG 66871 --- [users-service] [HikariPool-1 housekeeper] com.zaxxer.hikari.pool.HikariPool        : HikariPool-1 - Fill pool skipped, pool has sufficient level or currently being filled.
2025-03-29T11:59:53.431+01:00 DEBUG 66871 --- [users-service] [HikariPool-1 housekeeper] com.zaxxer.hikari.pool.HikariPool        : HikariPool-1 - Pool stats (total=10, active=0, idle=10, waiting=0)
2025-03-29T11:59:53.432+01:00 DEBUG 66871 --- [users-service] [HikariPool-1 housekeeper] com.zaxxer.hikari.pool.HikariPool        : HikariPool-1 - Fill pool skipped, pool has sufficient level or currently being filled.
2025-03-29T12:00:23.432+01:00 DEBUG 66871 --- [users-service] [HikariPool-1 housekeeper] com.zaxxer.hikari.pool.HikariPool        : HikariPool-1 - Pool stats (total=10, active=0, idle=10, waiting=0)
2025-03-29T12:00:23.435+01:00 DEBUG 66871 --- [users-service] [HikariPool-1 housekeeper] com.zaxxer.hikari.pool.HikariPool        : HikariPool-1 - Fill pool skipped, pool has sufficient level or currently being filled.
2025-03-29T12:00:53.440+01:00 DEBUG 66871 --- [users-service] [HikariPool-1 housekeeper] com.zaxxer.hikari.pool.HikariPool        : HikariPool-1 - Pool stats (total=10, active=0, idle=10, waiting=0)
2025-03-29T12:00:53.442+01:00 DEBUG 66871 --- [users-service] [HikariPool-1 housekeeper] com.zaxxer.hikari.pool.HikariPool        : HikariPool-1 - Fill pool skipped, pool has sufficient level or currently being filled.
2025-03-29T12:01:23.445+01:00 DEBUG 66871 --- [users-service] [HikariPool-1 housekeeper] com.zaxxer.hikari.pool.HikariPool        : HikariPool-1 - Pool stats (total=10, active=0, idle=10, waiting=0)
2025-03-29T12:01:23.447+01:00 DEBUG 66871 --- [users-service] [HikariPool-1 housekeeper] com.zaxxer.hikari.pool.HikariPool        : HikariPool-1 - Fill pool skipped, pool has sufficient level or currently being filled.
2025-03-29T12:01:42.434+01:00 DEBUG 66871 --- [users-service] [HikariPool-1 connection closer] com.zaxxer.hikari.pool.PoolBase          : HikariPool-1 - Closing connection conn2: url=jdbc:h2:mem:mydb user=SA: (connection has passed maxLifetime)
2025-03-29T12:01:42.440+01:00 DEBUG 66871 --- [users-service] [HikariPool-1 connection adder] com.zaxxer.hikari.pool.HikariPool        : HikariPool-1 - Added connection conn10: url=jdbc:h2:mem:mydb user=SA
2025-03-29T12:01:42.475+01:00 DEBUG 66871 --- [users-service] [HikariPool-1 connection adder] com.zaxxer.hikari.pool.HikariPool        : HikariPool-1 - Connection not added, stats (total=10, active=0, idle=10, waiting=0)
2025-03-29T12:01:44.003+01:00 DEBUG 66871 --- [users-service] [HikariPool-1 connection closer] com.zaxxer.hikari.pool.PoolBase          : HikariPool-1 - Closing connection conn7: url=jdbc:h2:mem:mydb user=SA: (connection has passed maxLifetime)
2025-03-29T12:01:44.004+01:00 DEBUG 66871 --- [users-service] [HikariPool-1 connection adder] com.zaxxer.hikari.pool.HikariPool        : HikariPool-1 - Added connection conn11: url=jdbc:h2:mem:mydb user=SA
2025-03-29T12:01:44.037+01:00 DEBUG 66871 --- [users-service] [HikariPool-1 connection adder] com.zaxxer.hikari.pool.HikariPool        : HikariPool-1 - Connection not added, stats (total=10, active=0, idle=10, waiting=0)
2025-03-29T12:01:48.776+01:00 DEBUG 66871 --- [users-service] [HikariPool-1 connection closer] com.zaxxer.hikari.pool.PoolBase          : HikariPool-1 - Closing connection conn4: url=jdbc:h2:mem:mydb user=SA: (connection has passed maxLifetime)
2025-03-29T12:01:48.778+01:00 DEBUG 66871 --- [users-service] [HikariPool-1 connection adder] com.zaxxer.hikari.pool.HikariPool        : HikariPool-1 - Added connection conn12: url=jdbc:h2:mem:mydb user=SA
2025-03-29T12:01:48.816+01:00 DEBUG 66871 --- [users-service] [HikariPool-1 connection adder] com.zaxxer.hikari.pool.HikariPool        : HikariPool-1 - Connection not added, stats (total=10, active=0, idle=10, waiting=0)
2025-03-29T12:01:49.082+01:00 DEBUG 66871 --- [users-service] [HikariPool-1 connection closer] com.zaxxer.hikari.pool.PoolBase          : HikariPool-1 - Closing connection conn9: url=jdbc:h2:mem:mydb user=SA: (connection has passed maxLifetime)
2025-03-29T12:01:49.083+01:00 DEBUG 66871 --- [users-service] [HikariPool-1 connection adder] com.zaxxer.hikari.pool.HikariPool        : HikariPool-1 - Added connection conn13: url=jdbc:h2:mem:mydb user=SA
2025-03-29T12:01:49.116+01:00 DEBUG 66871 --- [users-service] [HikariPool-1 connection adder] com.zaxxer.hikari.pool.HikariPool        : HikariPool-1 - Connection not added, stats (total=10, active=0, idle=10, waiting=0)
2025-03-29T12:01:53.451+01:00 DEBUG 66871 --- [users-service] [HikariPool-1 housekeeper] com.zaxxer.hikari.pool.HikariPool        : HikariPool-1 - Pool stats (total=10, active=0, idle=10, waiting=0)
2025-03-29T12:01:53.452+01:00 DEBUG 66871 --- [users-service] [HikariPool-1 housekeeper] com.zaxxer.hikari.pool.HikariPool        : HikariPool-1 - Fill pool skipped, pool has sufficient level or currently being filled.
2025-03-29T12:01:54.920+01:00 DEBUG 66871 --- [users-service] [HikariPool-1 connection closer] com.zaxxer.hikari.pool.PoolBase          : HikariPool-1 - Closing connection conn1: url=jdbc:h2:mem:mydb user=SA: (connection has passed maxLifetime)
2025-03-29T12:01:54.922+01:00 DEBUG 66871 --- [users-service] [HikariPool-1 connection adder] com.zaxxer.hikari.pool.HikariPool        : HikariPool-1 - Added connection conn14: url=jdbc:h2:mem:mydb user=SA
2025-03-29T12:01:54.955+01:00 DEBUG 66871 --- [users-service] [HikariPool-1 connection adder] com.zaxxer.hikari.pool.HikariPool        : HikariPool-1 - Connection not added, stats (total=10, active=0, idle=10, waiting=0)
2025-03-29T12:01:59.260+01:00 DEBUG 66871 --- [users-service] [HikariPool-1 connection closer] com.zaxxer.hikari.pool.PoolBase          : HikariPool-1 - Closing connection conn5: url=jdbc:h2:mem:mydb user=SA: (connection has passed maxLifetime)
2025-03-29T12:01:59.264+01:00 DEBUG 66871 --- [users-service] [HikariPool-1 connection adder] com.zaxxer.hikari.pool.HikariPool        : HikariPool-1 - Added connection conn15: url=jdbc:h2:mem:mydb user=SA
2025-03-29T12:01:59.294+01:00 DEBUG 66871 --- [users-service] [HikariPool-1 connection adder] com.zaxxer.hikari.pool.HikariPool        : HikariPool-1 - Connection not added, stats (total=10, active=0, idle=10, waiting=0)
2025-03-29T12:02:01.049+01:00 DEBUG 66871 --- [users-service] [HikariPool-1 connection closer] com.zaxxer.hikari.pool.PoolBase          : HikariPool-1 - Closing connection conn6: url=jdbc:h2:mem:mydb user=SA: (connection has passed maxLifetime)
2025-03-29T12:02:01.051+01:00 DEBUG 66871 --- [users-service] [HikariPool-1 connection adder] com.zaxxer.hikari.pool.HikariPool        : HikariPool-1 - Added connection conn16: url=jdbc:h2:mem:mydb user=SA
2025-03-29T12:02:01.083+01:00 DEBUG 66871 --- [users-service] [HikariPool-1 connection adder] com.zaxxer.hikari.pool.HikariPool        : HikariPool-1 - Connection not added, stats (total=10, active=0, idle=10, waiting=0)
2025-03-29T12:02:13.359+01:00 DEBUG 66871 --- [users-service] [HikariPool-1 connection closer] com.zaxxer.hikari.pool.PoolBase          : HikariPool-1 - Closing connection conn3: url=jdbc:h2:mem:mydb user=SA: (connection has passed maxLifetime)
2025-03-29T12:02:13.362+01:00 DEBUG 66871 --- [users-service] [HikariPool-1 connection adder] com.zaxxer.hikari.pool.HikariPool        : HikariPool-1 - Added connection conn17: url=jdbc:h2:mem:mydb user=SA
2025-03-29T12:02:13.395+01:00 DEBUG 66871 --- [users-service] [HikariPool-1 connection adder] com.zaxxer.hikari.pool.HikariPool        : HikariPool-1 - Connection not added, stats (total=10, active=0, idle=10, waiting=0)
2025-03-29T12:02:13.571+01:00 DEBUG 66871 --- [users-service] [HikariPool-1 connection closer] com.zaxxer.hikari.pool.PoolBase          : HikariPool-1 - Closing connection conn0: url=jdbc:h2:mem:mydb user=SA: (connection has passed maxLifetime)
2025-03-29T12:02:13.573+01:00 DEBUG 66871 --- [users-service] [HikariPool-1 connection adder] com.zaxxer.hikari.pool.HikariPool        : HikariPool-1 - Added connection conn18: url=jdbc:h2:mem:mydb user=SA
2025-03-29T12:02:13.608+01:00 DEBUG 66871 --- [users-service] [HikariPool-1 connection adder] com.zaxxer.hikari.pool.HikariPool        : HikariPool-1 - Connection not added, stats (total=10, active=0, idle=10, waiting=0)
2025-03-29T12:02:17.517+01:00 DEBUG 66871 --- [users-service] [HikariPool-1 connection closer] com.zaxxer.hikari.pool.PoolBase          : HikariPool-1 - Closing connection conn8: url=jdbc:h2:mem:mydb user=SA: (connection has passed maxLifetime)
2025-03-29T12:02:17.519+01:00 DEBUG 66871 --- [users-service] [HikariPool-1 connection adder] com.zaxxer.hikari.pool.HikariPool        : HikariPool-1 - Added connection conn19: url=jdbc:h2:mem:mydb user=SA
2025-03-29T12:02:17.555+01:00 DEBUG 66871 --- [users-service] [HikariPool-1 connection adder] com.zaxxer.hikari.pool.HikariPool        : HikariPool-1 - Connection not added, stats (total=10, active=0, idle=10, waiting=0)
2025-03-29T12:02:23.454+01:00 DEBUG 66871 --- [users-service] [HikariPool-1 housekeeper] com.zaxxer.hikari.pool.HikariPool        : HikariPool-1 - Pool stats (total=10, active=0, idle=10, waiting=0)
2025-03-29T12:02:23.455+01:00 DEBUG 66871 --- [users-service] [HikariPool-1 housekeeper] com.zaxxer.hikari.pool.HikariPool        : HikariPool-1 - Fill pool skipped, pool has sufficient level or currently being filled.
2025-03-29T12:02:53.458+01:00 DEBUG 66871 --- [users-service] [HikariPool-1 housekeeper] com.zaxxer.hikari.pool.HikariPool        : HikariPool-1 - Pool stats (total=10, active=0, idle=10, waiting=0)
2025-03-29T12:02:53.459+01:00 DEBUG 66871 --- [users-service] [HikariPool-1 housekeeper] com.zaxxer.hikari.pool.HikariPool        : HikariPool-1 - Fill pool skipped, pool has sufficient level or currently being filled.
2025-03-29T12:03:23.464+01:00 DEBUG 66871 --- [users-service] [HikariPool-1 housekeeper] com.zaxxer.hikari.pool.HikariPool        : HikariPool-1 - Pool stats (total=10, active=0, idle=10, waiting=0)
2025-03-29T12:03:23.465+01:00 DEBUG 66871 --- [users-service] [HikariPool-1 housekeeper] com.zaxxer.hikari.pool.HikariPool        : HikariPool-1 - Fill pool skipped, pool has sufficient level or currently being filled.
2025-03-29T12:03:53.469+01:00 DEBUG 66871 --- [users-service] [HikariPool-1 housekeeper] com.zaxxer.hikari.pool.HikariPool        : HikariPool-1 - Pool stats (total=10, active=0, idle=10, waiting=0)
2025-03-29T12:03:53.470+01:00 DEBUG 66871 --- [users-service] [HikariPool-1 housekeeper] com.zaxxer.hikari.pool.HikariPool        : HikariPool-1 - Fill pool skipped, pool has sufficient level or currently being filled.
2025-03-29T12:04:23.474+01:00 DEBUG 66871 --- [users-service] [HikariPool-1 housekeeper] com.zaxxer.hikari.pool.HikariPool        : HikariPool-1 - Pool stats (total=10, active=0, idle=10, waiting=0)
2025-03-29T12:04:23.477+01:00 DEBUG 66871 --- [users-service] [HikariPool-1 housekeeper] com.zaxxer.hikari.pool.HikariPool        : HikariPool-1 - Fill pool skipped, pool has sufficient level or currently being filled.
2025-03-29T12:04:53.477+01:00 DEBUG 66871 --- [users-service] [HikariPool-1 housekeeper] com.zaxxer.hikari.pool.HikariPool        : HikariPool-1 - Pool stats (total=10, active=0, idle=10, waiting=0)
2025-03-29T12:04:53.478+01:00 DEBUG 66871 --- [users-service] [HikariPool-1 housekeeper] com.zaxxer.hikari.pool.HikariPool        : HikariPool-1 - Fill pool skipped, pool has sufficient level or currently being filled.
2025-03-29T12:05:23.479+01:00 DEBUG 66871 --- [users-service] [HikariPool-1 housekeeper] com.zaxxer.hikari.pool.HikariPool        : HikariPool-1 - Pool stats (total=10, active=0, idle=10, waiting=0)
2025-03-29T12:05:23.481+01:00 DEBUG 66871 --- [users-service] [HikariPool-1 housekeeper] com.zaxxer.hikari.pool.HikariPool        : HikariPool-1 - Fill pool skipped, pool has sufficient level or currently being filled.
2025-03-29T12:05:53.499+01:00 DEBUG 66871 --- [users-service] [HikariPool-1 housekeeper] com.zaxxer.hikari.pool.HikariPool        : HikariPool-1 - Pool stats (total=10, active=0, idle=10, waiting=0)
2025-03-29T12:05:53.500+01:00 DEBUG 66871 --- [users-service] [HikariPool-1 housekeeper] com.zaxxer.hikari.pool.HikariPool        : HikariPool-1 - Fill pool skipped, pool has sufficient level or currently being filled.
2025-03-29T12:06:23.527+01:00 DEBUG 66871 --- [users-service] [HikariPool-1 housekeeper] com.zaxxer.hikari.pool.HikariPool        : HikariPool-1 - Pool stats (total=10, active=0, idle=10, waiting=0)
2025-03-29T12:06:23.528+01:00 DEBUG 66871 --- [users-service] [HikariPool-1 housekeeper] com.zaxxer.hikari.pool.HikariPool        : HikariPool-1 - Fill pool skipped, pool has sufficient level or currently being filled.
2025-03-29T12:06:53.536+01:00 DEBUG 66871 --- [users-service] [HikariPool-1 housekeeper] com.zaxxer.hikari.pool.HikariPool        : HikariPool-1 - Pool stats (total=10, active=0, idle=10, waiting=0)
2025-03-29T12:06:53.537+01:00 DEBUG 66871 --- [users-service] [HikariPool-1 housekeeper] com.zaxxer.hikari.pool.HikariPool        : HikariPool-1 - Fill pool skipped, pool has sufficient level or currently being filled.
2025-03-29T12:07:23.542+01:00 DEBUG 66871 --- [users-service] [HikariPool-1 housekeeper] com.zaxxer.hikari.pool.HikariPool        : HikariPool-1 - Pool stats (total=10, active=0, idle=10, waiting=0)
2025-03-29T12:07:23.542+01:00 DEBUG 66871 --- [users-service] [HikariPool-1 housekeeper] com.zaxxer.hikari.pool.HikariPool        : HikariPool-1 - Fill pool skipped, pool has sufficient level or currently being filled.
2025-03-29T12:07:53.547+01:00 DEBUG 66871 --- [users-service] [HikariPool-1 housekeeper] com.zaxxer.hikari.pool.HikariPool        : HikariPool-1 - Pool stats (total=10, active=0, idle=10, waiting=0)
2025-03-29T12:07:53.549+01:00 DEBUG 66871 --- [users-service] [HikariPool-1 housekeeper] com.zaxxer.hikari.pool.HikariPool        : HikariPool-1 - Fill pool skipped, pool has sufficient level or currently being filled.
2025-03-29T12:08:23.549+01:00 DEBUG 66871 --- [users-service] [HikariPool-1 housekeeper] com.zaxxer.hikari.pool.HikariPool        : HikariPool-1 - Pool stats (total=10, active=0, idle=10, waiting=0)
2025-03-29T12:08:23.551+01:00 DEBUG 66871 --- [users-service] [HikariPool-1 housekeeper] com.zaxxer.hikari.pool.HikariPool        : HikariPool-1 - Fill pool skipped, pool has sufficient level or currently being filled.
2025-03-29T12:08:53.552+01:00 DEBUG 66871 --- [users-service] [HikariPool-1 housekeeper] com.zaxxer.hikari.pool.HikariPool        : HikariPool-1 - Pool stats (total=10, active=0, idle=10, waiting=0)
2025-03-29T12:08:53.554+01:00 DEBUG 66871 --- [users-service] [HikariPool-1 housekeeper] com.zaxxer.hikari.pool.HikariPool        : HikariPool-1 - Fill pool skipped, pool has sufficient level or currently being filled.
2025-03-29T12:09:23.558+01:00 DEBUG 66871 --- [users-service] [HikariPool-1 housekeeper] com.zaxxer.hikari.pool.HikariPool        : HikariPool-1 - Pool stats (total=10, active=0, idle=10, waiting=0)
2025-03-29T12:09:23.558+01:00 DEBUG 66871 --- [users-service] [HikariPool-1 housekeeper] com.zaxxer.hikari.pool.HikariPool        : HikariPool-1 - Fill pool skipped, pool has sufficient level or currently being filled.
2025-03-29T12:09:53.563+01:00 DEBUG 66871 --- [users-service] [HikariPool-1 housekeeper] com.zaxxer.hikari.pool.HikariPool        : HikariPool-1 - Pool stats (total=10, active=0, idle=10, waiting=0)
2025-03-29T12:09:53.565+01:00 DEBUG 66871 --- [users-service] [HikariPool-1 housekeeper] com.zaxxer.hikari.pool.HikariPool        : HikariPool-1 - Fill pool skipped, pool has sufficient level or currently being filled.
2025-03-29T12:10:23.568+01:00 DEBUG 66871 --- [users-service] [HikariPool-1 housekeeper] com.zaxxer.hikari.pool.HikariPool        : HikariPool-1 - Pool stats (total=10, active=0, idle=10, waiting=0)
2025-03-29T12:10:23.571+01:00 DEBUG 66871 --- [users-service] [HikariPool-1 housekeeper] com.zaxxer.hikari.pool.HikariPool        : HikariPool-1 - Fill pool skipped, pool has sufficient level or currently being filled.
2025-03-29T12:10:53.574+01:00 DEBUG 66871 --- [users-service] [HikariPool-1 housekeeper] com.zaxxer.hikari.pool.HikariPool        : HikariPool-1 - Pool stats (total=10, active=0, idle=10, waiting=0)
2025-03-29T12:10:53.575+01:00 DEBUG 66871 --- [users-service] [HikariPool-1 housekeeper] com.zaxxer.hikari.pool.HikariPool        : HikariPool-1 - Fill pool skipped, pool has sufficient level or currently being filled.
2025-03-29T12:11:23.577+01:00 DEBUG 66871 --- [users-service] [HikariPool-1 housekeeper] com.zaxxer.hikari.pool.HikariPool        : HikariPool-1 - Pool stats (total=10, active=0, idle=10, waiting=0)
2025-03-29T12:11:23.578+01:00 DEBUG 66871 --- [users-service] [HikariPool-1 housekeeper] com.zaxxer.hikari.pool.HikariPool        : HikariPool-1 - Fill pool skipped, pool has sufficient level or currently being filled.
2025-03-29T12:11:53.583+01:00 DEBUG 66871 --- [users-service] [HikariPool-1 housekeeper] com.zaxxer.hikari.pool.HikariPool        : HikariPool-1 - Pool stats (total=10, active=0, idle=10, waiting=0)
2025-03-29T12:11:53.585+01:00 DEBUG 66871 --- [users-service] [HikariPool-1 housekeeper] com.zaxxer.hikari.pool.HikariPool        : HikariPool-1 - Fill pool skipped, pool has sufficient level or currently being filled.
2025-03-29T12:12:23.590+01:00 DEBUG 66871 --- [users-service] [HikariPool-1 housekeeper] com.zaxxer.hikari.pool.HikariPool        : HikariPool-1 - Pool stats (total=10, active=0, idle=10, waiting=0)
2025-03-29T12:12:23.593+01:00 DEBUG 66871 --- [users-service] [HikariPool-1 housekeeper] com.zaxxer.hikari.pool.HikariPool        : HikariPool-1 - Fill pool skipped, pool has sufficient level or currently being filled.
2025-03-29T12:12:53.598+01:00 DEBUG 66871 --- [users-service] [HikariPool-1 housekeeper] com.zaxxer.hikari.pool.HikariPool        : HikariPool-1 - Pool stats (total=10, active=0, idle=10, waiting=0)
2025-03-29T12:12:53.599+01:00 DEBUG 66871 --- [users-service] [HikariPool-1 housekeeper] com.zaxxer.hikari.pool.HikariPool        : HikariPool-1 - Fill pool skipped, pool has sufficient level or currently being filled.
2025-03-29T12:13:23.604+01:00 DEBUG 66871 --- [users-service] [HikariPool-1 housekeeper] com.zaxxer.hikari.pool.HikariPool        : HikariPool-1 - Pool stats (total=10, active=0, idle=10, waiting=0)
2025-03-29T12:13:23.606+01:00 DEBUG 66871 --- [users-service] [HikariPool-1 housekeeper] com.zaxxer.hikari.pool.HikariPool        : HikariPool-1 - Fill pool skipped, pool has sufficient level or currently being filled.
2025-03-29T12:13:53.607+01:00 DEBUG 66871 --- [users-service] [HikariPool-1 housekeeper] com.zaxxer.hikari.pool.HikariPool        : HikariPool-1 - Pool stats (total=10, active=0, idle=10, waiting=0)
2025-03-29T12:13:53.610+01:00 DEBUG 66871 --- [users-service] [HikariPool-1 housekeeper] com.zaxxer.hikari.pool.HikariPool        : HikariPool-1 - Fill pool skipped, pool has sufficient level or currently being filled.
2025-03-29T12:14:23.616+01:00 DEBUG 66871 --- [users-service] [HikariPool-1 housekeeper] com.zaxxer.hikari.pool.HikariPool        : HikariPool-1 - Pool stats (total=10, active=0, idle=10, waiting=0)
2025-03-29T12:14:23.618+01:00 DEBUG 66871 --- [users-service] [HikariPool-1 housekeeper] com.zaxxer.hikari.pool.HikariPool        : HikariPool-1 - Fill pool skipped, pool has sufficient level or currently being filled.
2025-03-29T12:14:53.621+01:00 DEBUG 66871 --- [users-service] [HikariPool-1 housekeeper] com.zaxxer.hikari.pool.HikariPool        : HikariPool-1 - Pool stats (total=10, active=0, idle=10, waiting=0)
2025-03-29T12:14:53.623+01:00 DEBUG 66871 --- [users-service] [HikariPool-1 housekeeper] com.zaxxer.hikari.pool.HikariPool        : HikariPool-1 - Fill pool skipped, pool has sufficient level or currently being filled.
2025-03-29T12:15:23.628+01:00 DEBUG 66871 --- [users-service] [HikariPool-1 housekeeper] com.zaxxer.hikari.pool.HikariPool        : HikariPool-1 - Pool stats (total=10, active=0, idle=10, waiting=0)
2025-03-29T12:15:23.629+01:00 DEBUG 66871 --- [users-service] [HikariPool-1 housekeeper] com.zaxxer.hikari.pool.HikariPool        : HikariPool-1 - Fill pool skipped, pool has sufficient level or currently being filled.
2025-03-29T12:15:53.634+01:00 DEBUG 66871 --- [users-service] [HikariPool-1 housekeeper] com.zaxxer.hikari.pool.HikariPool        : HikariPool-1 - Pool stats (total=10, active=0, idle=10, waiting=0)
2025-03-29T12:15:53.637+01:00 DEBUG 66871 --- [users-service] [HikariPool-1 housekeeper] com.zaxxer.hikari.pool.HikariPool        : HikariPool-1 - Fill pool skipped, pool has sufficient level or currently being filled.
2025-03-29T12:16:23.639+01:00 DEBUG 66871 --- [users-service] [HikariPool-1 housekeeper] com.zaxxer.hikari.pool.HikariPool        : HikariPool-1 - Pool stats (total=10, active=0, idle=10, waiting=0)
2025-03-29T12:16:23.641+01:00 DEBUG 66871 --- [users-service] [HikariPool-1 housekeeper] com.zaxxer.hikari.pool.HikariPool        : HikariPool-1 - Fill pool skipped, pool has sufficient level or currently being filled.
2025-03-29T12:16:53.641+01:00 DEBUG 66871 --- [users-service] [HikariPool-1 housekeeper] com.zaxxer.hikari.pool.HikariPool        : HikariPool-1 - Pool stats (total=10, active=0, idle=10, waiting=0)
2025-03-29T12:16:53.642+01:00 DEBUG 66871 --- [users-service] [HikariPool-1 housekeeper] com.zaxxer.hikari.pool.HikariPool        : HikariPool-1 - Fill pool skipped, pool has sufficient level or currently being filled.
2025-03-29T12:17:23.645+01:00 DEBUG 66871 --- [users-service] [HikariPool-1 housekeeper] com.zaxxer.hikari.pool.HikariPool        : HikariPool-1 - Pool stats (total=10, active=0, idle=10, waiting=0)
2025-03-29T12:17:23.647+01:00 DEBUG 66871 --- [users-service] [HikariPool-1 housekeeper] com.zaxxer.hikari.pool.HikariPool        : HikariPool-1 - Fill pool skipped, pool has sufficient level or currently being filled.
2025-03-29T12:17:53.651+01:00 DEBUG 66871 --- [users-service] [HikariPool-1 housekeeper] com.zaxxer.hikari.pool.HikariPool        : HikariPool-1 - Pool stats (total=10, active=0, idle=10, waiting=0)
2025-03-29T12:17:53.653+01:00 DEBUG 66871 --- [users-service] [HikariPool-1 housekeeper] com.zaxxer.hikari.pool.HikariPool        : HikariPool-1 - Fill pool skipped, pool has sufficient level or currently being filled.
2025-03-29T12:18:23.653+01:00 DEBUG 66871 --- [users-service] [HikariPool-1 housekeeper] com.zaxxer.hikari.pool.HikariPool        : HikariPool-1 - Pool stats (total=10, active=0, idle=10, waiting=0)
2025-03-29T12:18:23.656+01:00 DEBUG 66871 --- [users-service] [HikariPool-1 housekeeper] com.zaxxer.hikari.pool.HikariPool        : HikariPool-1 - Fill pool skipped, pool has sufficient level or currently being filled.
2025-03-29T12:18:53.661+01:00 DEBUG 66871 --- [users-service] [HikariPool-1 housekeeper] com.zaxxer.hikari.pool.HikariPool        : HikariPool-1 - Pool stats (total=10, active=0, idle=10, waiting=0)
2025-03-29T12:18:53.663+01:00 DEBUG 66871 --- [users-service] [HikariPool-1 housekeeper] com.zaxxer.hikari.pool.HikariPool        : HikariPool-1 - Fill pool skipped, pool has sufficient level or currently being filled.
2025-03-29T12:19:23.664+01:00 DEBUG 66871 --- [users-service] [HikariPool-1 housekeeper] com.zaxxer.hikari.pool.HikariPool        : HikariPool-1 - Pool stats (total=10, active=0, idle=10, waiting=0)
2025-03-29T12:19:23.665+01:00 DEBUG 66871 --- [users-service] [HikariPool-1 housekeeper] com.zaxxer.hikari.pool.HikariPool        : HikariPool-1 - Fill pool skipped, pool has sufficient level or currently being filled.
2025-03-29T12:19:53.669+01:00 DEBUG 66871 --- [users-service] [HikariPool-1 housekeeper] com.zaxxer.hikari.pool.HikariPool        : HikariPool-1 - Pool stats (total=10, active=0, idle=10, waiting=0)
2025-03-29T12:19:53.672+01:00 DEBUG 66871 --- [users-service] [HikariPool-1 housekeeper] com.zaxxer.hikari.pool.HikariPool        : HikariPool-1 - Fill pool skipped, pool has sufficient level or currently being filled.
2025-03-29T12:20:23.676+01:00 DEBUG 66871 --- [users-service] [HikariPool-1 housekeeper] com.zaxxer.hikari.pool.HikariPool        : HikariPool-1 - Pool stats (total=10, active=0, idle=10, waiting=0)
2025-03-29T12:20:23.677+01:00 DEBUG 66871 --- [users-service] [HikariPool-1 housekeeper] com.zaxxer.hikari.pool.HikariPool        : HikariPool-1 - Fill pool skipped, pool has sufficient level or currently being filled.
2025-03-29T12:20:53.682+01:00 DEBUG 66871 --- [users-service] [HikariPool-1 housekeeper] com.zaxxer.hikari.pool.HikariPool        : HikariPool-1 - Pool stats (total=10, active=0, idle=10, waiting=0)
2025-03-29T12:20:53.684+01:00 DEBUG 66871 --- [users-service] [HikariPool-1 housekeeper] com.zaxxer.hikari.pool.HikariPool        : HikariPool-1 - Fill pool skipped, pool has sufficient level or currently being filled.
2025-03-29T12:21:24.284+01:00 DEBUG 66871 --- [users-service] [HikariPool-1 housekeeper] com.zaxxer.hikari.pool.HikariPool        : HikariPool-1 - Pool stats (total=10, active=0, idle=10, waiting=0)
2025-03-29T12:21:24.286+01:00 DEBUG 66871 --- [users-service] [HikariPool-1 housekeeper] com.zaxxer.hikari.pool.HikariPool        : HikariPool-1 - Fill pool skipped, pool has sufficient level or currently being filled.
2025-03-29T12:21:54.292+01:00 DEBUG 66871 --- [users-service] [HikariPool-1 housekeeper] com.zaxxer.hikari.pool.HikariPool        : HikariPool-1 - Pool stats (total=10, active=0, idle=10, waiting=0)
2025-03-29T12:21:54.294+01:00 DEBUG 66871 --- [users-service] [HikariPool-1 housekeeper] com.zaxxer.hikari.pool.HikariPool        : HikariPool-1 - Fill pool skipped, pool has sufficient level or currently being filled.
2025-03-29T12:22:24.299+01:00 DEBUG 66871 --- [users-service] [HikariPool-1 housekeeper] com.zaxxer.hikari.pool.HikariPool        : HikariPool-1 - Pool stats (total=10, active=0, idle=10, waiting=0)
2025-03-29T12:22:24.302+01:00 DEBUG 66871 --- [users-service] [HikariPool-1 housekeeper] com.zaxxer.hikari.pool.HikariPool        : HikariPool-1 - Fill pool skipped, pool has sufficient level or currently being filled.
2025-03-29T12:22:54.307+01:00 DEBUG 66871 --- [users-service] [HikariPool-1 housekeeper] com.zaxxer.hikari.pool.HikariPool        : HikariPool-1 - Pool stats (total=10, active=0, idle=10, waiting=0)
2025-03-29T12:22:54.309+01:00 DEBUG 66871 --- [users-service] [HikariPool-1 housekeeper] com.zaxxer.hikari.pool.HikariPool        : HikariPool-1 - Fill pool skipped, pool has sufficient level or currently being filled.
2025-03-29T12:23:24.336+01:00 DEBUG 66871 --- [users-service] [HikariPool-1 housekeeper] com.zaxxer.hikari.pool.HikariPool        : HikariPool-1 - Pool stats (total=10, active=0, idle=10, waiting=0)
2025-03-29T12:23:24.341+01:00 DEBUG 66871 --- [users-service] [HikariPool-1 housekeeper] com.zaxxer.hikari.pool.HikariPool        : HikariPool-1 - Fill pool skipped, pool has sufficient level or currently being filled.
2025-03-29T12:23:54.343+01:00 DEBUG 66871 --- [users-service] [HikariPool-1 housekeeper] com.zaxxer.hikari.pool.HikariPool        : HikariPool-1 - Pool stats (total=10, active=0, idle=10, waiting=0)
2025-03-29T12:23:54.344+01:00 DEBUG 66871 --- [users-service] [HikariPool-1 housekeeper] com.zaxxer.hikari.pool.HikariPool        : HikariPool-1 - Fill pool skipped, pool has sufficient level or currently being filled.
2025-03-29T12:24:24.350+01:00 DEBUG 66871 --- [users-service] [HikariPool-1 housekeeper] com.zaxxer.hikari.pool.HikariPool        : HikariPool-1 - Pool stats (total=10, active=0, idle=10, waiting=0)
2025-03-29T12:24:24.352+01:00 DEBUG 66871 --- [users-service] [HikariPool-1 housekeeper] com.zaxxer.hikari.pool.HikariPool        : HikariPool-1 - Fill pool skipped, pool has sufficient level or currently being filled.
2025-03-29T12:24:54.356+01:00 DEBUG 66871 --- [users-service] [HikariPool-1 housekeeper] com.zaxxer.hikari.pool.HikariPool        : HikariPool-1 - Pool stats (total=10, active=0, idle=10, waiting=0)
2025-03-29T12:24:54.358+01:00 DEBUG 66871 --- [users-service] [HikariPool-1 housekeeper] com.zaxxer.hikari.pool.HikariPool        : HikariPool-1 - Fill pool skipped, pool has sufficient level or currently being filled.
2025-03-29T12:25:24.364+01:00 DEBUG 66871 --- [users-service] [HikariPool-1 housekeeper] com.zaxxer.hikari.pool.HikariPool        : HikariPool-1 - Pool stats (total=10, active=0, idle=10, waiting=0)
2025-03-29T12:25:24.366+01:00 DEBUG 66871 --- [users-service] [HikariPool-1 housekeeper] com.zaxxer.hikari.pool.HikariPool        : HikariPool-1 - Fill pool skipped, pool has sufficient level or currently being filled.
2025-03-29T12:25:54.368+01:00 DEBUG 66871 --- [users-service] [HikariPool-1 housekeeper] com.zaxxer.hikari.pool.HikariPool        : HikariPool-1 - Pool stats (total=10, active=0, idle=10, waiting=0)
2025-03-29T12:25:54.370+01:00 DEBUG 66871 --- [users-service] [HikariPool-1 housekeeper] com.zaxxer.hikari.pool.HikariPool        : HikariPool-1 - Fill pool skipped, pool has sufficient level or currently being filled.
2025-03-29T12:26:24.372+01:00 DEBUG 66871 --- [users-service] [HikariPool-1 housekeeper] com.zaxxer.hikari.pool.HikariPool        : HikariPool-1 - Pool stats (total=10, active=0, idle=10, waiting=0)
2025-03-29T12:26:24.373+01:00 DEBUG 66871 --- [users-service] [HikariPool-1 housekeeper] com.zaxxer.hikari.pool.HikariPool        : HikariPool-1 - Fill pool skipped, pool has sufficient level or currently being filled.
2025-03-29T12:26:54.376+01:00 DEBUG 66871 --- [users-service] [HikariPool-1 housekeeper] com.zaxxer.hikari.pool.HikariPool        : HikariPool-1 - Pool stats (total=10, active=0, idle=10, waiting=0)
2025-03-29T12:26:54.378+01:00 DEBUG 66871 --- [users-service] [HikariPool-1 housekeeper] com.zaxxer.hikari.pool.HikariPool        : HikariPool-1 - Fill pool skipped, pool has sufficient level or currently being filled.
2025-03-29T12:27:24.383+01:00 DEBUG 66871 --- [users-service] [HikariPool-1 housekeeper] com.zaxxer.hikari.pool.HikariPool        : HikariPool-1 - Pool stats (total=10, active=0, idle=10, waiting=0)
2025-03-29T12:27:24.385+01:00 DEBUG 66871 --- [users-service] [HikariPool-1 housekeeper] com.zaxxer.hikari.pool.HikariPool        : HikariPool-1 - Fill pool skipped, pool has sufficient level or currently being filled.
2025-03-29T12:27:54.388+01:00 DEBUG 66871 --- [users-service] [HikariPool-1 housekeeper] com.zaxxer.hikari.pool.HikariPool        : HikariPool-1 - Pool stats (total=10, active=0, idle=10, waiting=0)
2025-03-29T12:27:54.391+01:00 DEBUG 66871 --- [users-service] [HikariPool-1 housekeeper] com.zaxxer.hikari.pool.HikariPool        : HikariPool-1 - Fill pool skipped, pool has sufficient level or currently being filled.
2025-03-29T12:28:24.395+01:00 DEBUG 66871 --- [users-service] [HikariPool-1 housekeeper] com.zaxxer.hikari.pool.HikariPool        : HikariPool-1 - Pool stats (total=10, active=0, idle=10, waiting=0)
2025-03-29T12:28:24.396+01:00 DEBUG 66871 --- [users-service] [HikariPool-1 housekeeper] com.zaxxer.hikari.pool.HikariPool        : HikariPool-1 - Fill pool skipped, pool has sufficient level or currently being filled.
2025-03-29T12:28:54.402+01:00 DEBUG 66871 --- [users-service] [HikariPool-1 housekeeper] com.zaxxer.hikari.pool.HikariPool        : HikariPool-1 - Pool stats (total=10, active=0, idle=10, waiting=0)
2025-03-29T12:28:54.405+01:00 DEBUG 66871 --- [users-service] [HikariPool-1 housekeeper] com.zaxxer.hikari.pool.HikariPool        : HikariPool-1 - Fill pool skipped, pool has sufficient level or currently being filled.
2025-03-29T12:29:24.410+01:00 DEBUG 66871 --- [users-service] [HikariPool-1 housekeeper] com.zaxxer.hikari.pool.HikariPool        : HikariPool-1 - Pool stats (total=10, active=0, idle=10, waiting=0)
2025-03-29T12:29:24.412+01:00 DEBUG 66871 --- [users-service] [HikariPool-1 housekeeper] com.zaxxer.hikari.pool.HikariPool        : HikariPool-1 - Fill pool skipped, pool has sufficient level or currently being filled.
2025-03-29T12:29:54.413+01:00 DEBUG 66871 --- [users-service] [HikariPool-1 housekeeper] com.zaxxer.hikari.pool.HikariPool        : HikariPool-1 - Pool stats (total=10, active=0, idle=10, waiting=0)
2025-03-29T12:29:54.416+01:00 DEBUG 66871 --- [users-service] [HikariPool-1 housekeeper] com.zaxxer.hikari.pool.HikariPool        : HikariPool-1 - Fill pool skipped, pool has sufficient level or currently being filled.
2025-03-29T12:30:24.421+01:00 DEBUG 66871 --- [users-service] [HikariPool-1 housekeeper] com.zaxxer.hikari.pool.HikariPool        : HikariPool-1 - Pool stats (total=10, active=0, idle=10, waiting=0)
2025-03-29T12:30:24.429+01:00 DEBUG 66871 --- [users-service] [HikariPool-1 housekeeper] com.zaxxer.hikari.pool.HikariPool        : HikariPool-1 - Fill pool skipped, pool has sufficient level or currently being filled.
2025-03-29T12:30:54.435+01:00 DEBUG 66871 --- [users-service] [HikariPool-1 housekeeper] com.zaxxer.hikari.pool.HikariPool        : HikariPool-1 - Pool stats (total=10, active=0, idle=10, waiting=0)
2025-03-29T12:30:54.437+01:00 DEBUG 66871 --- [users-service] [HikariPool-1 housekeeper] com.zaxxer.hikari.pool.HikariPool        : HikariPool-1 - Fill pool skipped, pool has sufficient level or currently being filled.
2025-03-29T12:31:09.273+01:00 DEBUG 66871 --- [users-service] [HikariPool-1 connection closer] com.zaxxer.hikari.pool.PoolBase          : HikariPool-1 - Closing connection conn13: url=jdbc:h2:mem:mydb user=SA: (connection has passed maxLifetime)
2025-03-29T12:31:09.286+01:00 DEBUG 66871 --- [users-service] [HikariPool-1 connection adder] com.zaxxer.hikari.pool.HikariPool        : HikariPool-1 - Added connection conn20: url=jdbc:h2:mem:mydb user=SA
2025-03-29T12:31:09.321+01:00 DEBUG 66871 --- [users-service] [HikariPool-1 connection adder] com.zaxxer.hikari.pool.HikariPool        : HikariPool-1 - Connection not added, stats (total=10, active=0, idle=10, waiting=0)
2025-03-29T12:31:16.803+01:00 DEBUG 66871 --- [users-service] [HikariPool-1 connection closer] com.zaxxer.hikari.pool.PoolBase          : HikariPool-1 - Closing connection conn12: url=jdbc:h2:mem:mydb user=SA: (connection has passed maxLifetime)
2025-03-29T12:31:16.805+01:00 DEBUG 66871 --- [users-service] [HikariPool-1 connection adder] com.zaxxer.hikari.pool.HikariPool        : HikariPool-1 - Added connection conn21: url=jdbc:h2:mem:mydb user=SA
2025-03-29T12:31:16.836+01:00 DEBUG 66871 --- [users-service] [HikariPool-1 connection adder] com.zaxxer.hikari.pool.HikariPool        : HikariPool-1 - Connection not added, stats (total=10, active=0, idle=10, waiting=0)
2025-03-29T12:31:24.440+01:00 DEBUG 66871 --- [users-service] [HikariPool-1 housekeeper] com.zaxxer.hikari.pool.HikariPool        : HikariPool-1 - Pool stats (total=10, active=0, idle=10, waiting=0)
2025-03-29T12:31:24.442+01:00 DEBUG 66871 --- [users-service] [HikariPool-1 housekeeper] com.zaxxer.hikari.pool.HikariPool        : HikariPool-1 - Fill pool skipped, pool has sufficient level or currently being filled.
2025-03-29T12:31:31.254+01:00 DEBUG 66871 --- [users-service] [HikariPool-1 connection closer] com.zaxxer.hikari.pool.PoolBase          : HikariPool-1 - Closing connection conn15: url=jdbc:h2:mem:mydb user=SA: (connection has passed maxLifetime)
2025-03-29T12:31:31.255+01:00 DEBUG 66871 --- [users-service] [HikariPool-1 connection adder] com.zaxxer.hikari.pool.HikariPool        : HikariPool-1 - Added connection conn22: url=jdbc:h2:mem:mydb user=SA
2025-03-29T12:31:31.286+01:00 DEBUG 66871 --- [users-service] [HikariPool-1 connection adder] com.zaxxer.hikari.pool.HikariPool        : HikariPool-1 - Connection not added, stats (total=10, active=0, idle=10, waiting=0)
2025-03-29T12:31:35.083+01:00 DEBUG 66871 --- [users-service] [HikariPool-1 connection closer] com.zaxxer.hikari.pool.PoolBase          : HikariPool-1 - Closing connection conn10: url=jdbc:h2:mem:mydb user=SA: (connection has passed maxLifetime)
2025-03-29T12:31:35.083+01:00 DEBUG 66871 --- [users-service] [HikariPool-1 connection adder] com.zaxxer.hikari.pool.HikariPool        : HikariPool-1 - Added connection conn23: url=jdbc:h2:mem:mydb user=SA
2025-03-29T12:31:35.118+01:00 DEBUG 66871 --- [users-service] [HikariPool-1 connection adder] com.zaxxer.hikari.pool.HikariPool        : HikariPool-1 - Connection not added, stats (total=10, active=0, idle=10, waiting=0)
2025-03-29T12:31:37.133+01:00 DEBUG 66871 --- [users-service] [HikariPool-1 connection closer] com.zaxxer.hikari.pool.PoolBase          : HikariPool-1 - Closing connection conn14: url=jdbc:h2:mem:mydb user=SA: (connection has passed maxLifetime)
2025-03-29T12:31:37.135+01:00 DEBUG 66871 --- [users-service] [HikariPool-1 connection adder] com.zaxxer.hikari.pool.HikariPool        : HikariPool-1 - Added connection conn24: url=jdbc:h2:mem:mydb user=SA
2025-03-29T12:31:37.167+01:00 DEBUG 66871 --- [users-service] [HikariPool-1 connection adder] com.zaxxer.hikari.pool.HikariPool        : HikariPool-1 - Connection not added, stats (total=10, active=0, idle=10, waiting=0)
2025-03-29T12:31:38.594+01:00 DEBUG 66871 --- [users-service] [HikariPool-1 connection closer] com.zaxxer.hikari.pool.PoolBase          : HikariPool-1 - Closing connection conn16: url=jdbc:h2:mem:mydb user=SA: (connection has passed maxLifetime)
2025-03-29T12:31:38.595+01:00 DEBUG 66871 --- [users-service] [HikariPool-1 connection adder] com.zaxxer.hikari.pool.HikariPool        : HikariPool-1 - Added connection conn25: url=jdbc:h2:mem:mydb user=SA
2025-03-29T12:31:38.628+01:00 DEBUG 66871 --- [users-service] [HikariPool-1 connection adder] com.zaxxer.hikari.pool.HikariPool        : HikariPool-1 - Connection not added, stats (total=10, active=0, idle=10, waiting=0)
2025-03-29T12:31:42.614+01:00 DEBUG 66871 --- [users-service] [HikariPool-1 connection closer] com.zaxxer.hikari.pool.PoolBase          : HikariPool-1 - Closing connection conn11: url=jdbc:h2:mem:mydb user=SA: (connection has passed maxLifetime)
2025-03-29T12:31:42.616+01:00 DEBUG 66871 --- [users-service] [HikariPool-1 connection adder] com.zaxxer.hikari.pool.HikariPool        : HikariPool-1 - Added connection conn26: url=jdbc:h2:mem:mydb user=SA
2025-03-29T12:31:42.652+01:00 DEBUG 66871 --- [users-service] [HikariPool-1 connection adder] com.zaxxer.hikari.pool.HikariPool        : HikariPool-1 - Connection not added, stats (total=10, active=0, idle=10, waiting=0)
2025-03-29T12:31:42.845+01:00 DEBUG 66871 --- [users-service] [HikariPool-1 connection closer] com.zaxxer.hikari.pool.PoolBase          : HikariPool-1 - Closing connection conn18: url=jdbc:h2:mem:mydb user=SA: (connection has passed maxLifetime)
2025-03-29T12:31:42.847+01:00 DEBUG 66871 --- [users-service] [HikariPool-1 connection adder] com.zaxxer.hikari.pool.HikariPool        : HikariPool-1 - Added connection conn27: url=jdbc:h2:mem:mydb user=SA
2025-03-29T12:31:42.880+01:00 DEBUG 66871 --- [users-service] [HikariPool-1 connection adder] com.zaxxer.hikari.pool.HikariPool        : HikariPool-1 - Connection not added, stats (total=10, active=0, idle=10, waiting=0)
2025-03-29T12:31:48.885+01:00 DEBUG 66871 --- [users-service] [HikariPool-1 connection closer] com.zaxxer.hikari.pool.PoolBase          : HikariPool-1 - Closing connection conn19: url=jdbc:h2:mem:mydb user=SA: (connection has passed maxLifetime)
2025-03-29T12:31:48.887+01:00 DEBUG 66871 --- [users-service] [HikariPool-1 connection adder] com.zaxxer.hikari.pool.HikariPool        : HikariPool-1 - Added connection conn28: url=jdbc:h2:mem:mydb user=SA
2025-03-29T12:31:48.923+01:00 DEBUG 66871 --- [users-service] [HikariPool-1 connection adder] com.zaxxer.hikari.pool.HikariPool        : HikariPool-1 - Connection not added, stats (total=10, active=0, idle=10, waiting=0)
2025-03-29T12:31:54.443+01:00 DEBUG 66871 --- [users-service] [HikariPool-1 housekeeper] com.zaxxer.hikari.pool.HikariPool        : HikariPool-1 - Pool stats (total=10, active=0, idle=10, waiting=0)
2025-03-29T12:31:54.443+01:00 DEBUG 66871 --- [users-service] [HikariPool-1 housekeeper] com.zaxxer.hikari.pool.HikariPool        : HikariPool-1 - Fill pool skipped, pool has sufficient level or currently being filled.
2025-03-29T12:32:04.200+01:00 DEBUG 66871 --- [users-service] [HikariPool-1 connection closer] com.zaxxer.hikari.pool.PoolBase          : HikariPool-1 - Closing connection conn17: url=jdbc:h2:mem:mydb user=SA: (connection has passed maxLifetime)
2025-03-29T12:32:04.207+01:00 DEBUG 66871 --- [users-service] [HikariPool-1 connection adder] com.zaxxer.hikari.pool.HikariPool        : HikariPool-1 - Added connection conn29: url=jdbc:h2:mem:mydb user=SA
2025-03-29T12:32:04.252+01:00 DEBUG 66871 --- [users-service] [HikariPool-1 connection adder] com.zaxxer.hikari.pool.HikariPool        : HikariPool-1 - Connection not added, stats (total=10, active=0, idle=10, waiting=0)
2025-03-29T12:32:24.446+01:00 DEBUG 66871 --- [users-service] [HikariPool-1 housekeeper] com.zaxxer.hikari.pool.HikariPool        : HikariPool-1 - Pool stats (total=10, active=0, idle=10, waiting=0)
2025-03-29T12:32:24.446+01:00 DEBUG 66871 --- [users-service] [HikariPool-1 housekeeper] com.zaxxer.hikari.pool.HikariPool        : HikariPool-1 - Fill pool skipped, pool has sufficient level or currently being filled.
2025-03-29T12:32:54.451+01:00 DEBUG 66871 --- [users-service] [HikariPool-1 housekeeper] com.zaxxer.hikari.pool.HikariPool        : HikariPool-1 - Pool stats (total=10, active=0, idle=10, waiting=0)
2025-03-29T12:32:54.452+01:00 DEBUG 66871 --- [users-service] [HikariPool-1 housekeeper] com.zaxxer.hikari.pool.HikariPool        : HikariPool-1 - Fill pool skipped, pool has sufficient level or currently being filled.
2025-03-29T12:33:24.455+01:00 DEBUG 66871 --- [users-service] [HikariPool-1 housekeeper] com.zaxxer.hikari.pool.HikariPool        : HikariPool-1 - Pool stats (total=10, active=0, idle=10, waiting=0)
2025-03-29T12:33:24.456+01:00 DEBUG 66871 --- [users-service] [HikariPool-1 housekeeper] com.zaxxer.hikari.pool.HikariPool        : HikariPool-1 - Fill pool skipped, pool has sufficient level or currently being filled.
2025-03-29T12:33:54.461+01:00 DEBUG 66871 --- [users-service] [HikariPool-1 housekeeper] com.zaxxer.hikari.pool.HikariPool        : HikariPool-1 - Pool stats (total=10, active=0, idle=10, waiting=0)
2025-03-29T12:33:54.463+01:00 DEBUG 66871 --- [users-service] [HikariPool-1 housekeeper] com.zaxxer.hikari.pool.HikariPool        : HikariPool-1 - Fill pool skipped, pool has sufficient level or currently being filled.
2025-03-29T12:34:24.468+01:00 DEBUG 66871 --- [users-service] [HikariPool-1 housekeeper] com.zaxxer.hikari.pool.HikariPool        : HikariPool-1 - Pool stats (total=10, active=0, idle=10, waiting=0)
2025-03-29T12:34:24.469+01:00 DEBUG 66871 --- [users-service] [HikariPool-1 housekeeper] com.zaxxer.hikari.pool.HikariPool        : HikariPool-1 - Fill pool skipped, pool has sufficient level or currently being filled.
2025-03-29T12:34:54.473+01:00 DEBUG 66871 --- [users-service] [HikariPool-1 housekeeper] com.zaxxer.hikari.pool.HikariPool        : HikariPool-1 - Pool stats (total=10, active=0, idle=10, waiting=0)
2025-03-29T12:34:54.474+01:00 DEBUG 66871 --- [users-service] [HikariPool-1 housekeeper] com.zaxxer.hikari.pool.HikariPool        : HikariPool-1 - Fill pool skipped, pool has sufficient level or currently being filled.
2025-03-29T12:35:24.479+01:00 DEBUG 66871 --- [users-service] [HikariPool-1 housekeeper] com.zaxxer.hikari.pool.HikariPool        : HikariPool-1 - Pool stats (total=10, active=0, idle=10, waiting=0)
2025-03-29T12:35:24.482+01:00 DEBUG 66871 --- [users-service] [HikariPool-1 housekeeper] com.zaxxer.hikari.pool.HikariPool        : HikariPool-1 - Fill pool skipped, pool has sufficient level or currently being filled.
2025-03-29T12:35:54.483+01:00 DEBUG 66871 --- [users-service] [HikariPool-1 housekeeper] com.zaxxer.hikari.pool.HikariPool        : HikariPool-1 - Pool stats (total=10, active=0, idle=10, waiting=0)
2025-03-29T12:35:54.484+01:00 DEBUG 66871 --- [users-service] [HikariPool-1 housekeeper] com.zaxxer.hikari.pool.HikariPool        : HikariPool-1 - Fill pool skipped, pool has sufficient level or currently being filled.
2025-03-29T12:36:24.596+01:00 DEBUG 66871 --- [users-service] [HikariPool-1 housekeeper] com.zaxxer.hikari.pool.HikariPool        : HikariPool-1 - Pool stats (total=10, active=0, idle=10, waiting=0)
2025-03-29T12:36:24.598+01:00 DEBUG 66871 --- [users-service] [HikariPool-1 housekeeper] com.zaxxer.hikari.pool.HikariPool        : HikariPool-1 - Fill pool skipped, pool has sufficient level or currently being filled.
2025-03-29T12:36:54.604+01:00 DEBUG 66871 --- [users-service] [HikariPool-1 housekeeper] com.zaxxer.hikari.pool.HikariPool        : HikariPool-1 - Pool stats (total=10, active=0, idle=10, waiting=0)
2025-03-29T12:36:54.606+01:00 DEBUG 66871 --- [users-service] [HikariPool-1 housekeeper] com.zaxxer.hikari.pool.HikariPool        : HikariPool-1 - Fill pool skipped, pool has sufficient level or currently being filled.
2025-03-29T12:37:24.607+01:00 DEBUG 66871 --- [users-service] [HikariPool-1 housekeeper] com.zaxxer.hikari.pool.HikariPool        : HikariPool-1 - Pool stats (total=10, active=0, idle=10, waiting=0)
2025-03-29T12:37:24.609+01:00 DEBUG 66871 --- [users-service] [HikariPool-1 housekeeper] com.zaxxer.hikari.pool.HikariPool        : HikariPool-1 - Fill pool skipped, pool has sufficient level or currently being filled.
2025-03-29T12:37:54.614+01:00 DEBUG 66871 --- [users-service] [HikariPool-1 housekeeper] com.zaxxer.hikari.pool.HikariPool        : HikariPool-1 - Pool stats (total=10, active=0, idle=10, waiting=0)
2025-03-29T12:37:54.617+01:00 DEBUG 66871 --- [users-service] [HikariPool-1 housekeeper] com.zaxxer.hikari.pool.HikariPool        : HikariPool-1 - Fill pool skipped, pool has sufficient level or currently being filled.
2025-03-29T12:38:24.622+01:00 DEBUG 66871 --- [users-service] [HikariPool-1 housekeeper] com.zaxxer.hikari.pool.HikariPool        : HikariPool-1 - Pool stats (total=10, active=0, idle=10, waiting=0)
2025-03-29T12:38:24.624+01:00 DEBUG 66871 --- [users-service] [HikariPool-1 housekeeper] com.zaxxer.hikari.pool.HikariPool        : HikariPool-1 - Fill pool skipped, pool has sufficient level or currently being filled.
2025-03-29T12:38:54.626+01:00 DEBUG 66871 --- [users-service] [HikariPool-1 housekeeper] com.zaxxer.hikari.pool.HikariPool        : HikariPool-1 - Pool stats (total=10, active=0, idle=10, waiting=0)
2025-03-29T12:38:54.628+01:00 DEBUG 66871 --- [users-service] [HikariPool-1 housekeeper] com.zaxxer.hikari.pool.HikariPool        : HikariPool-1 - Fill pool skipped, pool has sufficient level or currently being filled.
2025-03-29T12:39:24.634+01:00 DEBUG 66871 --- [users-service] [HikariPool-1 housekeeper] com.zaxxer.hikari.pool.HikariPool        : HikariPool-1 - Pool stats (total=10, active=0, idle=10, waiting=0)
2025-03-29T12:39:24.637+01:00 DEBUG 66871 --- [users-service] [HikariPool-1 housekeeper] com.zaxxer.hikari.pool.HikariPool        : HikariPool-1 - Fill pool skipped, pool has sufficient level or currently being filled.
2025-03-29T12:39:54.643+01:00 DEBUG 66871 --- [users-service] [HikariPool-1 housekeeper] com.zaxxer.hikari.pool.HikariPool        : HikariPool-1 - Pool stats (total=10, active=0, idle=10, waiting=0)
2025-03-29T12:39:54.645+01:00 DEBUG 66871 --- [users-service] [HikariPool-1 housekeeper] com.zaxxer.hikari.pool.HikariPool        : HikariPool-1 - Fill pool skipped, pool has sufficient level or currently being filled.
2025-03-29T12:40:24.650+01:00 DEBUG 66871 --- [users-service] [HikariPool-1 housekeeper] com.zaxxer.hikari.pool.HikariPool        : HikariPool-1 - Pool stats (total=10, active=0, idle=10, waiting=0)
2025-03-29T12:40:24.652+01:00 DEBUG 66871 --- [users-service] [HikariPool-1 housekeeper] com.zaxxer.hikari.pool.HikariPool        : HikariPool-1 - Fill pool skipped, pool has sufficient level or currently being filled.
2025-03-29T12:40:54.658+01:00 DEBUG 66871 --- [users-service] [HikariPool-1 housekeeper] com.zaxxer.hikari.pool.HikariPool        : HikariPool-1 - Pool stats (total=10, active=0, idle=10, waiting=0)
2025-03-29T12:40:54.660+01:00 DEBUG 66871 --- [users-service] [HikariPool-1 housekeeper] com.zaxxer.hikari.pool.HikariPool        : HikariPool-1 - Fill pool skipped, pool has sufficient level or currently being filled.
2025-03-29T12:41:24.666+01:00 DEBUG 66871 --- [users-service] [HikariPool-1 housekeeper] com.zaxxer.hikari.pool.HikariPool        : HikariPool-1 - Pool stats (total=10, active=0, idle=10, waiting=0)
2025-03-29T12:41:24.668+01:00 DEBUG 66871 --- [users-service] [HikariPool-1 housekeeper] com.zaxxer.hikari.pool.HikariPool        : HikariPool-1 - Fill pool skipped, pool has sufficient level or currently being filled.
2025-03-29T12:41:54.675+01:00 DEBUG 66871 --- [users-service] [HikariPool-1 housekeeper] com.zaxxer.hikari.pool.HikariPool        : HikariPool-1 - Pool stats (total=10, active=0, idle=10, waiting=0)
2025-03-29T12:41:54.677+01:00 DEBUG 66871 --- [users-service] [HikariPool-1 housekeeper] com.zaxxer.hikari.pool.HikariPool        : HikariPool-1 - Fill pool skipped, pool has sufficient level or currently being filled.
2025-03-29T12:42:24.680+01:00 DEBUG 66871 --- [users-service] [HikariPool-1 housekeeper] com.zaxxer.hikari.pool.HikariPool        : HikariPool-1 - Pool stats (total=10, active=0, idle=10, waiting=0)
2025-03-29T12:42:24.681+01:00 DEBUG 66871 --- [users-service] [HikariPool-1 housekeeper] com.zaxxer.hikari.pool.HikariPool        : HikariPool-1 - Fill pool skipped, pool has sufficient level or currently being filled.
2025-03-29T12:42:54.687+01:00 DEBUG 66871 --- [users-service] [HikariPool-1 housekeeper] com.zaxxer.hikari.pool.HikariPool        : HikariPool-1 - Pool stats (total=10, active=0, idle=10, waiting=0)
2025-03-29T12:42:54.689+01:00 DEBUG 66871 --- [users-service] [HikariPool-1 housekeeper] com.zaxxer.hikari.pool.HikariPool        : HikariPool-1 - Fill pool skipped, pool has sufficient level or currently being filled.
2025-03-29T12:43:24.694+01:00 DEBUG 66871 --- [users-service] [HikariPool-1 housekeeper] com.zaxxer.hikari.pool.HikariPool        : HikariPool-1 - Pool stats (total=10, active=0, idle=10, waiting=0)
2025-03-29T12:43:24.697+01:00 DEBUG 66871 --- [users-service] [HikariPool-1 housekeeper] com.zaxxer.hikari.pool.HikariPool        : HikariPool-1 - Fill pool skipped, pool has sufficient level or currently being filled.
2025-03-29T12:43:54.701+01:00 DEBUG 66871 --- [users-service] [HikariPool-1 housekeeper] com.zaxxer.hikari.pool.HikariPool        : HikariPool-1 - Pool stats (total=10, active=0, idle=10, waiting=0)
2025-03-29T12:43:54.703+01:00 DEBUG 66871 --- [users-service] [HikariPool-1 housekeeper] com.zaxxer.hikari.pool.HikariPool        : HikariPool-1 - Fill pool skipped, pool has sufficient level or currently being filled.
2025-03-29T12:44:24.707+01:00 DEBUG 66871 --- [users-service] [HikariPool-1 housekeeper] com.zaxxer.hikari.pool.HikariPool        : HikariPool-1 - Pool stats (total=10, active=0, idle=10, waiting=0)
2025-03-29T12:44:24.709+01:00 DEBUG 66871 --- [users-service] [HikariPool-1 housekeeper] com.zaxxer.hikari.pool.HikariPool        : HikariPool-1 - Fill pool skipped, pool has sufficient level or currently being filled.
2025-03-29T12:44:54.711+01:00 DEBUG 66871 --- [users-service] [HikariPool-1 housekeeper] com.zaxxer.hikari.pool.HikariPool        : HikariPool-1 - Pool stats (total=10, active=0, idle=10, waiting=0)
2025-03-29T12:44:54.713+01:00 DEBUG 66871 --- [users-service] [HikariPool-1 housekeeper] com.zaxxer.hikari.pool.HikariPool        : HikariPool-1 - Fill pool skipped, pool has sufficient level or currently being filled.
2025-03-29T12:45:24.718+01:00 DEBUG 66871 --- [users-service] [HikariPool-1 housekeeper] com.zaxxer.hikari.pool.HikariPool        : HikariPool-1 - Pool stats (total=10, active=0, idle=10, waiting=0)
2025-03-29T12:45:24.719+01:00 DEBUG 66871 --- [users-service] [HikariPool-1 housekeeper] com.zaxxer.hikari.pool.HikariPool        : HikariPool-1 - Fill pool skipped, pool has sufficient level or currently being filled.
2025-03-29T12:45:54.721+01:00 DEBUG 66871 --- [users-service] [HikariPool-1 housekeeper] com.zaxxer.hikari.pool.HikariPool        : HikariPool-1 - Pool stats (total=10, active=0, idle=10, waiting=0)
2025-03-29T12:45:54.724+01:00 DEBUG 66871 --- [users-service] [HikariPool-1 housekeeper] com.zaxxer.hikari.pool.HikariPool        : HikariPool-1 - Fill pool skipped, pool has sufficient level or currently being filled.
2025-03-29T12:46:24.729+01:00 DEBUG 66871 --- [users-service] [HikariPool-1 housekeeper] com.zaxxer.hikari.pool.HikariPool        : HikariPool-1 - Pool stats (total=10, active=0, idle=10, waiting=0)
2025-03-29T12:46:24.730+01:00 DEBUG 66871 --- [users-service] [HikariPool-1 housekeeper] com.zaxxer.hikari.pool.HikariPool        : HikariPool-1 - Fill pool skipped, pool has sufficient level or currently being filled.
2025-03-29T12:46:54.732+01:00 DEBUG 66871 --- [users-service] [HikariPool-1 housekeeper] com.zaxxer.hikari.pool.HikariPool        : HikariPool-1 - Pool stats (total=10, active=0, idle=10, waiting=0)
2025-03-29T12:46:54.734+01:00 DEBUG 66871 --- [users-service] [HikariPool-1 housekeeper] com.zaxxer.hikari.pool.HikariPool        : HikariPool-1 - Fill pool skipped, pool has sufficient level or currently being filled.
2025-03-29T12:47:24.739+01:00 DEBUG 66871 --- [users-service] [HikariPool-1 housekeeper] com.zaxxer.hikari.pool.HikariPool        : HikariPool-1 - Pool stats (total=10, active=0, idle=10, waiting=0)
2025-03-29T12:47:24.740+01:00 DEBUG 66871 --- [users-service] [HikariPool-1 housekeeper] com.zaxxer.hikari.pool.HikariPool        : HikariPool-1 - Fill pool skipped, pool has sufficient level or currently being filled.
2025-03-29T12:47:54.743+01:00 DEBUG 66871 --- [users-service] [HikariPool-1 housekeeper] com.zaxxer.hikari.pool.HikariPool        : HikariPool-1 - Pool stats (total=10, active=0, idle=10, waiting=0)
2025-03-29T12:47:54.745+01:00 DEBUG 66871 --- [users-service] [HikariPool-1 housekeeper] com.zaxxer.hikari.pool.HikariPool        : HikariPool-1 - Fill pool skipped, pool has sufficient level or currently being filled.
2025-03-29T12:48:24.749+01:00 DEBUG 66871 --- [users-service] [HikariPool-1 housekeeper] com.zaxxer.hikari.pool.HikariPool        : HikariPool-1 - Pool stats (total=10, active=0, idle=10, waiting=0)
2025-03-29T12:48:24.752+01:00 DEBUG 66871 --- [users-service] [HikariPool-1 housekeeper] com.zaxxer.hikari.pool.HikariPool        : HikariPool-1 - Fill pool skipped, pool has sufficient level or currently being filled.
2025-03-29T12:48:54.757+01:00 DEBUG 66871 --- [users-service] [HikariPool-1 housekeeper] com.zaxxer.hikari.pool.HikariPool        : HikariPool-1 - Pool stats (total=10, active=0, idle=10, waiting=0)
2025-03-29T12:48:54.759+01:00 DEBUG 66871 --- [users-service] [HikariPool-1 housekeeper] com.zaxxer.hikari.pool.HikariPool        : HikariPool-1 - Fill pool skipped, pool has sufficient level or currently being filled.
2025-03-29T12:49:24.765+01:00 DEBUG 66871 --- [users-service] [HikariPool-1 housekeeper] com.zaxxer.hikari.pool.HikariPool        : HikariPool-1 - Pool stats (total=10, active=0, idle=10, waiting=0)
2025-03-29T12:49:24.766+01:00 DEBUG 66871 --- [users-service] [HikariPool-1 housekeeper] com.zaxxer.hikari.pool.HikariPool        : HikariPool-1 - Fill pool skipped, pool has sufficient level or currently being filled.
2025-03-29T12:49:54.770+01:00 DEBUG 66871 --- [users-service] [HikariPool-1 housekeeper] com.zaxxer.hikari.pool.HikariPool        : HikariPool-1 - Pool stats (total=10, active=0, idle=10, waiting=0)
2025-03-29T12:49:54.772+01:00 DEBUG 66871 --- [users-service] [HikariPool-1 housekeeper] com.zaxxer.hikari.pool.HikariPool        : HikariPool-1 - Fill pool skipped, pool has sufficient level or currently being filled.
2025-03-29T12:50:24.776+01:00 DEBUG 66871 --- [users-service] [HikariPool-1 housekeeper] com.zaxxer.hikari.pool.HikariPool        : HikariPool-1 - Pool stats (total=10, active=0, idle=10, waiting=0)
2025-03-29T12:50:24.779+01:00 DEBUG 66871 --- [users-service] [HikariPool-1 housekeeper] com.zaxxer.hikari.pool.HikariPool        : HikariPool-1 - Fill pool skipped, pool has sufficient level or currently being filled.
2025-03-29T12:50:54.782+01:00 DEBUG 66871 --- [users-service] [HikariPool-1 housekeeper] com.zaxxer.hikari.pool.HikariPool        : HikariPool-1 - Pool stats (total=10, active=0, idle=10, waiting=0)
2025-03-29T12:50:54.785+01:00 DEBUG 66871 --- [users-service] [HikariPool-1 housekeeper] com.zaxxer.hikari.pool.HikariPool        : HikariPool-1 - Fill pool skipped, pool has sufficient level or currently being filled.
2025-03-29T12:51:24.801+01:00 DEBUG 66871 --- [users-service] [HikariPool-1 housekeeper] com.zaxxer.hikari.pool.HikariPool        : HikariPool-1 - Pool stats (total=10, active=0, idle=10, waiting=0)
2025-03-29T12:51:24.803+01:00 DEBUG 66871 --- [users-service] [HikariPool-1 housekeeper] com.zaxxer.hikari.pool.HikariPool        : HikariPool-1 - Fill pool skipped, pool has sufficient level or currently being filled.
2025-03-29T12:51:54.813+01:00 DEBUG 66871 --- [users-service] [HikariPool-1 housekeeper] com.zaxxer.hikari.pool.HikariPool        : HikariPool-1 - Pool stats (total=10, active=0, idle=10, waiting=0)
2025-03-29T12:51:54.815+01:00 DEBUG 66871 --- [users-service] [HikariPool-1 housekeeper] com.zaxxer.hikari.pool.HikariPool        : HikariPool-1 - Fill pool skipped, pool has sufficient level or currently being filled.
2025-03-29T12:52:24.818+01:00 DEBUG 66871 --- [users-service] [HikariPool-1 housekeeper] com.zaxxer.hikari.pool.HikariPool        : HikariPool-1 - Pool stats (total=10, active=0, idle=10, waiting=0)
2025-03-29T12:52:24.822+01:00 DEBUG 66871 --- [users-service] [HikariPool-1 housekeeper] com.zaxxer.hikari.pool.HikariPool        : HikariPool-1 - Fill pool skipped, pool has sufficient level or currently being filled.
2025-03-29T12:52:54.828+01:00 DEBUG 66871 --- [users-service] [HikariPool-1 housekeeper] com.zaxxer.hikari.pool.HikariPool        : HikariPool-1 - Pool stats (total=10, active=0, idle=10, waiting=0)
2025-03-29T12:52:54.831+01:00 DEBUG 66871 --- [users-service] [HikariPool-1 housekeeper] com.zaxxer.hikari.pool.HikariPool        : HikariPool-1 - Fill pool skipped, pool has sufficient level or currently being filled.
2025-03-29T12:53:24.835+01:00 DEBUG 66871 --- [users-service] [HikariPool-1 housekeeper] com.zaxxer.hikari.pool.HikariPool        : HikariPool-1 - Pool stats (total=10, active=0, idle=10, waiting=0)
2025-03-29T12:53:24.837+01:00 DEBUG 66871 --- [users-service] [HikariPool-1 housekeeper] com.zaxxer.hikari.pool.HikariPool        : HikariPool-1 - Fill pool skipped, pool has sufficient level or currently being filled.
2025-03-29T12:53:54.843+01:00 DEBUG 66871 --- [users-service] [HikariPool-1 housekeeper] com.zaxxer.hikari.pool.HikariPool        : HikariPool-1 - Pool stats (total=10, active=0, idle=10, waiting=0)
2025-03-29T12:53:54.846+01:00 DEBUG 66871 --- [users-service] [HikariPool-1 housekeeper] com.zaxxer.hikari.pool.HikariPool        : HikariPool-1 - Fill pool skipped, pool has sufficient level or currently being filled.
2025-03-29T12:54:24.848+01:00 DEBUG 66871 --- [users-service] [HikariPool-1 housekeeper] com.zaxxer.hikari.pool.HikariPool        : HikariPool-1 - Pool stats (total=10, active=0, idle=10, waiting=0)
2025-03-29T12:54:24.850+01:00 DEBUG 66871 --- [users-service] [HikariPool-1 housekeeper] com.zaxxer.hikari.pool.HikariPool        : HikariPool-1 - Fill pool skipped, pool has sufficient level or currently being filled.
2025-03-29T12:54:54.853+01:00 DEBUG 66871 --- [users-service] [HikariPool-1 housekeeper] com.zaxxer.hikari.pool.HikariPool        : HikariPool-1 - Pool stats (total=10, active=0, idle=10, waiting=0)
2025-03-29T12:54:54.855+01:00 DEBUG 66871 --- [users-service] [HikariPool-1 housekeeper] com.zaxxer.hikari.pool.HikariPool        : HikariPool-1 - Fill pool skipped, pool has sufficient level or currently being filled.
2025-03-29T12:55:24.861+01:00 DEBUG 66871 --- [users-service] [HikariPool-1 housekeeper] com.zaxxer.hikari.pool.HikariPool        : HikariPool-1 - Pool stats (total=10, active=0, idle=10, waiting=0)
2025-03-29T12:55:24.864+01:00 DEBUG 66871 --- [users-service] [HikariPool-1 housekeeper] com.zaxxer.hikari.pool.HikariPool        : HikariPool-1 - Fill pool skipped, pool has sufficient level or currently being filled.
2025-03-29T12:55:54.866+01:00 DEBUG 66871 --- [users-service] [HikariPool-1 housekeeper] com.zaxxer.hikari.pool.HikariPool        : HikariPool-1 - Pool stats (total=10, active=0, idle=10, waiting=0)
2025-03-29T12:55:54.877+01:00 DEBUG 66871 --- [users-service] [HikariPool-1 housekeeper] com.zaxxer.hikari.pool.HikariPool        : HikariPool-1 - Fill pool skipped, pool has sufficient level or currently being filled.
2025-03-29T12:56:24.880+01:00 DEBUG 66871 --- [users-service] [HikariPool-1 housekeeper] com.zaxxer.hikari.pool.HikariPool        : HikariPool-1 - Pool stats (total=10, active=0, idle=10, waiting=0)
2025-03-29T12:56:24.884+01:00 DEBUG 66871 --- [users-service] [HikariPool-1 housekeeper] com.zaxxer.hikari.pool.HikariPool        : HikariPool-1 - Fill pool skipped, pool has sufficient level or currently being filled.
2025-03-29T12:56:54.888+01:00 DEBUG 66871 --- [users-service] [HikariPool-1 housekeeper] com.zaxxer.hikari.pool.HikariPool        : HikariPool-1 - Pool stats (total=10, active=0, idle=10, waiting=0)
2025-03-29T12:56:54.889+01:00 DEBUG 66871 --- [users-service] [HikariPool-1 housekeeper] com.zaxxer.hikari.pool.HikariPool        : HikariPool-1 - Fill pool skipped, pool has sufficient level or currently being filled.
2025-03-29T12:57:24.895+01:00 DEBUG 66871 --- [users-service] [HikariPool-1 housekeeper] com.zaxxer.hikari.pool.HikariPool        : HikariPool-1 - Pool stats (total=10, active=0, idle=10, waiting=0)
2025-03-29T12:57:24.897+01:00 DEBUG 66871 --- [users-service] [HikariPool-1 housekeeper] com.zaxxer.hikari.pool.HikariPool        : HikariPool-1 - Fill pool skipped, pool has sufficient level or currently being filled.
2025-03-29T12:57:54.901+01:00 DEBUG 66871 --- [users-service] [HikariPool-1 housekeeper] com.zaxxer.hikari.pool.HikariPool        : HikariPool-1 - Pool stats (total=10, active=0, idle=10, waiting=0)
2025-03-29T12:57:54.903+01:00 DEBUG 66871 --- [users-service] [HikariPool-1 housekeeper] com.zaxxer.hikari.pool.HikariPool        : HikariPool-1 - Fill pool skipped, pool has sufficient level or currently being filled.
2025-03-29T12:58:24.915+01:00 DEBUG 66871 --- [users-service] [HikariPool-1 housekeeper] com.zaxxer.hikari.pool.HikariPool        : HikariPool-1 - Pool stats (total=10, active=0, idle=10, waiting=0)
2025-03-29T12:58:24.924+01:00 DEBUG 66871 --- [users-service] [HikariPool-1 housekeeper] com.zaxxer.hikari.pool.HikariPool        : HikariPool-1 - Fill pool skipped, pool has sufficient level or currently being filled.
2025-03-29T12:58:54.930+01:00 DEBUG 66871 --- [users-service] [HikariPool-1 housekeeper] com.zaxxer.hikari.pool.HikariPool        : HikariPool-1 - Pool stats (total=10, active=0, idle=10, waiting=0)
2025-03-29T12:58:54.931+01:00 DEBUG 66871 --- [users-service] [HikariPool-1 housekeeper] com.zaxxer.hikari.pool.HikariPool        : HikariPool-1 - Fill pool skipped, pool has sufficient level or currently being filled.
2025-03-29T12:59:24.934+01:00 DEBUG 66871 --- [users-service] [HikariPool-1 housekeeper] com.zaxxer.hikari.pool.HikariPool        : HikariPool-1 - Pool stats (total=10, active=0, idle=10, waiting=0)
2025-03-29T12:59:24.936+01:00 DEBUG 66871 --- [users-service] [HikariPool-1 housekeeper] com.zaxxer.hikari.pool.HikariPool        : HikariPool-1 - Fill pool skipped, pool has sufficient level or currently being filled.
2025-03-29T12:59:54.938+01:00 DEBUG 66871 --- [users-service] [HikariPool-1 housekeeper] com.zaxxer.hikari.pool.HikariPool        : HikariPool-1 - Pool stats (total=10, active=0, idle=10, waiting=0)
2025-03-29T12:59:54.939+01:00 DEBUG 66871 --- [users-service] [HikariPool-1 housekeeper] com.zaxxer.hikari.pool.HikariPool        : HikariPool-1 - Fill pool skipped, pool has sufficient level or currently being filled.
2025-03-29T13:00:24.945+01:00 DEBUG 66871 --- [users-service] [HikariPool-1 housekeeper] com.zaxxer.hikari.pool.HikariPool        : HikariPool-1 - Pool stats (total=10, active=0, idle=10, waiting=0)
2025-03-29T13:00:24.945+01:00 DEBUG 66871 --- [users-service] [HikariPool-1 housekeeper] com.zaxxer.hikari.pool.HikariPool        : HikariPool-1 - Fill pool skipped, pool has sufficient level or currently being filled.
2025-03-29T13:00:36.444+01:00 DEBUG 66871 --- [users-service] [HikariPool-1 connection closer] com.zaxxer.hikari.pool.PoolBase          : HikariPool-1 - Closing connection conn20: url=jdbc:h2:mem:mydb user=SA: (connection has passed maxLifetime)
2025-03-29T13:00:36.454+01:00 DEBUG 66871 --- [users-service] [HikariPool-1 connection adder] com.zaxxer.hikari.pool.HikariPool        : HikariPool-1 - Added connection conn30: url=jdbc:h2:mem:mydb user=SA
2025-03-29T13:00:36.485+01:00 DEBUG 66871 --- [users-service] [HikariPool-1 connection adder] com.zaxxer.hikari.pool.HikariPool        : HikariPool-1 - Connection not added, stats (total=10, active=0, idle=10, waiting=0)
2025-03-29T13:00:49.385+01:00 DEBUG 66871 --- [users-service] [HikariPool-1 connection closer] com.zaxxer.hikari.pool.PoolBase          : HikariPool-1 - Closing connection conn21: url=jdbc:h2:mem:mydb user=SA: (connection has passed maxLifetime)
2025-03-29T13:00:49.390+01:00 DEBUG 66871 --- [users-service] [HikariPool-1 connection adder] com.zaxxer.hikari.pool.HikariPool        : HikariPool-1 - Added connection conn31: url=jdbc:h2:mem:mydb user=SA
2025-03-29T13:00:49.421+01:00 DEBUG 66871 --- [users-service] [HikariPool-1 connection adder] com.zaxxer.hikari.pool.HikariPool        : HikariPool-1 - Connection not added, stats (total=10, active=0, idle=10, waiting=0)
2025-03-29T13:00:54.952+01:00 DEBUG 66871 --- [users-service] [HikariPool-1 housekeeper] com.zaxxer.hikari.pool.HikariPool        : HikariPool-1 - Pool stats (total=10, active=0, idle=10, waiting=0)
2025-03-29T13:00:54.953+01:00 DEBUG 66871 --- [users-service] [HikariPool-1 housekeeper] com.zaxxer.hikari.pool.HikariPool        : HikariPool-1 - Fill pool skipped, pool has sufficient level or currently being filled.
2025-03-29T13:01:06.087+01:00 DEBUG 66871 --- [users-service] [HikariPool-1 connection closer] com.zaxxer.hikari.pool.PoolBase          : HikariPool-1 - Closing connection conn24: url=jdbc:h2:mem:mydb user=SA: (connection has passed maxLifetime)
2025-03-29T13:01:06.241+01:00 DEBUG 66871 --- [users-service] [HikariPool-1 connection adder] com.zaxxer.hikari.pool.HikariPool        : HikariPool-1 - Added connection conn32: url=jdbc:h2:mem:mydb user=SA
2025-03-29T13:01:06.389+01:00 DEBUG 66871 --- [users-service] [HikariPool-1 connection adder] com.zaxxer.hikari.pool.HikariPool        : HikariPool-1 - Connection not added, stats (total=10, active=0, idle=10, waiting=0)
2025-03-29T13:01:12.351+01:00 DEBUG 66871 --- [users-service] [HikariPool-1 connection closer] com.zaxxer.hikari.pool.PoolBase          : HikariPool-1 - Closing connection conn23: url=jdbc:h2:mem:mydb user=SA: (connection has passed maxLifetime)
2025-03-29T13:01:12.358+01:00 DEBUG 66871 --- [users-service] [HikariPool-1 connection adder] com.zaxxer.hikari.pool.HikariPool        : HikariPool-1 - Added connection conn33: url=jdbc:h2:mem:mydb user=SA
2025-03-29T13:01:12.392+01:00 DEBUG 66871 --- [users-service] [HikariPool-1 connection adder] com.zaxxer.hikari.pool.HikariPool        : HikariPool-1 - Connection not added, stats (total=10, active=0, idle=10, waiting=0)
2025-03-29T13:01:22.578+01:00 DEBUG 66871 --- [users-service] [HikariPool-1 connection closer] com.zaxxer.hikari.pool.PoolBase          : HikariPool-1 - Closing connection conn22: url=jdbc:h2:mem:mydb user=SA: (connection has passed maxLifetime)
2025-03-29T13:01:22.581+01:00 DEBUG 66871 --- [users-service] [HikariPool-1 connection adder] com.zaxxer.hikari.pool.HikariPool        : HikariPool-1 - Added connection conn34: url=jdbc:h2:mem:mydb user=SA
2025-03-29T13:01:22.612+01:00 DEBUG 66871 --- [users-service] [HikariPool-1 connection adder] com.zaxxer.hikari.pool.HikariPool        : HikariPool-1 - Connection not added, stats (total=10, active=0, idle=10, waiting=0)
2025-03-29T13:01:23.042+01:00 DEBUG 66871 --- [users-service] [HikariPool-1 connection closer] com.zaxxer.hikari.pool.PoolBase          : HikariPool-1 - Closing connection conn27: url=jdbc:h2:mem:mydb user=SA: (connection has passed maxLifetime)
2025-03-29T13:01:23.044+01:00 DEBUG 66871 --- [users-service] [HikariPool-1 connection adder] com.zaxxer.hikari.pool.HikariPool        : HikariPool-1 - Added connection conn35: url=jdbc:h2:mem:mydb user=SA
2025-03-29T13:01:23.075+01:00 DEBUG 66871 --- [users-service] [HikariPool-1 connection adder] com.zaxxer.hikari.pool.HikariPool        : HikariPool-1 - Connection not added, stats (total=10, active=0, idle=10, waiting=0)
2025-03-29T13:01:24.956+01:00 DEBUG 66871 --- [users-service] [HikariPool-1 housekeeper] com.zaxxer.hikari.pool.HikariPool        : HikariPool-1 - Pool stats (total=10, active=0, idle=10, waiting=0)
2025-03-29T13:01:24.958+01:00 DEBUG 66871 --- [users-service] [HikariPool-1 housekeeper] com.zaxxer.hikari.pool.HikariPool        : HikariPool-1 - Fill pool skipped, pool has sufficient level or currently being filled.
2025-03-29T13:01:35.325+01:00 DEBUG 66871 --- [users-service] [HikariPool-1 connection closer] com.zaxxer.hikari.pool.PoolBase          : HikariPool-1 - Closing connection conn28: url=jdbc:h2:mem:mydb user=SA: (connection has passed maxLifetime)
2025-03-29T13:01:35.329+01:00 DEBUG 66871 --- [users-service] [HikariPool-1 connection adder] com.zaxxer.hikari.pool.HikariPool        : HikariPool-1 - Added connection conn36: url=jdbc:h2:mem:mydb user=SA
2025-03-29T13:01:35.360+01:00 DEBUG 66871 --- [users-service] [HikariPool-1 connection adder] com.zaxxer.hikari.pool.HikariPool        : HikariPool-1 - Connection not added, stats (total=10, active=0, idle=10, waiting=0)
2025-03-29T13:01:36.202+01:00 DEBUG 66871 --- [users-service] [HikariPool-1 connection closer] com.zaxxer.hikari.pool.PoolBase          : HikariPool-1 - Closing connection conn26: url=jdbc:h2:mem:mydb user=SA: (connection has passed maxLifetime)
2025-03-29T13:01:36.205+01:00 DEBUG 66871 --- [users-service] [HikariPool-1 connection adder] com.zaxxer.hikari.pool.HikariPool        : HikariPool-1 - Added connection conn37: url=jdbc:h2:mem:mydb user=SA
2025-03-29T13:01:36.240+01:00 DEBUG 66871 --- [users-service] [HikariPool-1 connection adder] com.zaxxer.hikari.pool.HikariPool        : HikariPool-1 - Connection not added, stats (total=10, active=0, idle=10, waiting=0)
2025-03-29T13:01:36.478+01:00 DEBUG 66871 --- [users-service] [HikariPool-1 connection closer] com.zaxxer.hikari.pool.PoolBase          : HikariPool-1 - Closing connection conn29: url=jdbc:h2:mem:mydb user=SA: (connection has passed maxLifetime)
2025-03-29T13:01:36.481+01:00 DEBUG 66871 --- [users-service] [HikariPool-1 connection adder] com.zaxxer.hikari.pool.HikariPool        : HikariPool-1 - Added connection conn38: url=jdbc:h2:mem:mydb user=SA
2025-03-29T13:01:36.513+01:00 DEBUG 66871 --- [users-service] [HikariPool-1 connection adder] com.zaxxer.hikari.pool.HikariPool        : HikariPool-1 - Connection not added, stats (total=10, active=0, idle=10, waiting=0)
2025-03-29T13:01:37.366+01:00 DEBUG 66871 --- [users-service] [HikariPool-1 connection closer] com.zaxxer.hikari.pool.PoolBase          : HikariPool-1 - Closing connection conn25: url=jdbc:h2:mem:mydb user=SA: (connection has passed maxLifetime)
2025-03-29T13:01:37.368+01:00 DEBUG 66871 --- [users-service] [HikariPool-1 connection adder] com.zaxxer.hikari.pool.HikariPool        : HikariPool-1 - Added connection conn39: url=jdbc:h2:mem:mydb user=SA
2025-03-29T13:01:37.403+01:00 DEBUG 66871 --- [users-service] [HikariPool-1 connection adder] com.zaxxer.hikari.pool.HikariPool        : HikariPool-1 - Connection not added, stats (total=10, active=0, idle=10, waiting=0)
2025-03-29T13:01:54.961+01:00 DEBUG 66871 --- [users-service] [HikariPool-1 housekeeper] com.zaxxer.hikari.pool.HikariPool        : HikariPool-1 - Pool stats (total=10, active=0, idle=10, waiting=0)
2025-03-29T13:01:54.963+01:00 DEBUG 66871 --- [users-service] [HikariPool-1 housekeeper] com.zaxxer.hikari.pool.HikariPool        : HikariPool-1 - Fill pool skipped, pool has sufficient level or currently being filled.
2025-03-29T13:02:24.968+01:00 DEBUG 66871 --- [users-service] [HikariPool-1 housekeeper] com.zaxxer.hikari.pool.HikariPool        : HikariPool-1 - Pool stats (total=10, active=0, idle=10, waiting=0)
2025-03-29T13:02:24.970+01:00 DEBUG 66871 --- [users-service] [HikariPool-1 housekeeper] com.zaxxer.hikari.pool.HikariPool        : HikariPool-1 - Fill pool skipped, pool has sufficient level or currently being filled.
2025-03-29T13:02:54.976+01:00 DEBUG 66871 --- [users-service] [HikariPool-1 housekeeper] com.zaxxer.hikari.pool.HikariPool        : HikariPool-1 - Pool stats (total=10, active=0, idle=10, waiting=0)
2025-03-29T13:02:54.977+01:00 DEBUG 66871 --- [users-service] [HikariPool-1 housekeeper] com.zaxxer.hikari.pool.HikariPool        : HikariPool-1 - Fill pool skipped, pool has sufficient level or currently being filled.
2025-03-29T13:03:24.983+01:00 DEBUG 66871 --- [users-service] [HikariPool-1 housekeeper] com.zaxxer.hikari.pool.HikariPool        : HikariPool-1 - Pool stats (total=10, active=0, idle=10, waiting=0)
2025-03-29T13:03:24.985+01:00 DEBUG 66871 --- [users-service] [HikariPool-1 housekeeper] com.zaxxer.hikari.pool.HikariPool        : HikariPool-1 - Fill pool skipped, pool has sufficient level or currently being filled.
2025-03-29T13:03:54.991+01:00 DEBUG 66871 --- [users-service] [HikariPool-1 housekeeper] com.zaxxer.hikari.pool.HikariPool        : HikariPool-1 - Pool stats (total=10, active=0, idle=10, waiting=0)
2025-03-29T13:03:54.992+01:00 DEBUG 66871 --- [users-service] [HikariPool-1 housekeeper] com.zaxxer.hikari.pool.HikariPool        : HikariPool-1 - Fill pool skipped, pool has sufficient level or currently being filled.
2025-03-29T13:04:24.997+01:00 DEBUG 66871 --- [users-service] [HikariPool-1 housekeeper] com.zaxxer.hikari.pool.HikariPool        : HikariPool-1 - Pool stats (total=10, active=0, idle=10, waiting=0)
2025-03-29T13:04:24.998+01:00 DEBUG 66871 --- [users-service] [HikariPool-1 housekeeper] com.zaxxer.hikari.pool.HikariPool        : HikariPool-1 - Fill pool skipped, pool has sufficient level or currently being filled.
2025-03-29T13:04:55.000+01:00 DEBUG 66871 --- [users-service] [HikariPool-1 housekeeper] com.zaxxer.hikari.pool.HikariPool        : HikariPool-1 - Pool stats (total=10, active=0, idle=10, waiting=0)
2025-03-29T13:04:55.002+01:00 DEBUG 66871 --- [users-service] [HikariPool-1 housekeeper] com.zaxxer.hikari.pool.HikariPool        : HikariPool-1 - Fill pool skipped, pool has sufficient level or currently being filled.
2025-03-29T13:05:25.004+01:00 DEBUG 66871 --- [users-service] [HikariPool-1 housekeeper] com.zaxxer.hikari.pool.HikariPool        : HikariPool-1 - Pool stats (total=10, active=0, idle=10, waiting=0)
2025-03-29T13:05:25.006+01:00 DEBUG 66871 --- [users-service] [HikariPool-1 housekeeper] com.zaxxer.hikari.pool.HikariPool        : HikariPool-1 - Fill pool skipped, pool has sufficient level or currently being filled.
2025-03-29T13:05:55.012+01:00 DEBUG 66871 --- [users-service] [HikariPool-1 housekeeper] com.zaxxer.hikari.pool.HikariPool        : HikariPool-1 - Pool stats (total=10, active=0, idle=10, waiting=0)
2025-03-29T13:05:55.014+01:00 DEBUG 66871 --- [users-service] [HikariPool-1 housekeeper] com.zaxxer.hikari.pool.HikariPool        : HikariPool-1 - Fill pool skipped, pool has sufficient level or currently being filled.
2025-03-29T13:06:25.117+01:00 DEBUG 66871 --- [users-service] [HikariPool-1 housekeeper] com.zaxxer.hikari.pool.HikariPool        : HikariPool-1 - Pool stats (total=10, active=0, idle=10, waiting=0)
2025-03-29T13:06:25.119+01:00 DEBUG 66871 --- [users-service] [HikariPool-1 housekeeper] com.zaxxer.hikari.pool.HikariPool        : HikariPool-1 - Fill pool skipped, pool has sufficient level or currently being filled.
2025-03-29T13:06:55.125+01:00 DEBUG 66871 --- [users-service] [HikariPool-1 housekeeper] com.zaxxer.hikari.pool.HikariPool        : HikariPool-1 - Pool stats (total=10, active=0, idle=10, waiting=0)
2025-03-29T13:06:55.127+01:00 DEBUG 66871 --- [users-service] [HikariPool-1 housekeeper] com.zaxxer.hikari.pool.HikariPool        : HikariPool-1 - Fill pool skipped, pool has sufficient level or currently being filled.
2025-03-29T13:07:25.132+01:00 DEBUG 66871 --- [users-service] [HikariPool-1 housekeeper] com.zaxxer.hikari.pool.HikariPool        : HikariPool-1 - Pool stats (total=10, active=0, idle=10, waiting=0)
2025-03-29T13:07:25.135+01:00 DEBUG 66871 --- [users-service] [HikariPool-1 housekeeper] com.zaxxer.hikari.pool.HikariPool        : HikariPool-1 - Fill pool skipped, pool has sufficient level or currently being filled.
2025-03-29T13:07:55.143+01:00 DEBUG 66871 --- [users-service] [HikariPool-1 housekeeper] com.zaxxer.hikari.pool.HikariPool        : HikariPool-1 - Pool stats (total=10, active=0, idle=10, waiting=0)
2025-03-29T13:07:55.145+01:00 DEBUG 66871 --- [users-service] [HikariPool-1 housekeeper] com.zaxxer.hikari.pool.HikariPool        : HikariPool-1 - Fill pool skipped, pool has sufficient level or currently being filled.
2025-03-29T13:08:25.151+01:00 DEBUG 66871 --- [users-service] [HikariPool-1 housekeeper] com.zaxxer.hikari.pool.HikariPool        : HikariPool-1 - Pool stats (total=10, active=0, idle=10, waiting=0)
2025-03-29T13:08:25.154+01:00 DEBUG 66871 --- [users-service] [HikariPool-1 housekeeper] com.zaxxer.hikari.pool.HikariPool        : HikariPool-1 - Fill pool skipped, pool has sufficient level or currently being filled.
2025-03-29T13:08:55.155+01:00 DEBUG 66871 --- [users-service] [HikariPool-1 housekeeper] com.zaxxer.hikari.pool.HikariPool        : HikariPool-1 - Pool stats (total=10, active=0, idle=10, waiting=0)
2025-03-29T13:08:55.156+01:00 DEBUG 66871 --- [users-service] [HikariPool-1 housekeeper] com.zaxxer.hikari.pool.HikariPool        : HikariPool-1 - Fill pool skipped, pool has sufficient level or currently being filled.
2025-03-29T13:09:25.162+01:00 DEBUG 66871 --- [users-service] [HikariPool-1 housekeeper] com.zaxxer.hikari.pool.HikariPool        : HikariPool-1 - Pool stats (total=10, active=0, idle=10, waiting=0)
2025-03-29T13:09:25.163+01:00 DEBUG 66871 --- [users-service] [HikariPool-1 housekeeper] com.zaxxer.hikari.pool.HikariPool        : HikariPool-1 - Fill pool skipped, pool has sufficient level or currently being filled.
2025-03-29T13:09:55.168+01:00 DEBUG 66871 --- [users-service] [HikariPool-1 housekeeper] com.zaxxer.hikari.pool.HikariPool        : HikariPool-1 - Pool stats (total=10, active=0, idle=10, waiting=0)
2025-03-29T13:09:55.170+01:00 DEBUG 66871 --- [users-service] [HikariPool-1 housekeeper] com.zaxxer.hikari.pool.HikariPool        : HikariPool-1 - Fill pool skipped, pool has sufficient level or currently being filled.
2025-03-29T13:10:25.176+01:00 DEBUG 66871 --- [users-service] [HikariPool-1 housekeeper] com.zaxxer.hikari.pool.HikariPool        : HikariPool-1 - Pool stats (total=10, active=0, idle=10, waiting=0)
2025-03-29T13:10:25.177+01:00 DEBUG 66871 --- [users-service] [HikariPool-1 housekeeper] com.zaxxer.hikari.pool.HikariPool        : HikariPool-1 - Fill pool skipped, pool has sufficient level or currently being filled.
2025-03-29T13:10:55.184+01:00 DEBUG 66871 --- [users-service] [HikariPool-1 housekeeper] com.zaxxer.hikari.pool.HikariPool        : HikariPool-1 - Pool stats (total=10, active=0, idle=10, waiting=0)
2025-03-29T13:10:55.185+01:00 DEBUG 66871 --- [users-service] [HikariPool-1 housekeeper] com.zaxxer.hikari.pool.HikariPool        : HikariPool-1 - Fill pool skipped, pool has sufficient level or currently being filled.
2025-03-29T13:11:25.191+01:00 DEBUG 66871 --- [users-service] [HikariPool-1 housekeeper] com.zaxxer.hikari.pool.HikariPool        : HikariPool-1 - Pool stats (total=10, active=0, idle=10, waiting=0)
2025-03-29T13:11:25.193+01:00 DEBUG 66871 --- [users-service] [HikariPool-1 housekeeper] com.zaxxer.hikari.pool.HikariPool        : HikariPool-1 - Fill pool skipped, pool has sufficient level or currently being filled.
2025-03-29T13:11:55.199+01:00 DEBUG 66871 --- [users-service] [HikariPool-1 housekeeper] com.zaxxer.hikari.pool.HikariPool        : HikariPool-1 - Pool stats (total=10, active=0, idle=10, waiting=0)
2025-03-29T13:11:55.201+01:00 DEBUG 66871 --- [users-service] [HikariPool-1 housekeeper] com.zaxxer.hikari.pool.HikariPool        : HikariPool-1 - Fill pool skipped, pool has sufficient level or currently being filled.
2025-03-29T13:12:25.208+01:00 DEBUG 66871 --- [users-service] [HikariPool-1 housekeeper] com.zaxxer.hikari.pool.HikariPool        : HikariPool-1 - Pool stats (total=10, active=0, idle=10, waiting=0)
2025-03-29T13:12:25.212+01:00 DEBUG 66871 --- [users-service] [HikariPool-1 housekeeper] com.zaxxer.hikari.pool.HikariPool        : HikariPool-1 - Fill pool skipped, pool has sufficient level or currently being filled.
2025-03-29T13:12:55.232+01:00 DEBUG 66871 --- [users-service] [HikariPool-1 housekeeper] com.zaxxer.hikari.pool.HikariPool        : HikariPool-1 - Pool stats (total=10, active=0, idle=10, waiting=0)
2025-03-29T13:12:55.234+01:00 DEBUG 66871 --- [users-service] [HikariPool-1 housekeeper] com.zaxxer.hikari.pool.HikariPool        : HikariPool-1 - Fill pool skipped, pool has sufficient level or currently being filled.
2025-03-29T13:13:25.236+01:00 DEBUG 66871 --- [users-service] [HikariPool-1 housekeeper] com.zaxxer.hikari.pool.HikariPool        : HikariPool-1 - Pool stats (total=10, active=0, idle=10, waiting=0)
2025-03-29T13:13:25.238+01:00 DEBUG 66871 --- [users-service] [HikariPool-1 housekeeper] com.zaxxer.hikari.pool.HikariPool        : HikariPool-1 - Fill pool skipped, pool has sufficient level or currently being filled.
2025-03-29T13:13:55.242+01:00 DEBUG 66871 --- [users-service] [HikariPool-1 housekeeper] com.zaxxer.hikari.pool.HikariPool        : HikariPool-1 - Pool stats (total=10, active=0, idle=10, waiting=0)
2025-03-29T13:13:55.245+01:00 DEBUG 66871 --- [users-service] [HikariPool-1 housekeeper] com.zaxxer.hikari.pool.HikariPool        : HikariPool-1 - Fill pool skipped, pool has sufficient level or currently being filled.
2025-03-29T13:14:25.247+01:00 DEBUG 66871 --- [users-service] [HikariPool-1 housekeeper] com.zaxxer.hikari.pool.HikariPool        : HikariPool-1 - Pool stats (total=10, active=0, idle=10, waiting=0)
2025-03-29T13:14:25.249+01:00 DEBUG 66871 --- [users-service] [HikariPool-1 housekeeper] com.zaxxer.hikari.pool.HikariPool        : HikariPool-1 - Fill pool skipped, pool has sufficient level or currently being filled.
2025-03-29T13:14:55.251+01:00 DEBUG 66871 --- [users-service] [HikariPool-1 housekeeper] com.zaxxer.hikari.pool.HikariPool        : HikariPool-1 - Pool stats (total=10, active=0, idle=10, waiting=0)
2025-03-29T13:14:55.253+01:00 DEBUG 66871 --- [users-service] [HikariPool-1 housekeeper] com.zaxxer.hikari.pool.HikariPool        : HikariPool-1 - Fill pool skipped, pool has sufficient level or currently being filled.
2025-03-29T13:15:25.258+01:00 DEBUG 66871 --- [users-service] [HikariPool-1 housekeeper] com.zaxxer.hikari.pool.HikariPool        : HikariPool-1 - Pool stats (total=10, active=0, idle=10, waiting=0)
2025-03-29T13:15:25.260+01:00 DEBUG 66871 --- [users-service] [HikariPool-1 housekeeper] com.zaxxer.hikari.pool.HikariPool        : HikariPool-1 - Fill pool skipped, pool has sufficient level or currently being filled.
2025-03-29T13:15:55.267+01:00 DEBUG 66871 --- [users-service] [HikariPool-1 housekeeper] com.zaxxer.hikari.pool.HikariPool        : HikariPool-1 - Pool stats (total=10, active=0, idle=10, waiting=0)
2025-03-29T13:15:55.269+01:00 DEBUG 66871 --- [users-service] [HikariPool-1 housekeeper] com.zaxxer.hikari.pool.HikariPool        : HikariPool-1 - Fill pool skipped, pool has sufficient level or currently being filled.
2025-03-29T13:16:25.276+01:00 DEBUG 66871 --- [users-service] [HikariPool-1 housekeeper] com.zaxxer.hikari.pool.HikariPool        : HikariPool-1 - Pool stats (total=10, active=0, idle=10, waiting=0)
2025-03-29T13:16:25.280+01:00 DEBUG 66871 --- [users-service] [HikariPool-1 housekeeper] com.zaxxer.hikari.pool.HikariPool        : HikariPool-1 - Fill pool skipped, pool has sufficient level or currently being filled.
2025-03-29T13:16:55.294+01:00 DEBUG 66871 --- [users-service] [HikariPool-1 housekeeper] com.zaxxer.hikari.pool.HikariPool        : HikariPool-1 - Pool stats (total=10, active=0, idle=10, waiting=0)
2025-03-29T13:16:55.295+01:00 DEBUG 66871 --- [users-service] [HikariPool-1 housekeeper] com.zaxxer.hikari.pool.HikariPool        : HikariPool-1 - Fill pool skipped, pool has sufficient level or currently being filled.
2025-03-29T13:17:25.301+01:00 DEBUG 66871 --- [users-service] [HikariPool-1 housekeeper] com.zaxxer.hikari.pool.HikariPool        : HikariPool-1 - Pool stats (total=10, active=0, idle=10, waiting=0)
2025-03-29T13:17:25.303+01:00 DEBUG 66871 --- [users-service] [HikariPool-1 housekeeper] com.zaxxer.hikari.pool.HikariPool        : HikariPool-1 - Fill pool skipped, pool has sufficient level or currently being filled.
2025-03-29T13:17:55.310+01:00 DEBUG 66871 --- [users-service] [HikariPool-1 housekeeper] com.zaxxer.hikari.pool.HikariPool        : HikariPool-1 - Pool stats (total=10, active=0, idle=10, waiting=0)
2025-03-29T13:17:55.312+01:00 DEBUG 66871 --- [users-service] [HikariPool-1 housekeeper] com.zaxxer.hikari.pool.HikariPool        : HikariPool-1 - Fill pool skipped, pool has sufficient level or currently being filled.
2025-03-29T13:18:25.315+01:00 DEBUG 66871 --- [users-service] [HikariPool-1 housekeeper] com.zaxxer.hikari.pool.HikariPool        : HikariPool-1 - Pool stats (total=10, active=0, idle=10, waiting=0)
2025-03-29T13:18:25.316+01:00 DEBUG 66871 --- [users-service] [HikariPool-1 housekeeper] com.zaxxer.hikari.pool.HikariPool        : HikariPool-1 - Fill pool skipped, pool has sufficient level or currently being filled.
2025-03-29T13:18:55.323+01:00 DEBUG 66871 --- [users-service] [HikariPool-1 housekeeper] com.zaxxer.hikari.pool.HikariPool        : HikariPool-1 - Pool stats (total=10, active=0, idle=10, waiting=0)
2025-03-29T13:18:55.324+01:00 DEBUG 66871 --- [users-service] [HikariPool-1 housekeeper] com.zaxxer.hikari.pool.HikariPool        : HikariPool-1 - Fill pool skipped, pool has sufficient level or currently being filled.
2025-03-29T13:19:25.331+01:00 DEBUG 66871 --- [users-service] [HikariPool-1 housekeeper] com.zaxxer.hikari.pool.HikariPool        : HikariPool-1 - Pool stats (total=10, active=0, idle=10, waiting=0)
2025-03-29T13:19:25.333+01:00 DEBUG 66871 --- [users-service] [HikariPool-1 housekeeper] com.zaxxer.hikari.pool.HikariPool        : HikariPool-1 - Fill pool skipped, pool has sufficient level or currently being filled.
2025-03-29T13:19:55.337+01:00 DEBUG 66871 --- [users-service] [HikariPool-1 housekeeper] com.zaxxer.hikari.pool.HikariPool        : HikariPool-1 - Pool stats (total=10, active=0, idle=10, waiting=0)
2025-03-29T13:19:55.340+01:00 DEBUG 66871 --- [users-service] [HikariPool-1 housekeeper] com.zaxxer.hikari.pool.HikariPool        : HikariPool-1 - Fill pool skipped, pool has sufficient level or currently being filled.
2025-03-29T13:20:25.344+01:00 DEBUG 66871 --- [users-service] [HikariPool-1 housekeeper] com.zaxxer.hikari.pool.HikariPool        : HikariPool-1 - Pool stats (total=10, active=0, idle=10, waiting=0)
2025-03-29T13:20:25.345+01:00 DEBUG 66871 --- [users-service] [HikariPool-1 housekeeper] com.zaxxer.hikari.pool.HikariPool        : HikariPool-1 - Fill pool skipped, pool has sufficient level or currently being filled.
2025-03-29T13:20:55.351+01:00 DEBUG 66871 --- [users-service] [HikariPool-1 housekeeper] com.zaxxer.hikari.pool.HikariPool        : HikariPool-1 - Pool stats (total=10, active=0, idle=10, waiting=0)
2025-03-29T13:20:55.354+01:00 DEBUG 66871 --- [users-service] [HikariPool-1 housekeeper] com.zaxxer.hikari.pool.HikariPool        : HikariPool-1 - Fill pool skipped, pool has sufficient level or currently being filled.
2025-03-29T13:21:25.360+01:00 DEBUG 66871 --- [users-service] [HikariPool-1 housekeeper] com.zaxxer.hikari.pool.HikariPool        : HikariPool-1 - Pool stats (total=10, active=0, idle=10, waiting=0)
2025-03-29T13:21:25.360+01:00 DEBUG 66871 --- [users-service] [HikariPool-1 housekeeper] com.zaxxer.hikari.pool.HikariPool        : HikariPool-1 - Fill pool skipped, pool has sufficient level or currently being filled.
2025-03-29T13:21:55.388+01:00 DEBUG 66871 --- [users-service] [HikariPool-1 housekeeper] com.zaxxer.hikari.pool.HikariPool        : HikariPool-1 - Pool stats (total=10, active=0, idle=10, waiting=0)
2025-03-29T13:21:55.389+01:00 DEBUG 66871 --- [users-service] [HikariPool-1 housekeeper] com.zaxxer.hikari.pool.HikariPool        : HikariPool-1 - Fill pool skipped, pool has sufficient level or currently being filled.
2025-03-29T13:22:25.405+01:00 DEBUG 66871 --- [users-service] [HikariPool-1 housekeeper] com.zaxxer.hikari.pool.HikariPool        : HikariPool-1 - Pool stats (total=10, active=0, idle=10, waiting=0)
2025-03-29T13:22:25.407+01:00 DEBUG 66871 --- [users-service] [HikariPool-1 housekeeper] com.zaxxer.hikari.pool.HikariPool        : HikariPool-1 - Fill pool skipped, pool has sufficient level or currently being filled.
2025-03-29T13:22:55.414+01:00 DEBUG 66871 --- [users-service] [HikariPool-1 housekeeper] com.zaxxer.hikari.pool.HikariPool        : HikariPool-1 - Pool stats (total=10, active=0, idle=10, waiting=0)
2025-03-29T13:22:55.416+01:00 DEBUG 66871 --- [users-service] [HikariPool-1 housekeeper] com.zaxxer.hikari.pool.HikariPool        : HikariPool-1 - Fill pool skipped, pool has sufficient level or currently being filled.
2025-03-29T13:23:25.423+01:00 DEBUG 66871 --- [users-service] [HikariPool-1 housekeeper] com.zaxxer.hikari.pool.HikariPool        : HikariPool-1 - Pool stats (total=10, active=0, idle=10, waiting=0)
2025-03-29T13:23:25.424+01:00 DEBUG 66871 --- [users-service] [HikariPool-1 housekeeper] com.zaxxer.hikari.pool.HikariPool        : HikariPool-1 - Fill pool skipped, pool has sufficient level or currently being filled.
2025-03-29T13:23:55.430+01:00 DEBUG 66871 --- [users-service] [HikariPool-1 housekeeper] com.zaxxer.hikari.pool.HikariPool        : HikariPool-1 - Pool stats (total=10, active=0, idle=10, waiting=0)
2025-03-29T13:23:55.432+01:00 DEBUG 66871 --- [users-service] [HikariPool-1 housekeeper] com.zaxxer.hikari.pool.HikariPool        : HikariPool-1 - Fill pool skipped, pool has sufficient level or currently being filled.
2025-03-29T13:31:17.064+01:00  WARN 66871 --- [users-service] [HikariPool-1 housekeeper] com.zaxxer.hikari.pool.HikariPool        : HikariPool-1 - Thread starvation or clock leap detected (housekeeper delta=7m21s633ms).
2025-03-29T13:31:17.065+01:00 DEBUG 66871 --- [users-service] [HikariPool-1 housekeeper] com.zaxxer.hikari.pool.HikariPool        : HikariPool-1 - Pool stats (total=10, active=0, idle=10, waiting=0)
2025-03-29T13:31:17.065+01:00 DEBUG 66871 --- [users-service] [HikariPool-1 housekeeper] com.zaxxer.hikari.pool.HikariPool        : HikariPool-1 - Fill pool skipped, pool has sufficient level or currently being filled.
2025-03-29T13:31:47.053+01:00 DEBUG 66871 --- [users-service] [HikariPool-1 housekeeper] com.zaxxer.hikari.pool.HikariPool        : HikariPool-1 - Pool stats (total=10, active=0, idle=10, waiting=0)
2025-03-29T13:31:47.055+01:00 DEBUG 66871 --- [users-service] [HikariPool-1 housekeeper] com.zaxxer.hikari.pool.HikariPool        : HikariPool-1 - Fill pool skipped, pool has sufficient level or currently being filled.
2025-03-29T13:32:17.056+01:00 DEBUG 66871 --- [users-service] [HikariPool-1 housekeeper] com.zaxxer.hikari.pool.HikariPool        : HikariPool-1 - Pool stats (total=10, active=0, idle=10, waiting=0)
2025-03-29T13:32:17.057+01:00 DEBUG 66871 --- [users-service] [HikariPool-1 housekeeper] com.zaxxer.hikari.pool.HikariPool        : HikariPool-1 - Fill pool skipped, pool has sufficient level or currently being filled.
2025-03-29T13:32:47.063+01:00 DEBUG 66871 --- [users-service] [HikariPool-1 housekeeper] com.zaxxer.hikari.pool.HikariPool        : HikariPool-1 - Pool stats (total=10, active=0, idle=10, waiting=0)
2025-03-29T13:32:47.064+01:00 DEBUG 66871 --- [users-service] [HikariPool-1 housekeeper] com.zaxxer.hikari.pool.HikariPool        : HikariPool-1 - Fill pool skipped, pool has sufficient level or currently being filled.
2025-03-29T13:33:17.070+01:00 DEBUG 66871 --- [users-service] [HikariPool-1 housekeeper] com.zaxxer.hikari.pool.HikariPool        : HikariPool-1 - Pool stats (total=10, active=0, idle=10, waiting=0)
2025-03-29T13:33:17.073+01:00 DEBUG 66871 --- [users-service] [HikariPool-1 housekeeper] com.zaxxer.hikari.pool.HikariPool        : HikariPool-1 - Fill pool skipped, pool has sufficient level or currently being filled.
2025-03-29T13:33:47.079+01:00 DEBUG 66871 --- [users-service] [HikariPool-1 housekeeper] com.zaxxer.hikari.pool.HikariPool        : HikariPool-1 - Pool stats (total=10, active=0, idle=10, waiting=0)
2025-03-29T13:33:47.081+01:00 DEBUG 66871 --- [users-service] [HikariPool-1 housekeeper] com.zaxxer.hikari.pool.HikariPool        : HikariPool-1 - Fill pool skipped, pool has sufficient level or currently being filled.
2025-03-29T13:34:17.084+01:00 DEBUG 66871 --- [users-service] [HikariPool-1 housekeeper] com.zaxxer.hikari.pool.HikariPool        : HikariPool-1 - Pool stats (total=10, active=0, idle=10, waiting=0)
2025-03-29T13:34:17.086+01:00 DEBUG 66871 --- [users-service] [HikariPool-1 housekeeper] com.zaxxer.hikari.pool.HikariPool        : HikariPool-1 - Fill pool skipped, pool has sufficient level or currently being filled.
2025-03-29T13:34:47.089+01:00 DEBUG 66871 --- [users-service] [HikariPool-1 housekeeper] com.zaxxer.hikari.pool.HikariPool        : HikariPool-1 - Pool stats (total=10, active=0, idle=10, waiting=0)
2025-03-29T13:34:47.091+01:00 DEBUG 66871 --- [users-service] [HikariPool-1 housekeeper] com.zaxxer.hikari.pool.HikariPool        : HikariPool-1 - Fill pool skipped, pool has sufficient level or currently being filled.
2025-03-29T13:35:17.098+01:00 DEBUG 66871 --- [users-service] [HikariPool-1 housekeeper] com.zaxxer.hikari.pool.HikariPool        : HikariPool-1 - Pool stats (total=10, active=0, idle=10, waiting=0)
2025-03-29T13:35:17.099+01:00 DEBUG 66871 --- [users-service] [HikariPool-1 housekeeper] com.zaxxer.hikari.pool.HikariPool        : HikariPool-1 - Fill pool skipped, pool has sufficient level or currently being filled.
2025-03-29T13:35:47.102+01:00 DEBUG 66871 --- [users-service] [HikariPool-1 housekeeper] com.zaxxer.hikari.pool.HikariPool        : HikariPool-1 - Pool stats (total=10, active=0, idle=10, waiting=0)
2025-03-29T13:35:47.105+01:00 DEBUG 66871 --- [users-service] [HikariPool-1 housekeeper] com.zaxxer.hikari.pool.HikariPool        : HikariPool-1 - Fill pool skipped, pool has sufficient level or currently being filled.
2025-03-29T13:36:17.113+01:00 DEBUG 66871 --- [users-service] [HikariPool-1 housekeeper] com.zaxxer.hikari.pool.HikariPool        : HikariPool-1 - Pool stats (total=10, active=0, idle=10, waiting=0)
2025-03-29T13:36:17.114+01:00 DEBUG 66871 --- [users-service] [HikariPool-1 housekeeper] com.zaxxer.hikari.pool.HikariPool        : HikariPool-1 - Fill pool skipped, pool has sufficient level or currently being filled.
2025-03-29T13:36:47.120+01:00 DEBUG 66871 --- [users-service] [HikariPool-1 housekeeper] com.zaxxer.hikari.pool.HikariPool        : HikariPool-1 - Pool stats (total=10, active=0, idle=10, waiting=0)
2025-03-29T13:36:47.123+01:00 DEBUG 66871 --- [users-service] [HikariPool-1 housekeeper] com.zaxxer.hikari.pool.HikariPool        : HikariPool-1 - Fill pool skipped, pool has sufficient level or currently being filled.
2025-03-29T13:37:16.728+01:00 DEBUG 66871 --- [users-service] [HikariPool-1 connection closer] com.zaxxer.hikari.pool.PoolBase          : HikariPool-1 - Closing connection conn31: url=jdbc:h2:mem:mydb user=SA: (connection has passed maxLifetime)
2025-03-29T13:37:16.735+01:00 DEBUG 66871 --- [users-service] [HikariPool-1 connection adder] com.zaxxer.hikari.pool.HikariPool        : HikariPool-1 - Added connection conn40: url=jdbc:h2:mem:mydb user=SA
2025-03-29T13:37:16.768+01:00 DEBUG 66871 --- [users-service] [HikariPool-1 connection adder] com.zaxxer.hikari.pool.HikariPool        : HikariPool-1 - Connection not added, stats (total=10, active=0, idle=10, waiting=0)
2025-03-29T13:37:17.129+01:00 DEBUG 66871 --- [users-service] [HikariPool-1 housekeeper] com.zaxxer.hikari.pool.HikariPool        : HikariPool-1 - Pool stats (total=10, active=0, idle=10, waiting=0)
2025-03-29T13:37:17.129+01:00 DEBUG 66871 --- [users-service] [HikariPool-1 housekeeper] com.zaxxer.hikari.pool.HikariPool        : HikariPool-1 - Fill pool skipped, pool has sufficient level or currently being filled.
2025-03-29T13:37:19.201+01:00 DEBUG 66871 --- [users-service] [HikariPool-1 connection closer] com.zaxxer.hikari.pool.PoolBase          : HikariPool-1 - Closing connection conn33: url=jdbc:h2:mem:mydb user=SA: (connection has passed maxLifetime)
2025-03-29T13:37:19.204+01:00 DEBUG 66871 --- [users-service] [HikariPool-1 connection adder] com.zaxxer.hikari.pool.HikariPool        : HikariPool-1 - Added connection conn41: url=jdbc:h2:mem:mydb user=SA
2025-03-29T13:37:19.234+01:00 DEBUG 66871 --- [users-service] [HikariPool-1 connection adder] com.zaxxer.hikari.pool.HikariPool        : HikariPool-1 - Connection not added, stats (total=10, active=0, idle=10, waiting=0)
2025-03-29T13:37:26.877+01:00 DEBUG 66871 --- [users-service] [HikariPool-1 connection closer] com.zaxxer.hikari.pool.PoolBase          : HikariPool-1 - Closing connection conn30: url=jdbc:h2:mem:mydb user=SA: (connection has passed maxLifetime)
2025-03-29T13:37:26.880+01:00 DEBUG 66871 --- [users-service] [HikariPool-1 connection adder] com.zaxxer.hikari.pool.HikariPool        : HikariPool-1 - Added connection conn42: url=jdbc:h2:mem:mydb user=SA
2025-03-29T13:37:26.915+01:00 DEBUG 66871 --- [users-service] [HikariPool-1 connection adder] com.zaxxer.hikari.pool.HikariPool        : HikariPool-1 - Connection not added, stats (total=10, active=0, idle=10, waiting=0)
2025-03-29T13:37:33.661+01:00 DEBUG 66871 --- [users-service] [HikariPool-1 connection closer] com.zaxxer.hikari.pool.PoolBase          : HikariPool-1 - Closing connection conn35: url=jdbc:h2:mem:mydb user=SA: (connection has passed maxLifetime)
2025-03-29T13:37:33.664+01:00 DEBUG 66871 --- [users-service] [HikariPool-1 connection adder] com.zaxxer.hikari.pool.HikariPool        : HikariPool-1 - Added connection conn43: url=jdbc:h2:mem:mydb user=SA
2025-03-29T13:37:33.706+01:00 DEBUG 66871 --- [users-service] [HikariPool-1 connection adder] com.zaxxer.hikari.pool.HikariPool        : HikariPool-1 - Connection not added, stats (total=10, active=0, idle=10, waiting=0)
2025-03-29T13:37:43.559+01:00 DEBUG 66871 --- [users-service] [HikariPool-1 connection closer] com.zaxxer.hikari.pool.PoolBase          : HikariPool-1 - Closing connection conn37: url=jdbc:h2:mem:mydb user=SA: (connection has passed maxLifetime)
2025-03-29T13:37:43.562+01:00 DEBUG 66871 --- [users-service] [HikariPool-1 connection adder] com.zaxxer.hikari.pool.HikariPool        : HikariPool-1 - Added connection conn44: url=jdbc:h2:mem:mydb user=SA
2025-03-29T13:37:43.593+01:00 DEBUG 66871 --- [users-service] [HikariPool-1 connection adder] com.zaxxer.hikari.pool.HikariPool        : HikariPool-1 - Connection not added, stats (total=10, active=0, idle=10, waiting=0)
2025-03-29T13:37:47.132+01:00 DEBUG 66871 --- [users-service] [HikariPool-1 housekeeper] com.zaxxer.hikari.pool.HikariPool        : HikariPool-1 - Pool stats (total=10, active=0, idle=10, waiting=0)
2025-03-29T13:37:47.133+01:00 DEBUG 66871 --- [users-service] [HikariPool-1 housekeeper] com.zaxxer.hikari.pool.HikariPool        : HikariPool-1 - Fill pool skipped, pool has sufficient level or currently being filled.
2025-03-29T13:37:47.643+01:00 DEBUG 66871 --- [users-service] [HikariPool-1 connection closer] com.zaxxer.hikari.pool.PoolBase          : HikariPool-1 - Closing connection conn36: url=jdbc:h2:mem:mydb user=SA: (connection has passed maxLifetime)
2025-03-29T13:37:47.648+01:00 DEBUG 66871 --- [users-service] [HikariPool-1 connection adder] com.zaxxer.hikari.pool.HikariPool        : HikariPool-1 - Added connection conn45: url=jdbc:h2:mem:mydb user=SA
2025-03-29T13:37:47.683+01:00 DEBUG 66871 --- [users-service] [HikariPool-1 connection adder] com.zaxxer.hikari.pool.HikariPool        : HikariPool-1 - Connection not added, stats (total=10, active=0, idle=10, waiting=0)
2025-03-29T13:37:52.465+01:00 DEBUG 66871 --- [users-service] [HikariPool-1 connection closer] com.zaxxer.hikari.pool.PoolBase          : HikariPool-1 - Closing connection conn32: url=jdbc:h2:mem:mydb user=SA: (connection has passed maxLifetime)
2025-03-29T13:37:52.468+01:00 DEBUG 66871 --- [users-service] [HikariPool-1 connection adder] com.zaxxer.hikari.pool.HikariPool        : HikariPool-1 - Added connection conn46: url=jdbc:h2:mem:mydb user=SA
2025-03-29T13:37:52.501+01:00 DEBUG 66871 --- [users-service] [HikariPool-1 connection adder] com.zaxxer.hikari.pool.HikariPool        : HikariPool-1 - Connection not added, stats (total=10, active=0, idle=10, waiting=0)
2025-03-29T13:37:55.129+01:00 DEBUG 66871 --- [users-service] [HikariPool-1 connection closer] com.zaxxer.hikari.pool.PoolBase          : HikariPool-1 - Closing connection conn38: url=jdbc:h2:mem:mydb user=SA: (connection has passed maxLifetime)
2025-03-29T13:37:55.131+01:00 DEBUG 66871 --- [users-service] [HikariPool-1 connection adder] com.zaxxer.hikari.pool.HikariPool        : HikariPool-1 - Added connection conn47: url=jdbc:h2:mem:mydb user=SA
2025-03-29T13:37:55.162+01:00 DEBUG 66871 --- [users-service] [HikariPool-1 connection adder] com.zaxxer.hikari.pool.HikariPool        : HikariPool-1 - Connection not added, stats (total=10, active=0, idle=10, waiting=0)
2025-03-29T13:37:55.807+01:00 DEBUG 66871 --- [users-service] [HikariPool-1 connection closer] com.zaxxer.hikari.pool.PoolBase          : HikariPool-1 - Closing connection conn34: url=jdbc:h2:mem:mydb user=SA: (connection has passed maxLifetime)
2025-03-29T13:37:55.809+01:00 DEBUG 66871 --- [users-service] [HikariPool-1 connection adder] com.zaxxer.hikari.pool.HikariPool        : HikariPool-1 - Added connection conn48: url=jdbc:h2:mem:mydb user=SA
2025-03-29T13:37:55.840+01:00 DEBUG 66871 --- [users-service] [HikariPool-1 connection adder] com.zaxxer.hikari.pool.HikariPool        : HikariPool-1 - Connection not added, stats (total=10, active=0, idle=10, waiting=0)
2025-03-29T13:38:06.588+01:00 DEBUG 66871 --- [users-service] [HikariPool-1 connection closer] com.zaxxer.hikari.pool.PoolBase          : HikariPool-1 - Closing connection conn39: url=jdbc:h2:mem:mydb user=SA: (connection has passed maxLifetime)
2025-03-29T13:38:06.591+01:00 DEBUG 66871 --- [users-service] [HikariPool-1 connection adder] com.zaxxer.hikari.pool.HikariPool        : HikariPool-1 - Added connection conn49: url=jdbc:h2:mem:mydb user=SA
2025-03-29T13:38:06.625+01:00 DEBUG 66871 --- [users-service] [HikariPool-1 connection adder] com.zaxxer.hikari.pool.HikariPool        : HikariPool-1 - Connection not added, stats (total=10, active=0, idle=10, waiting=0)
2025-03-29T13:38:17.135+01:00 DEBUG 66871 --- [users-service] [HikariPool-1 housekeeper] com.zaxxer.hikari.pool.HikariPool        : HikariPool-1 - Pool stats (total=10, active=0, idle=10, waiting=0)
2025-03-29T13:38:17.137+01:00 DEBUG 66871 --- [users-service] [HikariPool-1 housekeeper] com.zaxxer.hikari.pool.HikariPool        : HikariPool-1 - Fill pool skipped, pool has sufficient level or currently being filled.
2025-03-29T13:38:47.139+01:00 DEBUG 66871 --- [users-service] [HikariPool-1 housekeeper] com.zaxxer.hikari.pool.HikariPool        : HikariPool-1 - Pool stats (total=10, active=0, idle=10, waiting=0)
2025-03-29T13:38:47.142+01:00 DEBUG 66871 --- [users-service] [HikariPool-1 housekeeper] com.zaxxer.hikari.pool.HikariPool        : HikariPool-1 - Fill pool skipped, pool has sufficient level or currently being filled.
2025-03-29T13:39:17.146+01:00 DEBUG 66871 --- [users-service] [HikariPool-1 housekeeper] com.zaxxer.hikari.pool.HikariPool        : HikariPool-1 - Pool stats (total=10, active=0, idle=10, waiting=0)
2025-03-29T13:39:17.148+01:00 DEBUG 66871 --- [users-service] [HikariPool-1 housekeeper] com.zaxxer.hikari.pool.HikariPool        : HikariPool-1 - Fill pool skipped, pool has sufficient level or currently being filled.
2025-03-29T13:39:47.171+01:00 DEBUG 66871 --- [users-service] [HikariPool-1 housekeeper] com.zaxxer.hikari.pool.HikariPool        : HikariPool-1 - Pool stats (total=10, active=0, idle=10, waiting=0)
2025-03-29T13:39:47.173+01:00 DEBUG 66871 --- [users-service] [HikariPool-1 housekeeper] com.zaxxer.hikari.pool.HikariPool        : HikariPool-1 - Fill pool skipped, pool has sufficient level or currently being filled.
2025-03-29T13:40:17.186+01:00 DEBUG 66871 --- [users-service] [HikariPool-1 housekeeper] com.zaxxer.hikari.pool.HikariPool        : HikariPool-1 - Pool stats (total=10, active=0, idle=10, waiting=0)
2025-03-29T13:40:17.188+01:00 DEBUG 66871 --- [users-service] [HikariPool-1 housekeeper] com.zaxxer.hikari.pool.HikariPool        : HikariPool-1 - Fill pool skipped, pool has sufficient level or currently being filled.
2025-03-29T13:40:47.192+01:00 DEBUG 66871 --- [users-service] [HikariPool-1 housekeeper] com.zaxxer.hikari.pool.HikariPool        : HikariPool-1 - Pool stats (total=10, active=0, idle=10, waiting=0)
2025-03-29T13:40:47.194+01:00 DEBUG 66871 --- [users-service] [HikariPool-1 housekeeper] com.zaxxer.hikari.pool.HikariPool        : HikariPool-1 - Fill pool skipped, pool has sufficient level or currently being filled.
2025-03-29T13:41:17.197+01:00 DEBUG 66871 --- [users-service] [HikariPool-1 housekeeper] com.zaxxer.hikari.pool.HikariPool        : HikariPool-1 - Pool stats (total=10, active=0, idle=10, waiting=0)
2025-03-29T13:41:17.199+01:00 DEBUG 66871 --- [users-service] [HikariPool-1 housekeeper] com.zaxxer.hikari.pool.HikariPool        : HikariPool-1 - Fill pool skipped, pool has sufficient level or currently being filled.
2025-03-29T13:41:47.201+01:00 DEBUG 66871 --- [users-service] [HikariPool-1 housekeeper] com.zaxxer.hikari.pool.HikariPool        : HikariPool-1 - Pool stats (total=10, active=0, idle=10, waiting=0)
2025-03-29T13:41:47.202+01:00 DEBUG 66871 --- [users-service] [HikariPool-1 housekeeper] com.zaxxer.hikari.pool.HikariPool        : HikariPool-1 - Fill pool skipped, pool has sufficient level or currently being filled.
2025-03-29T13:42:17.209+01:00 DEBUG 66871 --- [users-service] [HikariPool-1 housekeeper] com.zaxxer.hikari.pool.HikariPool        : HikariPool-1 - Pool stats (total=10, active=0, idle=10, waiting=0)
2025-03-29T13:42:17.210+01:00 DEBUG 66871 --- [users-service] [HikariPool-1 housekeeper] com.zaxxer.hikari.pool.HikariPool        : HikariPool-1 - Fill pool skipped, pool has sufficient level or currently being filled.
2025-03-29T13:42:47.212+01:00 DEBUG 66871 --- [users-service] [HikariPool-1 housekeeper] com.zaxxer.hikari.pool.HikariPool        : HikariPool-1 - Pool stats (total=10, active=0, idle=10, waiting=0)
2025-03-29T13:42:47.216+01:00 DEBUG 66871 --- [users-service] [HikariPool-1 housekeeper] com.zaxxer.hikari.pool.HikariPool        : HikariPool-1 - Fill pool skipped, pool has sufficient level or currently being filled.
2025-03-29T13:43:17.222+01:00 DEBUG 66871 --- [users-service] [HikariPool-1 housekeeper] com.zaxxer.hikari.pool.HikariPool        : HikariPool-1 - Pool stats (total=10, active=0, idle=10, waiting=0)
2025-03-29T13:43:17.223+01:00 DEBUG 66871 --- [users-service] [HikariPool-1 housekeeper] com.zaxxer.hikari.pool.HikariPool        : HikariPool-1 - Fill pool skipped, pool has sufficient level or currently being filled.
2025-03-29T13:43:47.229+01:00 DEBUG 66871 --- [users-service] [HikariPool-1 housekeeper] com.zaxxer.hikari.pool.HikariPool        : HikariPool-1 - Pool stats (total=10, active=0, idle=10, waiting=0)
2025-03-29T13:43:47.231+01:00 DEBUG 66871 --- [users-service] [HikariPool-1 housekeeper] com.zaxxer.hikari.pool.HikariPool        : HikariPool-1 - Fill pool skipped, pool has sufficient level or currently being filled.
2025-03-29T13:44:17.237+01:00 DEBUG 66871 --- [users-service] [HikariPool-1 housekeeper] com.zaxxer.hikari.pool.HikariPool        : HikariPool-1 - Pool stats (total=10, active=0, idle=10, waiting=0)
2025-03-29T13:44:17.239+01:00 DEBUG 66871 --- [users-service] [HikariPool-1 housekeeper] com.zaxxer.hikari.pool.HikariPool        : HikariPool-1 - Fill pool skipped, pool has sufficient level or currently being filled.
2025-03-29T13:44:47.245+01:00 DEBUG 66871 --- [users-service] [HikariPool-1 housekeeper] com.zaxxer.hikari.pool.HikariPool        : HikariPool-1 - Pool stats (total=10, active=0, idle=10, waiting=0)
2025-03-29T13:44:47.248+01:00 DEBUG 66871 --- [users-service] [HikariPool-1 housekeeper] com.zaxxer.hikari.pool.HikariPool        : HikariPool-1 - Fill pool skipped, pool has sufficient level or currently being filled.
2025-03-29T13:45:17.254+01:00 DEBUG 66871 --- [users-service] [HikariPool-1 housekeeper] com.zaxxer.hikari.pool.HikariPool        : HikariPool-1 - Pool stats (total=10, active=0, idle=10, waiting=0)
2025-03-29T13:45:17.256+01:00 DEBUG 66871 --- [users-service] [HikariPool-1 housekeeper] com.zaxxer.hikari.pool.HikariPool        : HikariPool-1 - Fill pool skipped, pool has sufficient level or currently being filled.
2025-03-29T13:45:47.262+01:00 DEBUG 66871 --- [users-service] [HikariPool-1 housekeeper] com.zaxxer.hikari.pool.HikariPool        : HikariPool-1 - Pool stats (total=10, active=0, idle=10, waiting=0)
2025-03-29T13:45:47.263+01:00 DEBUG 66871 --- [users-service] [HikariPool-1 housekeeper] com.zaxxer.hikari.pool.HikariPool        : HikariPool-1 - Fill pool skipped, pool has sufficient level or currently being filled.
2025-03-29T13:46:17.268+01:00 DEBUG 66871 --- [users-service] [HikariPool-1 housekeeper] com.zaxxer.hikari.pool.HikariPool        : HikariPool-1 - Pool stats (total=10, active=0, idle=10, waiting=0)
2025-03-29T13:46:17.273+01:00 DEBUG 66871 --- [users-service] [HikariPool-1 housekeeper] com.zaxxer.hikari.pool.HikariPool        : HikariPool-1 - Fill pool skipped, pool has sufficient level or currently being filled.
2025-03-29T13:46:47.281+01:00 DEBUG 66871 --- [users-service] [HikariPool-1 housekeeper] com.zaxxer.hikari.pool.HikariPool        : HikariPool-1 - Pool stats (total=10, active=0, idle=10, waiting=0)
2025-03-29T13:46:47.282+01:00 DEBUG 66871 --- [users-service] [HikariPool-1 housekeeper] com.zaxxer.hikari.pool.HikariPool        : HikariPool-1 - Fill pool skipped, pool has sufficient level or currently being filled.
2025-03-29T13:47:17.285+01:00 DEBUG 66871 --- [users-service] [HikariPool-1 housekeeper] com.zaxxer.hikari.pool.HikariPool        : HikariPool-1 - Pool stats (total=10, active=0, idle=10, waiting=0)
2025-03-29T13:47:17.288+01:00 DEBUG 66871 --- [users-service] [HikariPool-1 housekeeper] com.zaxxer.hikari.pool.HikariPool        : HikariPool-1 - Fill pool skipped, pool has sufficient level or currently being filled.
2025-03-29T13:47:47.294+01:00 DEBUG 66871 --- [users-service] [HikariPool-1 housekeeper] com.zaxxer.hikari.pool.HikariPool        : HikariPool-1 - Pool stats (total=10, active=0, idle=10, waiting=0)
2025-03-29T13:47:47.296+01:00 DEBUG 66871 --- [users-service] [HikariPool-1 housekeeper] com.zaxxer.hikari.pool.HikariPool        : HikariPool-1 - Fill pool skipped, pool has sufficient level or currently being filled.
2025-03-29T13:48:17.307+01:00 DEBUG 66871 --- [users-service] [HikariPool-1 housekeeper] com.zaxxer.hikari.pool.HikariPool        : HikariPool-1 - Pool stats (total=10, active=0, idle=10, waiting=0)
2025-03-29T13:48:17.311+01:00 DEBUG 66871 --- [users-service] [HikariPool-1 housekeeper] com.zaxxer.hikari.pool.HikariPool        : HikariPool-1 - Fill pool skipped, pool has sufficient level or currently being filled.
2025-03-29T13:48:47.317+01:00 DEBUG 66871 --- [users-service] [HikariPool-1 housekeeper] com.zaxxer.hikari.pool.HikariPool        : HikariPool-1 - Pool stats (total=10, active=0, idle=10, waiting=0)
2025-03-29T13:48:47.319+01:00 DEBUG 66871 --- [users-service] [HikariPool-1 housekeeper] com.zaxxer.hikari.pool.HikariPool        : HikariPool-1 - Fill pool skipped, pool has sufficient level or currently being filled.
2025-03-29T13:49:17.325+01:00 DEBUG 66871 --- [users-service] [HikariPool-1 housekeeper] com.zaxxer.hikari.pool.HikariPool        : HikariPool-1 - Pool stats (total=10, active=0, idle=10, waiting=0)
2025-03-29T13:49:17.339+01:00 DEBUG 66871 --- [users-service] [HikariPool-1 housekeeper] com.zaxxer.hikari.pool.HikariPool        : HikariPool-1 - Fill pool skipped, pool has sufficient level or currently being filled.
2025-03-29T13:49:47.345+01:00 DEBUG 66871 --- [users-service] [HikariPool-1 housekeeper] com.zaxxer.hikari.pool.HikariPool        : HikariPool-1 - Pool stats (total=10, active=0, idle=10, waiting=0)
2025-03-29T13:49:47.346+01:00 DEBUG 66871 --- [users-service] [HikariPool-1 housekeeper] com.zaxxer.hikari.pool.HikariPool        : HikariPool-1 - Fill pool skipped, pool has sufficient level or currently being filled.
2025-03-29T13:50:17.347+01:00 DEBUG 66871 --- [users-service] [HikariPool-1 housekeeper] com.zaxxer.hikari.pool.HikariPool        : HikariPool-1 - Pool stats (total=10, active=0, idle=10, waiting=0)
2025-03-29T13:50:17.348+01:00 DEBUG 66871 --- [users-service] [HikariPool-1 housekeeper] com.zaxxer.hikari.pool.HikariPool        : HikariPool-1 - Fill pool skipped, pool has sufficient level or currently being filled.
2025-03-29T13:50:47.352+01:00 DEBUG 66871 --- [users-service] [HikariPool-1 housekeeper] com.zaxxer.hikari.pool.HikariPool        : HikariPool-1 - Pool stats (total=10, active=0, idle=10, waiting=0)
2025-03-29T13:50:47.354+01:00 DEBUG 66871 --- [users-service] [HikariPool-1 housekeeper] com.zaxxer.hikari.pool.HikariPool        : HikariPool-1 - Fill pool skipped, pool has sufficient level or currently being filled.
2025-03-29T13:51:17.359+01:00 DEBUG 66871 --- [users-service] [HikariPool-1 housekeeper] com.zaxxer.hikari.pool.HikariPool        : HikariPool-1 - Pool stats (total=10, active=0, idle=10, waiting=0)
2025-03-29T13:51:17.360+01:00 DEBUG 66871 --- [users-service] [HikariPool-1 housekeeper] com.zaxxer.hikari.pool.HikariPool        : HikariPool-1 - Fill pool skipped, pool has sufficient level or currently being filled.
2025-03-29T13:51:47.363+01:00 DEBUG 66871 --- [users-service] [HikariPool-1 housekeeper] com.zaxxer.hikari.pool.HikariPool        : HikariPool-1 - Pool stats (total=10, active=0, idle=10, waiting=0)
2025-03-29T13:51:47.366+01:00 DEBUG 66871 --- [users-service] [HikariPool-1 housekeeper] com.zaxxer.hikari.pool.HikariPool        : HikariPool-1 - Fill pool skipped, pool has sufficient level or currently being filled.
2025-03-29T13:52:17.372+01:00 DEBUG 66871 --- [users-service] [HikariPool-1 housekeeper] com.zaxxer.hikari.pool.HikariPool        : HikariPool-1 - Pool stats (total=10, active=0, idle=10, waiting=0)
2025-03-29T13:52:17.375+01:00 DEBUG 66871 --- [users-service] [HikariPool-1 housekeeper] com.zaxxer.hikari.pool.HikariPool        : HikariPool-1 - Fill pool skipped, pool has sufficient level or currently being filled.
2025-03-29T13:52:47.380+01:00 DEBUG 66871 --- [users-service] [HikariPool-1 housekeeper] com.zaxxer.hikari.pool.HikariPool        : HikariPool-1 - Pool stats (total=10, active=0, idle=10, waiting=0)
2025-03-29T13:52:47.382+01:00 DEBUG 66871 --- [users-service] [HikariPool-1 housekeeper] com.zaxxer.hikari.pool.HikariPool        : HikariPool-1 - Fill pool skipped, pool has sufficient level or currently being filled.
2025-03-29T13:53:17.389+01:00 DEBUG 66871 --- [users-service] [HikariPool-1 housekeeper] com.zaxxer.hikari.pool.HikariPool        : HikariPool-1 - Pool stats (total=10, active=0, idle=10, waiting=0)
2025-03-29T13:53:17.391+01:00 DEBUG 66871 --- [users-service] [HikariPool-1 housekeeper] com.zaxxer.hikari.pool.HikariPool        : HikariPool-1 - Fill pool skipped, pool has sufficient level or currently being filled.
2025-03-29T13:53:47.394+01:00 DEBUG 66871 --- [users-service] [HikariPool-1 housekeeper] com.zaxxer.hikari.pool.HikariPool        : HikariPool-1 - Pool stats (total=10, active=0, idle=10, waiting=0)
2025-03-29T13:53:47.395+01:00 DEBUG 66871 --- [users-service] [HikariPool-1 housekeeper] com.zaxxer.hikari.pool.HikariPool        : HikariPool-1 - Fill pool skipped, pool has sufficient level or currently being filled.
2025-03-29T13:54:17.402+01:00 DEBUG 66871 --- [users-service] [HikariPool-1 housekeeper] com.zaxxer.hikari.pool.HikariPool        : HikariPool-1 - Pool stats (total=10, active=0, idle=10, waiting=0)
2025-03-29T13:54:17.403+01:00 DEBUG 66871 --- [users-service] [HikariPool-1 housekeeper] com.zaxxer.hikari.pool.HikariPool        : HikariPool-1 - Fill pool skipped, pool has sufficient level or currently being filled.
2025-03-29T13:54:47.406+01:00 DEBUG 66871 --- [users-service] [HikariPool-1 housekeeper] com.zaxxer.hikari.pool.HikariPool        : HikariPool-1 - Pool stats (total=10, active=0, idle=10, waiting=0)
2025-03-29T13:54:47.407+01:00 DEBUG 66871 --- [users-service] [HikariPool-1 housekeeper] com.zaxxer.hikari.pool.HikariPool        : HikariPool-1 - Fill pool skipped, pool has sufficient level or currently being filled.
2025-03-29T13:55:17.411+01:00 DEBUG 66871 --- [users-service] [HikariPool-1 housekeeper] com.zaxxer.hikari.pool.HikariPool        : HikariPool-1 - Pool stats (total=10, active=0, idle=10, waiting=0)
2025-03-29T13:55:17.413+01:00 DEBUG 66871 --- [users-service] [HikariPool-1 housekeeper] com.zaxxer.hikari.pool.HikariPool        : HikariPool-1 - Fill pool skipped, pool has sufficient level or currently being filled.
2025-03-29T13:55:47.396+01:00 DEBUG 66871 --- [users-service] [HikariPool-1 housekeeper] com.zaxxer.hikari.pool.HikariPool        : HikariPool-1 - Pool stats (total=10, active=0, idle=10, waiting=0)
2025-03-29T13:55:47.398+01:00 DEBUG 66871 --- [users-service] [HikariPool-1 housekeeper] com.zaxxer.hikari.pool.HikariPool        : HikariPool-1 - Fill pool skipped, pool has sufficient level or currently being filled.
2025-03-29T13:56:17.398+01:00 DEBUG 66871 --- [users-service] [HikariPool-1 housekeeper] com.zaxxer.hikari.pool.HikariPool        : HikariPool-1 - Pool stats (total=10, active=0, idle=10, waiting=0)
2025-03-29T13:56:17.401+01:00 DEBUG 66871 --- [users-service] [HikariPool-1 housekeeper] com.zaxxer.hikari.pool.HikariPool        : HikariPool-1 - Fill pool skipped, pool has sufficient level or currently being filled.
2025-03-29T13:56:47.407+01:00 DEBUG 66871 --- [users-service] [HikariPool-1 housekeeper] com.zaxxer.hikari.pool.HikariPool        : HikariPool-1 - Pool stats (total=10, active=0, idle=10, waiting=0)
2025-03-29T13:56:47.409+01:00 DEBUG 66871 --- [users-service] [HikariPool-1 housekeeper] com.zaxxer.hikari.pool.HikariPool        : HikariPool-1 - Fill pool skipped, pool has sufficient level or currently being filled.
2025-03-29T13:57:17.415+01:00 DEBUG 66871 --- [users-service] [HikariPool-1 housekeeper] com.zaxxer.hikari.pool.HikariPool        : HikariPool-1 - Pool stats (total=10, active=0, idle=10, waiting=0)
2025-03-29T13:57:17.416+01:00 DEBUG 66871 --- [users-service] [HikariPool-1 housekeeper] com.zaxxer.hikari.pool.HikariPool        : HikariPool-1 - Fill pool skipped, pool has sufficient level or currently being filled.
2025-03-29T13:57:47.421+01:00 DEBUG 66871 --- [users-service] [HikariPool-1 housekeeper] com.zaxxer.hikari.pool.HikariPool        : HikariPool-1 - Pool stats (total=10, active=0, idle=10, waiting=0)
2025-03-29T13:57:47.423+01:00 DEBUG 66871 --- [users-service] [HikariPool-1 housekeeper] com.zaxxer.hikari.pool.HikariPool        : HikariPool-1 - Fill pool skipped, pool has sufficient level or currently being filled.
2025-03-29T13:58:17.425+01:00 DEBUG 66871 --- [users-service] [HikariPool-1 housekeeper] com.zaxxer.hikari.pool.HikariPool        : HikariPool-1 - Pool stats (total=10, active=0, idle=10, waiting=0)
2025-03-29T13:58:17.427+01:00 DEBUG 66871 --- [users-service] [HikariPool-1 housekeeper] com.zaxxer.hikari.pool.HikariPool        : HikariPool-1 - Fill pool skipped, pool has sufficient level or currently being filled.
2025-03-29T13:58:47.434+01:00 DEBUG 66871 --- [users-service] [HikariPool-1 housekeeper] com.zaxxer.hikari.pool.HikariPool        : HikariPool-1 - Pool stats (total=10, active=0, idle=10, waiting=0)
2025-03-29T13:58:47.435+01:00 DEBUG 66871 --- [users-service] [HikariPool-1 housekeeper] com.zaxxer.hikari.pool.HikariPool        : HikariPool-1 - Fill pool skipped, pool has sufficient level or currently being filled.
2025-03-29T13:59:17.441+01:00 DEBUG 66871 --- [users-service] [HikariPool-1 housekeeper] com.zaxxer.hikari.pool.HikariPool        : HikariPool-1 - Pool stats (total=10, active=0, idle=10, waiting=0)
2025-03-29T13:59:17.443+01:00 DEBUG 66871 --- [users-service] [HikariPool-1 housekeeper] com.zaxxer.hikari.pool.HikariPool        : HikariPool-1 - Fill pool skipped, pool has sufficient level or currently being filled.
2025-03-29T13:59:47.448+01:00 DEBUG 66871 --- [users-service] [HikariPool-1 housekeeper] com.zaxxer.hikari.pool.HikariPool        : HikariPool-1 - Pool stats (total=10, active=0, idle=10, waiting=0)
2025-03-29T13:59:47.450+01:00 DEBUG 66871 --- [users-service] [HikariPool-1 housekeeper] com.zaxxer.hikari.pool.HikariPool        : HikariPool-1 - Fill pool skipped, pool has sufficient level or currently being filled.
2025-03-29T14:00:17.454+01:00 DEBUG 66871 --- [users-service] [HikariPool-1 housekeeper] com.zaxxer.hikari.pool.HikariPool        : HikariPool-1 - Pool stats (total=10, active=0, idle=10, waiting=0)
2025-03-29T14:00:17.456+01:00 DEBUG 66871 --- [users-service] [HikariPool-1 housekeeper] com.zaxxer.hikari.pool.HikariPool        : HikariPool-1 - Fill pool skipped, pool has sufficient level or currently being filled.
2025-03-29T14:00:47.462+01:00 DEBUG 66871 --- [users-service] [HikariPool-1 housekeeper] com.zaxxer.hikari.pool.HikariPool        : HikariPool-1 - Pool stats (total=10, active=0, idle=10, waiting=0)
2025-03-29T14:00:47.465+01:00 DEBUG 66871 --- [users-service] [HikariPool-1 housekeeper] com.zaxxer.hikari.pool.HikariPool        : HikariPool-1 - Fill pool skipped, pool has sufficient level or currently being filled.
2025-03-29T14:01:17.471+01:00 DEBUG 66871 --- [users-service] [HikariPool-1 housekeeper] com.zaxxer.hikari.pool.HikariPool        : HikariPool-1 - Pool stats (total=10, active=0, idle=10, waiting=0)
2025-03-29T14:01:17.472+01:00 DEBUG 66871 --- [users-service] [HikariPool-1 housekeeper] com.zaxxer.hikari.pool.HikariPool        : HikariPool-1 - Fill pool skipped, pool has sufficient level or currently being filled.
2025-03-29T14:01:47.476+01:00 DEBUG 66871 --- [users-service] [HikariPool-1 housekeeper] com.zaxxer.hikari.pool.HikariPool        : HikariPool-1 - Pool stats (total=10, active=0, idle=10, waiting=0)
2025-03-29T14:01:47.478+01:00 DEBUG 66871 --- [users-service] [HikariPool-1 housekeeper] com.zaxxer.hikari.pool.HikariPool        : HikariPool-1 - Fill pool skipped, pool has sufficient level or currently being filled.
2025-03-29T14:02:17.483+01:00 DEBUG 66871 --- [users-service] [HikariPool-1 housekeeper] com.zaxxer.hikari.pool.HikariPool        : HikariPool-1 - Pool stats (total=10, active=0, idle=10, waiting=0)
2025-03-29T14:02:17.484+01:00 DEBUG 66871 --- [users-service] [HikariPool-1 housekeeper] com.zaxxer.hikari.pool.HikariPool        : HikariPool-1 - Fill pool skipped, pool has sufficient level or currently being filled.
2025-03-29T14:02:47.485+01:00 DEBUG 66871 --- [users-service] [HikariPool-1 housekeeper] com.zaxxer.hikari.pool.HikariPool        : HikariPool-1 - Pool stats (total=10, active=0, idle=10, waiting=0)
2025-03-29T14:02:47.486+01:00 DEBUG 66871 --- [users-service] [HikariPool-1 housekeeper] com.zaxxer.hikari.pool.HikariPool        : HikariPool-1 - Fill pool skipped, pool has sufficient level or currently being filled.
2025-03-29T14:03:17.491+01:00 DEBUG 66871 --- [users-service] [HikariPool-1 housekeeper] com.zaxxer.hikari.pool.HikariPool        : HikariPool-1 - Pool stats (total=10, active=0, idle=10, waiting=0)
2025-03-29T14:03:17.492+01:00 DEBUG 66871 --- [users-service] [HikariPool-1 housekeeper] com.zaxxer.hikari.pool.HikariPool        : HikariPool-1 - Fill pool skipped, pool has sufficient level or currently being filled.
2025-03-29T14:03:47.497+01:00 DEBUG 66871 --- [users-service] [HikariPool-1 housekeeper] com.zaxxer.hikari.pool.HikariPool        : HikariPool-1 - Pool stats (total=10, active=0, idle=10, waiting=0)
2025-03-29T14:03:47.498+01:00 DEBUG 66871 --- [users-service] [HikariPool-1 housekeeper] com.zaxxer.hikari.pool.HikariPool        : HikariPool-1 - Fill pool skipped, pool has sufficient level or currently being filled.
2025-03-29T14:04:17.504+01:00 DEBUG 66871 --- [users-service] [HikariPool-1 housekeeper] com.zaxxer.hikari.pool.HikariPool        : HikariPool-1 - Pool stats (total=10, active=0, idle=10, waiting=0)
2025-03-29T14:04:17.506+01:00 DEBUG 66871 --- [users-service] [HikariPool-1 housekeeper] com.zaxxer.hikari.pool.HikariPool        : HikariPool-1 - Fill pool skipped, pool has sufficient level or currently being filled.
2025-03-29T14:05:13.427+01:00  WARN 66871 --- [users-service] [HikariPool-1 housekeeper] com.zaxxer.hikari.pool.HikariPool        : HikariPool-1 - Thread starvation or clock leap detected (housekeeper delta=55s921ms).
2025-03-29T14:05:13.429+01:00 DEBUG 66871 --- [users-service] [HikariPool-1 housekeeper] com.zaxxer.hikari.pool.HikariPool        : HikariPool-1 - Pool stats (total=10, active=0, idle=10, waiting=0)
2025-03-29T14:05:13.429+01:00 DEBUG 66871 --- [users-service] [HikariPool-1 housekeeper] com.zaxxer.hikari.pool.HikariPool        : HikariPool-1 - Fill pool skipped, pool has sufficient level or currently being filled.
2025-03-29T14:05:43.435+01:00 DEBUG 66871 --- [users-service] [HikariPool-1 housekeeper] com.zaxxer.hikari.pool.HikariPool        : HikariPool-1 - Pool stats (total=10, active=0, idle=10, waiting=0)
2025-03-29T14:05:43.437+01:00 DEBUG 66871 --- [users-service] [HikariPool-1 housekeeper] com.zaxxer.hikari.pool.HikariPool        : HikariPool-1 - Fill pool skipped, pool has sufficient level or currently being filled.
2025-03-29T14:06:13.441+01:00 DEBUG 66871 --- [users-service] [HikariPool-1 housekeeper] com.zaxxer.hikari.pool.HikariPool        : HikariPool-1 - Pool stats (total=10, active=0, idle=10, waiting=0)
2025-03-29T14:06:13.442+01:00 DEBUG 66871 --- [users-service] [HikariPool-1 housekeeper] com.zaxxer.hikari.pool.HikariPool        : HikariPool-1 - Fill pool skipped, pool has sufficient level or currently being filled.
2025-03-29T14:06:43.445+01:00 DEBUG 66871 --- [users-service] [HikariPool-1 housekeeper] com.zaxxer.hikari.pool.HikariPool        : HikariPool-1 - Pool stats (total=10, active=0, idle=10, waiting=0)
2025-03-29T14:06:43.447+01:00 DEBUG 66871 --- [users-service] [HikariPool-1 housekeeper] com.zaxxer.hikari.pool.HikariPool        : HikariPool-1 - Fill pool skipped, pool has sufficient level or currently being filled.
2025-03-29T14:07:13.453+01:00 DEBUG 66871 --- [users-service] [HikariPool-1 housekeeper] com.zaxxer.hikari.pool.HikariPool        : HikariPool-1 - Pool stats (total=10, active=0, idle=10, waiting=0)
2025-03-29T14:07:13.456+01:00 DEBUG 66871 --- [users-service] [HikariPool-1 housekeeper] com.zaxxer.hikari.pool.HikariPool        : HikariPool-1 - Fill pool skipped, pool has sufficient level or currently being filled.
2025-03-29T14:07:17.565+01:00 DEBUG 66871 --- [users-service] [HikariPool-1 connection closer] com.zaxxer.hikari.pool.PoolBase          : HikariPool-1 - Closing connection conn41: url=jdbc:h2:mem:mydb user=SA: (connection has passed maxLifetime)
2025-03-29T14:07:17.573+01:00 DEBUG 66871 --- [users-service] [HikariPool-1 connection adder] com.zaxxer.hikari.pool.HikariPool        : HikariPool-1 - Added connection conn50: url=jdbc:h2:mem:mydb user=SA
2025-03-29T14:07:17.615+01:00 DEBUG 66871 --- [users-service] [HikariPool-1 connection adder] com.zaxxer.hikari.pool.HikariPool        : HikariPool-1 - Connection not added, stats (total=10, active=0, idle=10, waiting=0)
2025-03-29T14:07:34.834+01:00 DEBUG 66871 --- [users-service] [HikariPool-1 connection closer] com.zaxxer.hikari.pool.PoolBase          : HikariPool-1 - Closing connection conn40: url=jdbc:h2:mem:mydb user=SA: (connection has passed maxLifetime)
2025-03-29T14:07:34.864+01:00 DEBUG 66871 --- [users-service] [HikariPool-1 connection adder] com.zaxxer.hikari.pool.HikariPool        : HikariPool-1 - Added connection conn51: url=jdbc:h2:mem:mydb user=SA
2025-03-29T14:07:34.896+01:00 DEBUG 66871 --- [users-service] [HikariPool-1 connection adder] com.zaxxer.hikari.pool.HikariPool        : HikariPool-1 - Connection not added, stats (total=10, active=0, idle=10, waiting=0)
2025-03-29T14:07:38.113+01:00 DEBUG 66871 --- [users-service] [HikariPool-1 connection closer] com.zaxxer.hikari.pool.PoolBase          : HikariPool-1 - Closing connection conn43: url=jdbc:h2:mem:mydb user=SA: (connection has passed maxLifetime)
2025-03-29T14:07:38.117+01:00 DEBUG 66871 --- [users-service] [HikariPool-1 connection adder] com.zaxxer.hikari.pool.HikariPool        : HikariPool-1 - Added connection conn52: url=jdbc:h2:mem:mydb user=SA
2025-03-29T14:07:38.153+01:00 DEBUG 66871 --- [users-service] [HikariPool-1 connection adder] com.zaxxer.hikari.pool.HikariPool        : HikariPool-1 - Connection not added, stats (total=10, active=0, idle=10, waiting=0)
2025-03-29T14:07:39.519+01:00 DEBUG 66871 --- [users-service] [HikariPool-1 connection closer] com.zaxxer.hikari.pool.PoolBase          : HikariPool-1 - Closing connection conn42: url=jdbc:h2:mem:mydb user=SA: (connection has passed maxLifetime)
2025-03-29T14:07:39.521+01:00 DEBUG 66871 --- [users-service] [HikariPool-1 connection adder] com.zaxxer.hikari.pool.HikariPool        : HikariPool-1 - Added connection conn53: url=jdbc:h2:mem:mydb user=SA
2025-03-29T14:07:39.556+01:00 DEBUG 66871 --- [users-service] [HikariPool-1 connection adder] com.zaxxer.hikari.pool.HikariPool        : HikariPool-1 - Connection not added, stats (total=10, active=0, idle=10, waiting=0)
2025-03-29T14:07:43.462+01:00 DEBUG 66871 --- [users-service] [HikariPool-1 housekeeper] com.zaxxer.hikari.pool.HikariPool        : HikariPool-1 - Pool stats (total=10, active=0, idle=10, waiting=0)
2025-03-29T14:07:43.466+01:00 DEBUG 66871 --- [users-service] [HikariPool-1 housekeeper] com.zaxxer.hikari.pool.HikariPool        : HikariPool-1 - Fill pool skipped, pool has sufficient level or currently being filled.
2025-03-29T14:07:45.127+01:00 DEBUG 66871 --- [users-service] [HikariPool-1 connection closer] com.zaxxer.hikari.pool.PoolBase          : HikariPool-1 - Closing connection conn47: url=jdbc:h2:mem:mydb user=SA: (connection has passed maxLifetime)
2025-03-29T14:07:45.134+01:00 DEBUG 66871 --- [users-service] [HikariPool-1 connection adder] com.zaxxer.hikari.pool.HikariPool        : HikariPool-1 - Added connection conn54: url=jdbc:h2:mem:mydb user=SA
2025-03-29T14:07:45.170+01:00 DEBUG 66871 --- [users-service] [HikariPool-1 connection adder] com.zaxxer.hikari.pool.HikariPool        : HikariPool-1 - Connection not added, stats (total=10, active=0, idle=10, waiting=0)
2025-03-29T14:08:00.498+01:00 DEBUG 66871 --- [users-service] [HikariPool-1 connection closer] com.zaxxer.hikari.pool.PoolBase          : HikariPool-1 - Closing connection conn44: url=jdbc:h2:mem:mydb user=SA: (connection has passed maxLifetime)
2025-03-29T14:08:00.528+01:00 DEBUG 66871 --- [users-service] [HikariPool-1 connection adder] com.zaxxer.hikari.pool.HikariPool        : HikariPool-1 - Added connection conn55: url=jdbc:h2:mem:mydb user=SA
2025-03-29T14:08:00.559+01:00 DEBUG 66871 --- [users-service] [HikariPool-1 connection adder] com.zaxxer.hikari.pool.HikariPool        : HikariPool-1 - Connection not added, stats (total=10, active=0, idle=10, waiting=0)
2025-03-29T14:08:09.682+01:00 DEBUG 66871 --- [users-service] [HikariPool-1 connection closer] com.zaxxer.hikari.pool.PoolBase          : HikariPool-1 - Closing connection conn46: url=jdbc:h2:mem:mydb user=SA: (connection has passed maxLifetime)
2025-03-29T14:08:09.713+01:00 DEBUG 66871 --- [users-service] [HikariPool-1 connection adder] com.zaxxer.hikari.pool.HikariPool        : HikariPool-1 - Added connection conn56: url=jdbc:h2:mem:mydb user=SA
2025-03-29T14:08:09.746+01:00 DEBUG 66871 --- [users-service] [HikariPool-1 connection adder] com.zaxxer.hikari.pool.HikariPool        : HikariPool-1 - Connection not added, stats (total=10, active=0, idle=10, waiting=0)
2025-03-29T14:08:11.143+01:00 DEBUG 66871 --- [users-service] [HikariPool-1 connection closer] com.zaxxer.hikari.pool.PoolBase          : HikariPool-1 - Closing connection conn45: url=jdbc:h2:mem:mydb user=SA: (connection has passed maxLifetime)
2025-03-29T14:08:11.145+01:00 DEBUG 66871 --- [users-service] [HikariPool-1 connection adder] com.zaxxer.hikari.pool.HikariPool        : HikariPool-1 - Added connection conn57: url=jdbc:h2:mem:mydb user=SA
2025-03-29T14:08:11.178+01:00 DEBUG 66871 --- [users-service] [HikariPool-1 connection adder] com.zaxxer.hikari.pool.HikariPool        : HikariPool-1 - Connection not added, stats (total=10, active=0, idle=10, waiting=0)
2025-03-29T14:08:13.472+01:00 DEBUG 66871 --- [users-service] [HikariPool-1 housekeeper] com.zaxxer.hikari.pool.HikariPool        : HikariPool-1 - Pool stats (total=10, active=0, idle=10, waiting=0)
2025-03-29T14:08:13.472+01:00 DEBUG 66871 --- [users-service] [HikariPool-1 housekeeper] com.zaxxer.hikari.pool.HikariPool        : HikariPool-1 - Fill pool skipped, pool has sufficient level or currently being filled.
2025-03-29T14:08:18.036+01:00 DEBUG 66871 --- [users-service] [HikariPool-1 connection closer] com.zaxxer.hikari.pool.PoolBase          : HikariPool-1 - Closing connection conn48: url=jdbc:h2:mem:mydb user=SA: (connection has passed maxLifetime)
2025-03-29T14:08:18.038+01:00 DEBUG 66871 --- [users-service] [HikariPool-1 connection adder] com.zaxxer.hikari.pool.HikariPool        : HikariPool-1 - Added connection conn58: url=jdbc:h2:mem:mydb user=SA
2025-03-29T14:08:18.069+01:00 DEBUG 66871 --- [users-service] [HikariPool-1 connection adder] com.zaxxer.hikari.pool.HikariPool        : HikariPool-1 - Connection not added, stats (total=10, active=0, idle=10, waiting=0)
2025-03-29T14:08:30.885+01:00 DEBUG 66871 --- [users-service] [HikariPool-1 connection closer] com.zaxxer.hikari.pool.PoolBase          : HikariPool-1 - Closing connection conn49: url=jdbc:h2:mem:mydb user=SA: (connection has passed maxLifetime)
2025-03-29T14:08:30.888+01:00 DEBUG 66871 --- [users-service] [HikariPool-1 connection adder] com.zaxxer.hikari.pool.HikariPool        : HikariPool-1 - Added connection conn59: url=jdbc:h2:mem:mydb user=SA
2025-03-29T14:08:30.923+01:00 DEBUG 66871 --- [users-service] [HikariPool-1 connection adder] com.zaxxer.hikari.pool.HikariPool        : HikariPool-1 - Connection not added, stats (total=10, active=0, idle=10, waiting=0)
2025-03-29T14:08:43.478+01:00 DEBUG 66871 --- [users-service] [HikariPool-1 housekeeper] com.zaxxer.hikari.pool.HikariPool        : HikariPool-1 - Pool stats (total=10, active=0, idle=10, waiting=0)
2025-03-29T14:08:43.480+01:00 DEBUG 66871 --- [users-service] [HikariPool-1 housekeeper] com.zaxxer.hikari.pool.HikariPool        : HikariPool-1 - Fill pool skipped, pool has sufficient level or currently being filled.
2025-03-29T14:09:13.486+01:00 DEBUG 66871 --- [users-service] [HikariPool-1 housekeeper] com.zaxxer.hikari.pool.HikariPool        : HikariPool-1 - Pool stats (total=10, active=0, idle=10, waiting=0)
2025-03-29T14:09:13.486+01:00 DEBUG 66871 --- [users-service] [HikariPool-1 housekeeper] com.zaxxer.hikari.pool.HikariPool        : HikariPool-1 - Fill pool skipped, pool has sufficient level or currently being filled.
2025-03-29T14:09:43.490+01:00 DEBUG 66871 --- [users-service] [HikariPool-1 housekeeper] com.zaxxer.hikari.pool.HikariPool        : HikariPool-1 - Pool stats (total=10, active=0, idle=10, waiting=0)
2025-03-29T14:09:43.491+01:00 DEBUG 66871 --- [users-service] [HikariPool-1 housekeeper] com.zaxxer.hikari.pool.HikariPool        : HikariPool-1 - Fill pool skipped, pool has sufficient level or currently being filled.
2025-03-29T14:10:13.495+01:00 DEBUG 66871 --- [users-service] [HikariPool-1 housekeeper] com.zaxxer.hikari.pool.HikariPool        : HikariPool-1 - Pool stats (total=10, active=0, idle=10, waiting=0)
2025-03-29T14:10:13.496+01:00 DEBUG 66871 --- [users-service] [HikariPool-1 housekeeper] com.zaxxer.hikari.pool.HikariPool        : HikariPool-1 - Fill pool skipped, pool has sufficient level or currently being filled.
2025-03-29T14:10:43.502+01:00 DEBUG 66871 --- [users-service] [HikariPool-1 housekeeper] com.zaxxer.hikari.pool.HikariPool        : HikariPool-1 - Pool stats (total=10, active=0, idle=10, waiting=0)
2025-03-29T14:10:43.503+01:00 DEBUG 66871 --- [users-service] [HikariPool-1 housekeeper] com.zaxxer.hikari.pool.HikariPool        : HikariPool-1 - Fill pool skipped, pool has sufficient level or currently being filled.
2025-03-29T14:11:13.504+01:00 DEBUG 66871 --- [users-service] [HikariPool-1 housekeeper] com.zaxxer.hikari.pool.HikariPool        : HikariPool-1 - Pool stats (total=10, active=0, idle=10, waiting=0)
2025-03-29T14:11:13.506+01:00 DEBUG 66871 --- [users-service] [HikariPool-1 housekeeper] com.zaxxer.hikari.pool.HikariPool        : HikariPool-1 - Fill pool skipped, pool has sufficient level or currently being filled.
2025-03-29T14:11:43.511+01:00 DEBUG 66871 --- [users-service] [HikariPool-1 housekeeper] com.zaxxer.hikari.pool.HikariPool        : HikariPool-1 - Pool stats (total=10, active=0, idle=10, waiting=0)
2025-03-29T14:11:43.512+01:00 DEBUG 66871 --- [users-service] [HikariPool-1 housekeeper] com.zaxxer.hikari.pool.HikariPool        : HikariPool-1 - Fill pool skipped, pool has sufficient level or currently being filled.
2025-03-29T14:12:13.517+01:00 DEBUG 66871 --- [users-service] [HikariPool-1 housekeeper] com.zaxxer.hikari.pool.HikariPool        : HikariPool-1 - Pool stats (total=10, active=0, idle=10, waiting=0)
2025-03-29T14:12:13.520+01:00 DEBUG 66871 --- [users-service] [HikariPool-1 housekeeper] com.zaxxer.hikari.pool.HikariPool        : HikariPool-1 - Fill pool skipped, pool has sufficient level or currently being filled.
2025-03-29T14:12:43.523+01:00 DEBUG 66871 --- [users-service] [HikariPool-1 housekeeper] com.zaxxer.hikari.pool.HikariPool        : HikariPool-1 - Pool stats (total=10, active=0, idle=10, waiting=0)
2025-03-29T14:12:43.525+01:00 DEBUG 66871 --- [users-service] [HikariPool-1 housekeeper] com.zaxxer.hikari.pool.HikariPool        : HikariPool-1 - Fill pool skipped, pool has sufficient level or currently being filled.
2025-03-29T14:13:13.528+01:00 DEBUG 66871 --- [users-service] [HikariPool-1 housekeeper] com.zaxxer.hikari.pool.HikariPool        : HikariPool-1 - Pool stats (total=10, active=0, idle=10, waiting=0)
2025-03-29T14:13:13.530+01:00 DEBUG 66871 --- [users-service] [HikariPool-1 housekeeper] com.zaxxer.hikari.pool.HikariPool        : HikariPool-1 - Fill pool skipped, pool has sufficient level or currently being filled.
2025-03-29T14:13:43.535+01:00 DEBUG 66871 --- [users-service] [HikariPool-1 housekeeper] com.zaxxer.hikari.pool.HikariPool        : HikariPool-1 - Pool stats (total=10, active=0, idle=10, waiting=0)
2025-03-29T14:13:43.536+01:00 DEBUG 66871 --- [users-service] [HikariPool-1 housekeeper] com.zaxxer.hikari.pool.HikariPool        : HikariPool-1 - Fill pool skipped, pool has sufficient level or currently being filled.
2025-03-29T14:14:13.542+01:00 DEBUG 66871 --- [users-service] [HikariPool-1 housekeeper] com.zaxxer.hikari.pool.HikariPool        : HikariPool-1 - Pool stats (total=10, active=0, idle=10, waiting=0)
2025-03-29T14:14:13.542+01:00 DEBUG 66871 --- [users-service] [HikariPool-1 housekeeper] com.zaxxer.hikari.pool.HikariPool        : HikariPool-1 - Fill pool skipped, pool has sufficient level or currently being filled.
2025-03-29T14:14:43.548+01:00 DEBUG 66871 --- [users-service] [HikariPool-1 housekeeper] com.zaxxer.hikari.pool.HikariPool        : HikariPool-1 - Pool stats (total=10, active=0, idle=10, waiting=0)
2025-03-29T14:14:43.549+01:00 DEBUG 66871 --- [users-service] [HikariPool-1 housekeeper] com.zaxxer.hikari.pool.HikariPool        : HikariPool-1 - Fill pool skipped, pool has sufficient level or currently being filled.
2025-03-29T14:15:13.552+01:00 DEBUG 66871 --- [users-service] [HikariPool-1 housekeeper] com.zaxxer.hikari.pool.HikariPool        : HikariPool-1 - Pool stats (total=10, active=0, idle=10, waiting=0)
2025-03-29T14:15:13.553+01:00 DEBUG 66871 --- [users-service] [HikariPool-1 housekeeper] com.zaxxer.hikari.pool.HikariPool        : HikariPool-1 - Fill pool skipped, pool has sufficient level or currently being filled.
2025-03-29T14:15:43.559+01:00 DEBUG 66871 --- [users-service] [HikariPool-1 housekeeper] com.zaxxer.hikari.pool.HikariPool        : HikariPool-1 - Pool stats (total=10, active=0, idle=10, waiting=0)
2025-03-29T14:15:43.561+01:00 DEBUG 66871 --- [users-service] [HikariPool-1 housekeeper] com.zaxxer.hikari.pool.HikariPool        : HikariPool-1 - Fill pool skipped, pool has sufficient level or currently being filled.
2025-03-29T14:16:13.563+01:00 DEBUG 66871 --- [users-service] [HikariPool-1 housekeeper] com.zaxxer.hikari.pool.HikariPool        : HikariPool-1 - Pool stats (total=10, active=0, idle=10, waiting=0)
2025-03-29T14:16:13.564+01:00 DEBUG 66871 --- [users-service] [HikariPool-1 housekeeper] com.zaxxer.hikari.pool.HikariPool        : HikariPool-1 - Fill pool skipped, pool has sufficient level or currently being filled.
2025-03-29T14:16:43.569+01:00 DEBUG 66871 --- [users-service] [HikariPool-1 housekeeper] com.zaxxer.hikari.pool.HikariPool        : HikariPool-1 - Pool stats (total=10, active=0, idle=10, waiting=0)
2025-03-29T14:16:43.569+01:00 DEBUG 66871 --- [users-service] [HikariPool-1 housekeeper] com.zaxxer.hikari.pool.HikariPool        : HikariPool-1 - Fill pool skipped, pool has sufficient level or currently being filled.
2025-03-29T14:17:13.575+01:00 DEBUG 66871 --- [users-service] [HikariPool-1 housekeeper] com.zaxxer.hikari.pool.HikariPool        : HikariPool-1 - Pool stats (total=10, active=0, idle=10, waiting=0)
2025-03-29T14:17:13.576+01:00 DEBUG 66871 --- [users-service] [HikariPool-1 housekeeper] com.zaxxer.hikari.pool.HikariPool        : HikariPool-1 - Fill pool skipped, pool has sufficient level or currently being filled.
2025-03-29T14:17:43.581+01:00 DEBUG 66871 --- [users-service] [HikariPool-1 housekeeper] com.zaxxer.hikari.pool.HikariPool        : HikariPool-1 - Pool stats (total=10, active=0, idle=10, waiting=0)
2025-03-29T14:17:43.583+01:00 DEBUG 66871 --- [users-service] [HikariPool-1 housekeeper] com.zaxxer.hikari.pool.HikariPool        : HikariPool-1 - Fill pool skipped, pool has sufficient level or currently being filled.
2025-03-29T14:18:13.588+01:00 DEBUG 66871 --- [users-service] [HikariPool-1 housekeeper] com.zaxxer.hikari.pool.HikariPool        : HikariPool-1 - Pool stats (total=10, active=0, idle=10, waiting=0)
2025-03-29T14:18:13.590+01:00 DEBUG 66871 --- [users-service] [HikariPool-1 housekeeper] com.zaxxer.hikari.pool.HikariPool        : HikariPool-1 - Fill pool skipped, pool has sufficient level or currently being filled.
2025-03-29T14:18:43.596+01:00 DEBUG 66871 --- [users-service] [HikariPool-1 housekeeper] com.zaxxer.hikari.pool.HikariPool        : HikariPool-1 - Pool stats (total=10, active=0, idle=10, waiting=0)
2025-03-29T14:18:43.597+01:00 DEBUG 66871 --- [users-service] [HikariPool-1 housekeeper] com.zaxxer.hikari.pool.HikariPool        : HikariPool-1 - Fill pool skipped, pool has sufficient level or currently being filled.
2025-03-29T14:19:13.599+01:00 DEBUG 66871 --- [users-service] [HikariPool-1 housekeeper] com.zaxxer.hikari.pool.HikariPool        : HikariPool-1 - Pool stats (total=10, active=0, idle=10, waiting=0)
2025-03-29T14:19:13.600+01:00 DEBUG 66871 --- [users-service] [HikariPool-1 housekeeper] com.zaxxer.hikari.pool.HikariPool        : HikariPool-1 - Fill pool skipped, pool has sufficient level or currently being filled.
2025-03-29T14:19:43.606+01:00 DEBUG 66871 --- [users-service] [HikariPool-1 housekeeper] com.zaxxer.hikari.pool.HikariPool        : HikariPool-1 - Pool stats (total=10, active=0, idle=10, waiting=0)
2025-03-29T14:19:43.607+01:00 DEBUG 66871 --- [users-service] [HikariPool-1 housekeeper] com.zaxxer.hikari.pool.HikariPool        : HikariPool-1 - Fill pool skipped, pool has sufficient level or currently being filled.
2025-03-29T14:20:13.612+01:00 DEBUG 66871 --- [users-service] [HikariPool-1 housekeeper] com.zaxxer.hikari.pool.HikariPool        : HikariPool-1 - Pool stats (total=10, active=0, idle=10, waiting=0)
2025-03-29T14:20:13.615+01:00 DEBUG 66871 --- [users-service] [HikariPool-1 housekeeper] com.zaxxer.hikari.pool.HikariPool        : HikariPool-1 - Fill pool skipped, pool has sufficient level or currently being filled.
2025-03-29T14:20:43.619+01:00 DEBUG 66871 --- [users-service] [HikariPool-1 housekeeper] com.zaxxer.hikari.pool.HikariPool        : HikariPool-1 - Pool stats (total=10, active=0, idle=10, waiting=0)
2025-03-29T14:20:43.620+01:00 DEBUG 66871 --- [users-service] [HikariPool-1 housekeeper] com.zaxxer.hikari.pool.HikariPool        : HikariPool-1 - Fill pool skipped, pool has sufficient level or currently being filled.
2025-03-29T14:21:13.622+01:00 DEBUG 66871 --- [users-service] [HikariPool-1 housekeeper] com.zaxxer.hikari.pool.HikariPool        : HikariPool-1 - Pool stats (total=10, active=0, idle=10, waiting=0)
2025-03-29T14:21:13.623+01:00 DEBUG 66871 --- [users-service] [HikariPool-1 housekeeper] com.zaxxer.hikari.pool.HikariPool        : HikariPool-1 - Fill pool skipped, pool has sufficient level or currently being filled.
2025-03-29T14:21:43.625+01:00 DEBUG 66871 --- [users-service] [HikariPool-1 housekeeper] com.zaxxer.hikari.pool.HikariPool        : HikariPool-1 - Pool stats (total=10, active=0, idle=10, waiting=0)
2025-03-29T14:21:43.626+01:00 DEBUG 66871 --- [users-service] [HikariPool-1 housekeeper] com.zaxxer.hikari.pool.HikariPool        : HikariPool-1 - Fill pool skipped, pool has sufficient level or currently being filled.
2025-03-29T14:22:13.631+01:00 DEBUG 66871 --- [users-service] [HikariPool-1 housekeeper] com.zaxxer.hikari.pool.HikariPool        : HikariPool-1 - Pool stats (total=10, active=0, idle=10, waiting=0)
2025-03-29T14:22:13.633+01:00 DEBUG 66871 --- [users-service] [HikariPool-1 housekeeper] com.zaxxer.hikari.pool.HikariPool        : HikariPool-1 - Fill pool skipped, pool has sufficient level or currently being filled.
2025-03-29T14:22:43.639+01:00 DEBUG 66871 --- [users-service] [HikariPool-1 housekeeper] com.zaxxer.hikari.pool.HikariPool        : HikariPool-1 - Pool stats (total=10, active=0, idle=10, waiting=0)
2025-03-29T14:22:43.639+01:00 DEBUG 66871 --- [users-service] [HikariPool-1 housekeeper] com.zaxxer.hikari.pool.HikariPool        : HikariPool-1 - Fill pool skipped, pool has sufficient level or currently being filled.
2025-03-29T14:23:13.645+01:00 DEBUG 66871 --- [users-service] [HikariPool-1 housekeeper] com.zaxxer.hikari.pool.HikariPool        : HikariPool-1 - Pool stats (total=10, active=0, idle=10, waiting=0)
2025-03-29T14:23:13.647+01:00 DEBUG 66871 --- [users-service] [HikariPool-1 housekeeper] com.zaxxer.hikari.pool.HikariPool        : HikariPool-1 - Fill pool skipped, pool has sufficient level or currently being filled.
2025-03-29T14:23:43.648+01:00 DEBUG 66871 --- [users-service] [HikariPool-1 housekeeper] com.zaxxer.hikari.pool.HikariPool        : HikariPool-1 - Pool stats (total=10, active=0, idle=10, waiting=0)
2025-03-29T14:23:43.649+01:00 DEBUG 66871 --- [users-service] [HikariPool-1 housekeeper] com.zaxxer.hikari.pool.HikariPool        : HikariPool-1 - Fill pool skipped, pool has sufficient level or currently being filled.
2025-03-29T14:24:13.651+01:00 DEBUG 66871 --- [users-service] [HikariPool-1 housekeeper] com.zaxxer.hikari.pool.HikariPool        : HikariPool-1 - Pool stats (total=10, active=0, idle=10, waiting=0)
2025-03-29T14:24:13.652+01:00 DEBUG 66871 --- [users-service] [HikariPool-1 housekeeper] com.zaxxer.hikari.pool.HikariPool        : HikariPool-1 - Fill pool skipped, pool has sufficient level or currently being filled.
2025-03-29T14:24:43.654+01:00 DEBUG 66871 --- [users-service] [HikariPool-1 housekeeper] com.zaxxer.hikari.pool.HikariPool        : HikariPool-1 - Pool stats (total=10, active=0, idle=10, waiting=0)
2025-03-29T14:24:43.655+01:00 DEBUG 66871 --- [users-service] [HikariPool-1 housekeeper] com.zaxxer.hikari.pool.HikariPool        : HikariPool-1 - Fill pool skipped, pool has sufficient level or currently being filled.
2025-03-29T14:25:13.662+01:00 DEBUG 66871 --- [users-service] [HikariPool-1 housekeeper] com.zaxxer.hikari.pool.HikariPool        : HikariPool-1 - Pool stats (total=10, active=0, idle=10, waiting=0)
2025-03-29T14:25:13.665+01:00 DEBUG 66871 --- [users-service] [HikariPool-1 housekeeper] com.zaxxer.hikari.pool.HikariPool        : HikariPool-1 - Fill pool skipped, pool has sufficient level or currently being filled.
2025-03-29T14:25:43.670+01:00 DEBUG 66871 --- [users-service] [HikariPool-1 housekeeper] com.zaxxer.hikari.pool.HikariPool        : HikariPool-1 - Pool stats (total=10, active=0, idle=10, waiting=0)
2025-03-29T14:25:43.672+01:00 DEBUG 66871 --- [users-service] [HikariPool-1 housekeeper] com.zaxxer.hikari.pool.HikariPool        : HikariPool-1 - Fill pool skipped, pool has sufficient level or currently being filled.
2025-03-29T14:26:13.676+01:00 DEBUG 66871 --- [users-service] [HikariPool-1 housekeeper] com.zaxxer.hikari.pool.HikariPool        : HikariPool-1 - Pool stats (total=10, active=0, idle=10, waiting=0)
2025-03-29T14:26:13.677+01:00 DEBUG 66871 --- [users-service] [HikariPool-1 housekeeper] com.zaxxer.hikari.pool.HikariPool        : HikariPool-1 - Fill pool skipped, pool has sufficient level or currently being filled.
2025-03-29T14:26:43.681+01:00 DEBUG 66871 --- [users-service] [HikariPool-1 housekeeper] com.zaxxer.hikari.pool.HikariPool        : HikariPool-1 - Pool stats (total=10, active=0, idle=10, waiting=0)
2025-03-29T14:26:43.682+01:00 DEBUG 66871 --- [users-service] [HikariPool-1 housekeeper] com.zaxxer.hikari.pool.HikariPool        : HikariPool-1 - Fill pool skipped, pool has sufficient level or currently being filled.
2025-03-29T14:27:13.685+01:00 DEBUG 66871 --- [users-service] [HikariPool-1 housekeeper] com.zaxxer.hikari.pool.HikariPool        : HikariPool-1 - Pool stats (total=10, active=0, idle=10, waiting=0)
2025-03-29T14:27:13.687+01:00 DEBUG 66871 --- [users-service] [HikariPool-1 housekeeper] com.zaxxer.hikari.pool.HikariPool        : HikariPool-1 - Fill pool skipped, pool has sufficient level or currently being filled.
2025-03-29T14:27:43.693+01:00 DEBUG 66871 --- [users-service] [HikariPool-1 housekeeper] com.zaxxer.hikari.pool.HikariPool        : HikariPool-1 - Pool stats (total=10, active=0, idle=10, waiting=0)
2025-03-29T14:27:43.694+01:00 DEBUG 66871 --- [users-service] [HikariPool-1 housekeeper] com.zaxxer.hikari.pool.HikariPool        : HikariPool-1 - Fill pool skipped, pool has sufficient level or currently being filled.
2025-03-29T14:28:13.698+01:00 DEBUG 66871 --- [users-service] [HikariPool-1 housekeeper] com.zaxxer.hikari.pool.HikariPool        : HikariPool-1 - Pool stats (total=10, active=0, idle=10, waiting=0)
2025-03-29T14:28:13.699+01:00 DEBUG 66871 --- [users-service] [HikariPool-1 housekeeper] com.zaxxer.hikari.pool.HikariPool        : HikariPool-1 - Fill pool skipped, pool has sufficient level or currently being filled.
2025-03-29T14:28:43.702+01:00 DEBUG 66871 --- [users-service] [HikariPool-1 housekeeper] com.zaxxer.hikari.pool.HikariPool        : HikariPool-1 - Pool stats (total=10, active=0, idle=10, waiting=0)
2025-03-29T14:28:43.704+01:00 DEBUG 66871 --- [users-service] [HikariPool-1 housekeeper] com.zaxxer.hikari.pool.HikariPool        : HikariPool-1 - Fill pool skipped, pool has sufficient level or currently being filled.
2025-03-29T14:29:13.717+01:00 DEBUG 66871 --- [users-service] [HikariPool-1 housekeeper] com.zaxxer.hikari.pool.HikariPool        : HikariPool-1 - Pool stats (total=10, active=0, idle=10, waiting=0)
2025-03-29T14:29:13.720+01:00 DEBUG 66871 --- [users-service] [HikariPool-1 housekeeper] com.zaxxer.hikari.pool.HikariPool        : HikariPool-1 - Fill pool skipped, pool has sufficient level or currently being filled.
2025-03-29T14:29:43.726+01:00 DEBUG 66871 --- [users-service] [HikariPool-1 housekeeper] com.zaxxer.hikari.pool.HikariPool        : HikariPool-1 - Pool stats (total=10, active=0, idle=10, waiting=0)
2025-03-29T14:29:43.728+01:00 DEBUG 66871 --- [users-service] [HikariPool-1 housekeeper] com.zaxxer.hikari.pool.HikariPool        : HikariPool-1 - Fill pool skipped, pool has sufficient level or currently being filled.
2025-03-29T14:30:13.729+01:00 DEBUG 66871 --- [users-service] [HikariPool-1 housekeeper] com.zaxxer.hikari.pool.HikariPool        : HikariPool-1 - Pool stats (total=10, active=0, idle=10, waiting=0)
2025-03-29T14:30:13.730+01:00 DEBUG 66871 --- [users-service] [HikariPool-1 housekeeper] com.zaxxer.hikari.pool.HikariPool        : HikariPool-1 - Fill pool skipped, pool has sufficient level or currently being filled.
2025-03-29T14:30:43.735+01:00 DEBUG 66871 --- [users-service] [HikariPool-1 housekeeper] com.zaxxer.hikari.pool.HikariPool        : HikariPool-1 - Pool stats (total=10, active=0, idle=10, waiting=0)
2025-03-29T14:30:43.736+01:00 DEBUG 66871 --- [users-service] [HikariPool-1 housekeeper] com.zaxxer.hikari.pool.HikariPool        : HikariPool-1 - Fill pool skipped, pool has sufficient level or currently being filled.
2025-03-29T14:31:13.741+01:00 DEBUG 66871 --- [users-service] [HikariPool-1 housekeeper] com.zaxxer.hikari.pool.HikariPool        : HikariPool-1 - Pool stats (total=10, active=0, idle=10, waiting=0)
2025-03-29T14:31:13.743+01:00 DEBUG 66871 --- [users-service] [HikariPool-1 housekeeper] com.zaxxer.hikari.pool.HikariPool        : HikariPool-1 - Fill pool skipped, pool has sufficient level or currently being filled.
2025-03-29T14:31:43.747+01:00 DEBUG 66871 --- [users-service] [HikariPool-1 housekeeper] com.zaxxer.hikari.pool.HikariPool        : HikariPool-1 - Pool stats (total=10, active=0, idle=10, waiting=0)
2025-03-29T14:31:43.747+01:00 DEBUG 66871 --- [users-service] [HikariPool-1 housekeeper] com.zaxxer.hikari.pool.HikariPool        : HikariPool-1 - Fill pool skipped, pool has sufficient level or currently being filled.
2025-03-29T14:32:13.753+01:00 DEBUG 66871 --- [users-service] [HikariPool-1 housekeeper] com.zaxxer.hikari.pool.HikariPool        : HikariPool-1 - Pool stats (total=10, active=0, idle=10, waiting=0)
2025-03-29T14:32:13.754+01:00 DEBUG 66871 --- [users-service] [HikariPool-1 housekeeper] com.zaxxer.hikari.pool.HikariPool        : HikariPool-1 - Fill pool skipped, pool has sufficient level or currently being filled.
2025-03-29T14:32:43.758+01:00 DEBUG 66871 --- [users-service] [HikariPool-1 housekeeper] com.zaxxer.hikari.pool.HikariPool        : HikariPool-1 - Pool stats (total=10, active=0, idle=10, waiting=0)
2025-03-29T14:32:43.759+01:00 DEBUG 66871 --- [users-service] [HikariPool-1 housekeeper] com.zaxxer.hikari.pool.HikariPool        : HikariPool-1 - Fill pool skipped, pool has sufficient level or currently being filled.
2025-03-29T14:34:19.825+01:00  WARN 66871 --- [users-service] [HikariPool-1 housekeeper] com.zaxxer.hikari.pool.HikariPool        : HikariPool-1 - Thread starvation or clock leap detected (housekeeper delta=1m36s67ms).
2025-03-29T14:34:19.826+01:00 DEBUG 66871 --- [users-service] [HikariPool-1 housekeeper] com.zaxxer.hikari.pool.HikariPool        : HikariPool-1 - Pool stats (total=10, active=0, idle=10, waiting=0)
2025-03-29T14:34:19.827+01:00 DEBUG 66871 --- [users-service] [HikariPool-1 housekeeper] com.zaxxer.hikari.pool.HikariPool        : HikariPool-1 - Fill pool skipped, pool has sufficient level or currently being filled.
2025-03-29T14:34:49.831+01:00 DEBUG 66871 --- [users-service] [HikariPool-1 housekeeper] com.zaxxer.hikari.pool.HikariPool        : HikariPool-1 - Pool stats (total=10, active=0, idle=10, waiting=0)
2025-03-29T14:34:49.833+01:00 DEBUG 66871 --- [users-service] [HikariPool-1 housekeeper] com.zaxxer.hikari.pool.HikariPool        : HikariPool-1 - Fill pool skipped, pool has sufficient level or currently being filled.
2025-03-29T14:35:19.837+01:00 DEBUG 66871 --- [users-service] [HikariPool-1 housekeeper] com.zaxxer.hikari.pool.HikariPool        : HikariPool-1 - Pool stats (total=10, active=0, idle=10, waiting=0)
2025-03-29T14:35:19.839+01:00 DEBUG 66871 --- [users-service] [HikariPool-1 housekeeper] com.zaxxer.hikari.pool.HikariPool        : HikariPool-1 - Fill pool skipped, pool has sufficient level or currently being filled.
2025-03-29T14:35:49.844+01:00 DEBUG 66871 --- [users-service] [HikariPool-1 housekeeper] com.zaxxer.hikari.pool.HikariPool        : HikariPool-1 - Pool stats (total=10, active=0, idle=10, waiting=0)
2025-03-29T14:35:49.845+01:00 DEBUG 66871 --- [users-service] [HikariPool-1 housekeeper] com.zaxxer.hikari.pool.HikariPool        : HikariPool-1 - Fill pool skipped, pool has sufficient level or currently being filled.
2025-03-29T14:36:19.851+01:00 DEBUG 66871 --- [users-service] [HikariPool-1 housekeeper] com.zaxxer.hikari.pool.HikariPool        : HikariPool-1 - Pool stats (total=10, active=0, idle=10, waiting=0)
2025-03-29T14:36:19.854+01:00 DEBUG 66871 --- [users-service] [HikariPool-1 housekeeper] com.zaxxer.hikari.pool.HikariPool        : HikariPool-1 - Fill pool skipped, pool has sufficient level or currently being filled.
2025-03-29T14:36:49.856+01:00 DEBUG 66871 --- [users-service] [HikariPool-1 housekeeper] com.zaxxer.hikari.pool.HikariPool        : HikariPool-1 - Pool stats (total=10, active=0, idle=10, waiting=0)
2025-03-29T14:36:49.858+01:00 DEBUG 66871 --- [users-service] [HikariPool-1 housekeeper] com.zaxxer.hikari.pool.HikariPool        : HikariPool-1 - Fill pool skipped, pool has sufficient level or currently being filled.
2025-03-29T14:37:19.864+01:00 DEBUG 66871 --- [users-service] [HikariPool-1 housekeeper] com.zaxxer.hikari.pool.HikariPool        : HikariPool-1 - Pool stats (total=10, active=0, idle=10, waiting=0)
2025-03-29T14:37:19.866+01:00 DEBUG 66871 --- [users-service] [HikariPool-1 housekeeper] com.zaxxer.hikari.pool.HikariPool        : HikariPool-1 - Fill pool skipped, pool has sufficient level or currently being filled.
2025-03-29T14:37:48.696+01:00  INFO 66871 --- [users-service] [SpringApplicationShutdownHook] o.s.b.w.e.tomcat.GracefulShutdown        : Commencing graceful shutdown. Waiting for active requests to complete
2025-03-29T14:37:48.753+01:00  INFO 66871 --- [users-service] [tomcat-shutdown] o.s.b.w.e.tomcat.GracefulShutdown        : Graceful shutdown complete
2025-03-29T14:37:48.785+01:00  INFO 66871 --- [users-service] [SpringApplicationShutdownHook] o.a.k.clients.producer.KafkaProducer     : [Producer clientId=users-service-producer-1] Closing the Kafka producer with timeoutMillis = 30000 ms.
2025-03-29T14:37:48.805+01:00  INFO 66871 --- [users-service] [SpringApplicationShutdownHook] o.apache.kafka.common.metrics.Metrics    : Metrics scheduler closed
2025-03-29T14:37:48.805+01:00  INFO 66871 --- [users-service] [SpringApplicationShutdownHook] o.apache.kafka.common.metrics.Metrics    : Closing reporter org.apache.kafka.common.metrics.JmxReporter
2025-03-29T14:37:48.805+01:00  INFO 66871 --- [users-service] [SpringApplicationShutdownHook] o.apache.kafka.common.metrics.Metrics    : Closing reporter org.apache.kafka.common.telemetry.internals.ClientTelemetryReporter
2025-03-29T14:37:48.805+01:00  INFO 66871 --- [users-service] [SpringApplicationShutdownHook] o.apache.kafka.common.metrics.Metrics    : Metrics reporters closed
2025-03-29T14:37:48.806+01:00  INFO 66871 --- [users-service] [SpringApplicationShutdownHook] o.a.kafka.common.utils.AppInfoParser     : App info kafka.producer for users-service-producer-1 unregistered
2025-03-29T14:37:48.863+01:00  WARN 66871 --- [users-service] [SpringApplicationShutdownHook] o.s.b.f.support.DisposableBeanAdapter    : Invocation of destroy method failed on bean with name 'inMemoryDatabaseShutdownExecutor': org.h2.jdbc.JdbcSQLNonTransientConnectionException: Database is already closed (to disable automatic closing at VM shutdown, add ";DB_CLOSE_ON_EXIT=FALSE" to the db URL) [90121-232]
2025-03-29T14:37:48.952+01:00  INFO 66871 --- [users-service] [SpringApplicationShutdownHook] com.zaxxer.hikari.HikariDataSource       : HikariPool-1 - Shutdown initiated...
2025-03-29T14:37:48.952+01:00 DEBUG 66871 --- [users-service] [SpringApplicationShutdownHook] com.zaxxer.hikari.pool.HikariPool        : HikariPool-1 - Before shutdown stats (total=10, active=0, idle=10, waiting=0)
2025-03-29T14:37:48.954+01:00 DEBUG 66871 --- [users-service] [HikariPool-1 connection closer] com.zaxxer.hikari.pool.PoolBase          : HikariPool-1 - Closing connection conn50: url=jdbc:h2:mem:mydb user=SA: (connection evicted)
2025-03-29T14:37:48.954+01:00 DEBUG 66871 --- [users-service] [HikariPool-1 connection closer] com.zaxxer.hikari.pool.PoolBase          : HikariPool-1 - Closing connection conn51: url=jdbc:h2:mem:mydb user=SA: (connection evicted)
2025-03-29T14:37:48.955+01:00 DEBUG 66871 --- [users-service] [HikariPool-1 connection closer] com.zaxxer.hikari.pool.PoolBase          : HikariPool-1 - Closing connection conn52: url=jdbc:h2:mem:mydb user=SA: (connection evicted)
2025-03-29T14:37:48.955+01:00 DEBUG 66871 --- [users-service] [HikariPool-1 connection closer] com.zaxxer.hikari.pool.PoolBase          : HikariPool-1 - Closing connection conn53: url=jdbc:h2:mem:mydb user=SA: (connection evicted)
2025-03-29T14:37:48.955+01:00 DEBUG 66871 --- [users-service] [HikariPool-1 connection closer] com.zaxxer.hikari.pool.PoolBase          : HikariPool-1 - Closing connection conn54: url=jdbc:h2:mem:mydb user=SA: (connection evicted)
2025-03-29T14:37:48.955+01:00 DEBUG 66871 --- [users-service] [HikariPool-1 connection closer] com.zaxxer.hikari.pool.PoolBase          : HikariPool-1 - Closing connection conn55: url=jdbc:h2:mem:mydb user=SA: (connection evicted)
2025-03-29T14:37:48.955+01:00 DEBUG 66871 --- [users-service] [HikariPool-1 connection closer] com.zaxxer.hikari.pool.PoolBase          : HikariPool-1 - Closing connection conn56: url=jdbc:h2:mem:mydb user=SA: (connection evicted)
2025-03-29T14:37:48.955+01:00 DEBUG 66871 --- [users-service] [HikariPool-1 connection closer] com.zaxxer.hikari.pool.PoolBase          : HikariPool-1 - Closing connection conn57: url=jdbc:h2:mem:mydb user=SA: (connection evicted)
2025-03-29T14:37:48.955+01:00 DEBUG 66871 --- [users-service] [HikariPool-1 connection closer] com.zaxxer.hikari.pool.PoolBase          : HikariPool-1 - Closing connection conn58: url=jdbc:h2:mem:mydb user=SA: (connection evicted)
2025-03-29T14:37:48.955+01:00 DEBUG 66871 --- [users-service] [HikariPool-1 connection closer] com.zaxxer.hikari.pool.PoolBase          : HikariPool-1 - Closing connection conn59: url=jdbc:h2:mem:mydb user=SA: (connection evicted)
2025-03-29T14:37:48.955+01:00 DEBUG 66871 --- [users-service] [SpringApplicationShutdownHook] com.zaxxer.hikari.pool.HikariPool        : HikariPool-1 - After shutdown stats (total=0, active=0, idle=0, waiting=0)
2025-03-29T14:37:48.955+01:00  INFO 66871 --- [users-service] [SpringApplicationShutdownHook] com.zaxxer.hikari.HikariDataSource       : HikariPool-1 - Shutdown completed.
